run_accession	experiment_title	sample_accession	project_name	submission_accession	library_min_fragment_size	bam_md5	assembly_software	library_prep_longitude	library_selection	pcr_isolation_protocol	chip_protocol	sequencing_primer_provider	serotype	environment_feature	last_updated	submitted_galaxy	extraction_protocol	germline	secondary_project	culture_collection	submission_tool	sra_bytes	read_strand	rna_purity_280_ratio	hi_c_protocol	collected_by	submitted_ftp	restriction_enzyme_target_sequence	isolate	fastq_bytes	instrument_platform	variety	sequencing_date_format	temperature	sra_aspera	ecotype	submitted_aspera	sampling_campaign	bam_ftp	tissue_lib	environmental_sample	control_experiment	sex	submitted_md5	checklist	fastq_galaxy	library_gen_protocol	specimen_voucher	library_prep_latitude	submitted_bytes	taxonomic_identity_marker	run_date	country	ncbi_reporting_standard	sample_description	sra_galaxy	sample_prep_interval	fastq_md5	secondary_study_accession	experimental_protocol	read_count	study_title	bio_material	rna_prep_5_protocol	host_body_site	local_environmental_context	assembly_quality	collection_date_end	sample_capture_status	sample_title	host_genotype	host_phenotype	environmental_medium	cultivar	instrument_model	faang_library_selection	target_gene	bam_bytes	library_max_fragment_size	experiment_target	sequencing_date	description	nominal_sdev	chip_ab_provider	environment_material	host_tax_id	sample_material	sample_storage_processing	sra_md5	cell_type	fastq_ftp	disease	sample_prep_interval_units	broker_name	sub_strain	base_count	library_strategy	restriction_site	serovar	investigation_type	location	library_source	sra_ftp	age	library_layout	experimental_factor	sequencing_primer_catalog	environment_biome	rna_purity_230_ratio	dnase_protocol	dev_stage	library_prep_date_format	bam_aspera	binning_software	datahub	rna_integrity_num	library_prep_date	location_start	marine_region	aligned	file_location	sample_collection	chip_target	nominal_length	broad_scale_environmental_context	sequencing_location	status	completeness_score	lon	fastq_aspera	tax_lineage	host_sex	library_pcr_isolation_protocol	sample_alias	mating_type	collection_date_start	sub_species	contamination_score	run_alias	restriction_enzyme	depth	submitted_read_type	library_construction_protocol	host_growth_conditions	collection_date	experiment_alias	host_gravidity	center_name	identified_by	cell_line	sampling_site	host	library_name	tag	first_created	lat	strain	experiment_accession	scientific_name	host_status	tax_id	study_accession	submitted_format	submitted_host_sex	surveillance_target	bisulfite_protocol	altitude	rt_prep_protocol	host_scientific_name	bam_galaxy	accession	secondary_sample_accession	sample_storage	cage_protocol	sampling_platform	taxonomic_classification	location_end	protocol_label	elevation	salinity	sequencing_method	sequencing_primer_lot	first_public	transposase_protocol	study_alias	library_prep_location	rna_prep_3_protocol	ph	sequencing_longitude	tissue_type	isolation_source
SRR31969808	Illumina MiSeq sequencing: AmpSeq of Staphylococcus aureus pooled colonies from human nasal samples	SAMN46224567	NA	SRA2049563	NA	NA	NA	NA	PCR	NA	NA	NA	NA	NA	2025-01-14	NA	NA	NA	NA	NA	NA	14752719	NA	NA	NA	NA	NA	NA	2b2068n1	5575312;7382597	ILLUMINA	NA	NA	NA	fasp.sra.ebi.ac.uk:/vol1/srr/SRR319/008/SRR31969808/SRR31969808	NA	NA	NA	NA	NA	NA	NA	NA	NA	NA	ftp.sra.ebi.ac.uk/vol1/fastq/SRR319/008/SRR31969808/SRR31969808_1.fastq.gz;ftp.sra.ebi.ac.uk/vol1/fastq/SRR319/008/SRR31969808/SRR31969808_2.fastq.gz	NA	NA	NA	NA	NA	NA	USA: Arizona	Microbe, viral or environmental	Pooled colonies from nasal sample swab from person 2b2068n1	ftp.sra.ebi.ac.uk/vol1/srr/SRR319/008/SRR31969808/SRR31969808	NA	4d6b5e1cf4ec5b5bec14481f7a4de1be;1f4d4ee3bea198234a28289ae02a0bb2	SRP556785	NA	52082	Parallel whole genome sequencing and amplicon sequencing of Staphylococcus aureus pooled colonies	NA	NA	NA	NA	NA	2019-12-31	NA	Pooled colonies from nasal sample swab from person 2b2068n1	NA	NA	NA	NA	Illumina MiSeq	NA	NA	NA	NA	NA	NA	Illumina MiSeq sequencing: AmpSeq of Staphylococcus aureus pooled colonies from human nasal samples	NA	NA	NA	9606	NA	NA	bf51f2486fd9fed8ee32b7e6b9e7dd7e	NA	ftp.sra.ebi.ac.uk/vol1/fastq/SRR319/008/SRR31969808/SRR31969808_1.fastq.gz;ftp.sra.ebi.ac.uk/vol1/fastq/SRR319/008/SRR31969808/SRR31969808_2.fastq.gz	NA	NA	NA	NA	26145164	AMPLICON	NA	NA	NA	NA	GENOMIC	ftp.sra.ebi.ac.uk/vol1/srr/SRR319/008/SRR31969808/SRR31969808	NA	PAIRED	NA	NA	NA	NA	NA	NA	NA	NA	NA	dcc_compare	NA	NA	NA	NA	NA	NA	NA	NA	NA	NA	NA	public	NA	NA	fasp.sra.ebi.ac.uk:/vol1/fastq/SRR319/008/SRR31969808/SRR31969808_1.fastq.gz;fasp.sra.ebi.ac.uk:/vol1/fastq/SRR319/008/SRR31969808/SRR31969808_2.fastq.gz	1;131567;2;1783272;1239;91061;1385;90964;1279;1280	NA	NA	2b2068n1	NA	2019-01-01	NA	NA	1-T0_S1_L001_R1_001.fastq.gz	NA	NA	NA	NA	NA	2019	2b2068n1-AMP-Pop-Rep2	NA	SUB15004279	NA	NA	NA	Homo sapiens	2b2068n1-AMP-Pop-Rep2	pathogen;pathogen:priority;pathogen:bacterium	2025-01-14	NA	NA	SRX27325162	Staphylococcus aureus	NA	1280	PRJNA1209594	NA	NA	NA	NA	NA	NA	Homo sapiens	NA	SRR31969808	SRS23764629	NA	NA	NA	NA	NA	NA	NA	NA	NA	NA	2025-01-14	NA	PRJNA1209594	NA	NA	NA	NA	NA	nares
SRR31969809	Illumina MiSeq sequencing: AmpSeq of Staphylococcus aureus pooled colonies from human nasal samples	SAMN46224567	NA	SRA2049563	NA	NA	NA	NA	PCR	NA	NA	NA	NA	NA	2025-01-14	NA	NA	NA	NA	NA	NA	13205861	NA	NA	NA	NA	NA	NA	2b2068n1	4892055;6754575	ILLUMINA	NA	NA	NA	fasp.sra.ebi.ac.uk:/vol1/srr/SRR319/009/SRR31969809/SRR31969809	NA	NA	NA	NA	NA	NA	NA	NA	NA	NA	ftp.sra.ebi.ac.uk/vol1/fastq/SRR319/009/SRR31969809/SRR31969809_1.fastq.gz;ftp.sra.ebi.ac.uk/vol1/fastq/SRR319/009/SRR31969809/SRR31969809_2.fastq.gz	NA	NA	NA	NA	NA	NA	USA: Arizona	Microbe, viral or environmental	Pooled colonies from nasal sample swab from person 2b2068n1	ftp.sra.ebi.ac.uk/vol1/srr/SRR319/009/SRR31969809/SRR31969809	NA	060ca657ec8c88caa1557f6d2e0a6830;8a95fc25a7f8f44e166bec623472739b	SRP556785	NA	45686	Parallel whole genome sequencing and amplicon sequencing of Staphylococcus aureus pooled colonies	NA	NA	NA	NA	NA	2019-12-31	NA	Pooled colonies from nasal sample swab from person 2b2068n1	NA	NA	NA	NA	Illumina MiSeq	NA	NA	NA	NA	NA	NA	Illumina MiSeq sequencing: AmpSeq of Staphylococcus aureus pooled colonies from human nasal samples	NA	NA	NA	9606	NA	NA	ca250062c6af4e70c79f8b365053a42d	NA	ftp.sra.ebi.ac.uk/vol1/fastq/SRR319/009/SRR31969809/SRR31969809_1.fastq.gz;ftp.sra.ebi.ac.uk/vol1/fastq/SRR319/009/SRR31969809/SRR31969809_2.fastq.gz	NA	NA	NA	NA	22934372	AMPLICON	NA	NA	NA	NA	GENOMIC	ftp.sra.ebi.ac.uk/vol1/srr/SRR319/009/SRR31969809/SRR31969809	NA	PAIRED	NA	NA	NA	NA	NA	NA	NA	NA	NA	dcc_compare	NA	NA	NA	NA	NA	NA	NA	NA	NA	NA	NA	public	NA	NA	fasp.sra.ebi.ac.uk:/vol1/fastq/SRR319/009/SRR31969809/SRR31969809_1.fastq.gz;fasp.sra.ebi.ac.uk:/vol1/fastq/SRR319/009/SRR31969809/SRR31969809_2.fastq.gz	1;131567;2;1783272;1239;91061;1385;90964;1279;1280	NA	NA	2b2068n1	NA	2019-01-01	NA	NA	1-RepeatT0_S2_L001_R1_001.fastq.gz	NA	NA	NA	NA	NA	2019	2b2068n1-AMP-Pop-Rep3	NA	SUB15004279	NA	NA	NA	Homo sapiens	2b2068n1-AMP-Pop-Rep3	pathogen;pathogen:priority;pathogen:bacterium	2025-01-14	NA	NA	SRX27325161	Staphylococcus aureus	NA	1280	PRJNA1209594	NA	NA	NA	NA	NA	NA	Homo sapiens	NA	SRR31969809	SRS23764629	NA	NA	NA	NA	NA	NA	NA	NA	NA	NA	2025-01-14	NA	PRJNA1209594	NA	NA	NA	NA	NA	nares
SRR31969810	Illumina MiSeq sequencing: AmpSeq of Staphylococcus aureus pooled colonies from human nasal samples	SAMN46224566	NA	SRA2049563	NA	NA	NA	NA	PCR	NA	NA	NA	NA	NA	2025-01-14	NA	NA	NA	NA	NA	NA	6746296	NA	NA	NA	NA	NA	NA	2a4023n1	2444563;3449251	ILLUMINA	NA	NA	NA	fasp.sra.ebi.ac.uk:/vol1/srr/SRR319/010/SRR31969810/SRR31969810	NA	NA	NA	NA	NA	NA	NA	NA	NA	NA	ftp.sra.ebi.ac.uk/vol1/fastq/SRR319/010/SRR31969810/SRR31969810_1.fastq.gz;ftp.sra.ebi.ac.uk/vol1/fastq/SRR319/010/SRR31969810/SRR31969810_2.fastq.gz	NA	NA	NA	NA	NA	NA	USA: Arizona	Microbe, viral or environmental	Pooled colonies from nasal sample swab from person 2a4023n1	ftp.sra.ebi.ac.uk/vol1/srr/SRR319/010/SRR31969810/SRR31969810	NA	fc781cb92d2af197a57a6dc2cb9fffa8;a742501c26c33af0ebe5ea9de9a9f0a9	SRP556785	NA	23624	Parallel whole genome sequencing and amplicon sequencing of Staphylococcus aureus pooled colonies	NA	NA	NA	NA	NA	2019-12-31	NA	Pooled colonies from nasal sample swab from person 2a4023n1	NA	NA	NA	NA	Illumina MiSeq	NA	NA	NA	NA	NA	NA	Illumina MiSeq sequencing: AmpSeq of Staphylococcus aureus pooled colonies from human nasal samples	NA	NA	NA	9606	NA	NA	80197173b011a30b87d5e02b87719ab7	NA	ftp.sra.ebi.ac.uk/vol1/fastq/SRR319/010/SRR31969810/SRR31969810_1.fastq.gz;ftp.sra.ebi.ac.uk/vol1/fastq/SRR319/010/SRR31969810/SRR31969810_2.fastq.gz	NA	NA	NA	NA	11859248	AMPLICON	NA	NA	NA	NA	GENOMIC	ftp.sra.ebi.ac.uk/vol1/srr/SRR319/010/SRR31969810/SRR31969810	NA	PAIRED	NA	NA	NA	NA	NA	NA	NA	NA	NA	dcc_compare	NA	NA	NA	NA	NA	NA	NA	NA	NA	NA	NA	public	NA	NA	fasp.sra.ebi.ac.uk:/vol1/fastq/SRR319/010/SRR31969810/SRR31969810_1.fastq.gz;fasp.sra.ebi.ac.uk:/vol1/fastq/SRR319/010/SRR31969810/SRR31969810_2.fastq.gz	1;131567;2;1783272;1239;91061;1385;90964;1279;1280	NA	NA	2a4023n1	NA	2019-01-01	NA	NA	17-T0_S30_L001_R1_001.fastq.gz	NA	NA	NA	NA	NA	2019	2a4023n1-AMP-Pop-Rep1	NA	SUB15004279	NA	NA	NA	Homo sapiens	2a4023n1-AMP-Pop-Rep1	pathogen;pathogen:priority;pathogen:bacterium	2025-01-14	NA	NA	SRX27325160	Staphylococcus aureus	NA	1280	PRJNA1209594	NA	NA	NA	NA	NA	NA	Homo sapiens	NA	SRR31969810	SRS23764627	NA	NA	NA	NA	NA	NA	NA	NA	NA	NA	2025-01-14	NA	PRJNA1209594	NA	NA	NA	NA	NA	nares
SRR31969817	NextSeq 500 sequencing: WGS of Staphylococcus aureus Colony from human nasal samples	SAMN46224576	NA	SRA2049563	NA	NA	NA	NA	size fractionation	NA	NA	NA	NA	NA	2025-01-14	NA	NA	NA	NA	NA	NA	172867459	NA	NA	NA	NA	NA	NA	2b4022n1	256447725	ILLUMINA	NA	NA	NA	fasp.sra.ebi.ac.uk:/vol1/srr/SRR319/017/SRR31969817/SRR31969817	NA	NA	NA	NA	NA	NA	NA	NA	NA	NA	ftp.sra.ebi.ac.uk/vol1/fastq/SRR319/017/SRR31969817/SRR31969817.fastq.gz	NA	NA	NA	NA	NA	NA	USA: Arizona	Microbe, viral or environmental	Pooled colonies from nasal sample swab from person 2b4022n1	ftp.sra.ebi.ac.uk/vol1/srr/SRR319/017/SRR31969817/SRR31969817	NA	a60f503ba5e12350f0b4a0be56faad29	SRP556785	NA	4721229	Parallel whole genome sequencing and amplicon sequencing of Staphylococcus aureus pooled colonies	NA	NA	NA	NA	NA	2019-12-31	NA	Pooled colonies from nasal sample swab from person 2b4022n1	NA	NA	NA	NA	NextSeq 500	NA	NA	NA	NA	NA	NA	NextSeq 500 sequencing: WGS of Staphylococcus aureus Colony from human nasal samples	NA	NA	NA	9606	NA	NA	c39c93f62c7073288fba479bb323eaee	NA	ftp.sra.ebi.ac.uk/vol1/fastq/SRR319/017/SRR31969817/SRR31969817.fastq.gz	NA	NA	NA	NA	354092175	WGS	NA	NA	NA	NA	GENOMIC	ftp.sra.ebi.ac.uk/vol1/srr/SRR319/017/SRR31969817/SRR31969817	NA	SINGLE	NA	NA	NA	NA	NA	NA	NA	NA	NA	dcc_compare	NA	NA	NA	NA	NA	NA	NA	NA	NA	NA	NA	public	NA	NA	fasp.sra.ebi.ac.uk:/vol1/fastq/SRR319/017/SRR31969817/SRR31969817.fastq.gz	1;131567;2;1783272;1239;91061;1385;90964;1279;1280	NA	NA	2b4022n1	NA	2019-01-01	NA	NA	SA-2b4022n1-xx-xx-USA-2018-099-TP_S104_L001_R1_001.fastq.gz	NA	NA	NA	NA	NA	2019	2b4022n1-WGS-Colony-Rep1	NA	SUB15004279	NA	NA	NA	Homo sapiens	2b4022n1-WGS-Colony-Rep1	pathogen;pathogen:priority;pathogen:bacterium	2025-01-14	NA	NA	SRX27325153	Staphylococcus aureus	NA	1280	PRJNA1209594	NA	NA	NA	NA	NA	NA	Homo sapiens	NA	SRR31969817	SRS23764631	NA	NA	NA	NA	NA	NA	NA	NA	NA	NA	2025-01-14	NA	PRJNA1209594	NA	NA	NA	NA	NA	nares
SRR31969820	NextSeq 500 sequencing: WGS of Staphylococcus aureus pooled colonies from human nasal samples	SAMN46224576	NA	SRA2049563	NA	NA	NA	NA	size fractionation	NA	NA	NA	NA	NA	2025-01-14	NA	NA	NA	NA	NA	NA	61325742	NA	NA	NA	NA	NA	NA	2b4022n1	86942881	ILLUMINA	NA	NA	NA	fasp.sra.ebi.ac.uk:/vol1/srr/SRR319/020/SRR31969820/SRR31969820	NA	NA	NA	NA	NA	NA	NA	NA	NA	NA	ftp.sra.ebi.ac.uk/vol1/fastq/SRR319/020/SRR31969820/SRR31969820.fastq.gz	NA	NA	NA	NA	NA	NA	USA: Arizona	Microbe, viral or environmental	Pooled colonies from nasal sample swab from person 2b4022n1	ftp.sra.ebi.ac.uk/vol1/srr/SRR319/020/SRR31969820/SRR31969820	NA	b9a99b04a2ba883a045589bf218f1a9e	SRP556785	NA	969619	Parallel whole genome sequencing and amplicon sequencing of Staphylococcus aureus pooled colonies	NA	NA	NA	NA	NA	2019-12-31	NA	Pooled colonies from nasal sample swab from person 2b4022n1	NA	NA	NA	NA	NextSeq 500	NA	NA	NA	NA	NA	NA	NextSeq 500 sequencing: WGS of Staphylococcus aureus pooled colonies from human nasal samples	NA	NA	NA	9606	NA	NA	6b70e3416244f32700aab85f9564fae7	NA	ftp.sra.ebi.ac.uk/vol1/fastq/SRR319/020/SRR31969820/SRR31969820.fastq.gz	NA	NA	NA	NA	146412469	WGS	NA	NA	NA	NA	GENOMIC	ftp.sra.ebi.ac.uk/vol1/srr/SRR319/020/SRR31969820/SRR31969820	NA	SINGLE	NA	NA	NA	NA	NA	NA	NA	NA	NA	dcc_compare	NA	NA	NA	NA	NA	NA	NA	NA	NA	NA	NA	public	NA	NA	fasp.sra.ebi.ac.uk:/vol1/fastq/SRR319/020/SRR31969820/SRR31969820.fastq.gz	1;131567;2;1783272;1239;91061;1385;90964;1279;1280	NA	NA	2b4022n1	NA	2019-01-01	NA	NA	SA-2b4022n1-PopSample205-IS-xxx-2019-099-TP_S195_L001_R1_001.fastq.gz	NA	NA	NA	NA	NA	2019	2b4022n1-WGS-Pop-Rep1	NA	SUB15004279	NA	NA	NA	Homo sapiens	2b4022n1-WGS-Pop-Rep1	pathogen;pathogen:priority;pathogen:bacterium	2025-01-14	NA	NA	SRX27325150	Staphylococcus aureus	NA	1280	PRJNA1209594	NA	NA	NA	NA	NA	NA	Homo sapiens	NA	SRR31969820	SRS23764631	NA	NA	NA	NA	NA	NA	NA	NA	NA	NA	2025-01-14	NA	PRJNA1209594	NA	NA	NA	NA	NA	nares
SRR31969822	Illumina MiSeq sequencing: AmpSeq of Staphylococcus aureus pooled colonies from human nasal samples	SAMN46224575	NA	SRA2049563	NA	NA	NA	NA	PCR	NA	NA	NA	NA	NA	2025-01-14	NA	NA	NA	NA	NA	NA	4000836	NA	NA	NA	NA	NA	NA	2b3034n1	1483846;1607104	ILLUMINA	NA	NA	NA	fasp.sra.ebi.ac.uk:/vol1/srr/SRR319/022/SRR31969822/SRR31969822	NA	NA	NA	NA	NA	NA	NA	NA	NA	NA	ftp.sra.ebi.ac.uk/vol1/fastq/SRR319/022/SRR31969822/SRR31969822_1.fastq.gz;ftp.sra.ebi.ac.uk/vol1/fastq/SRR319/022/SRR31969822/SRR31969822_2.fastq.gz	NA	NA	NA	NA	NA	NA	USA: Arizona	Microbe, viral or environmental	Pooled colonies from nasal sample swab from person 2b3034n1	ftp.sra.ebi.ac.uk/vol1/srr/SRR319/022/SRR31969822/SRR31969822	NA	ae5cee2180f1b9eeef5e151a85a0042e;d7c6b773ff6f344796990b7b18ad134a	SRP556785	NA	28376	Parallel whole genome sequencing and amplicon sequencing of Staphylococcus aureus pooled colonies	NA	NA	NA	NA	NA	2019-12-31	NA	Pooled colonies from nasal sample swab from person 2b3034n1	NA	NA	NA	NA	Illumina MiSeq	NA	NA	NA	NA	NA	NA	Illumina MiSeq sequencing: AmpSeq of Staphylococcus aureus pooled colonies from human nasal samples	NA	NA	NA	9606	NA	NA	a28396e2fe5ae3993a03e101f5fa0175	NA	ftp.sra.ebi.ac.uk/vol1/fastq/SRR319/022/SRR31969822/SRR31969822_1.fastq.gz;ftp.sra.ebi.ac.uk/vol1/fastq/SRR319/022/SRR31969822/SRR31969822_2.fastq.gz	NA	NA	NA	NA	8569552	AMPLICON	NA	NA	NA	NA	GENOMIC	ftp.sra.ebi.ac.uk/vol1/srr/SRR319/022/SRR31969822/SRR31969822	NA	PAIRED	NA	NA	NA	NA	NA	NA	NA	NA	NA	dcc_compare	NA	NA	NA	NA	NA	NA	NA	NA	NA	NA	NA	public	NA	NA	fasp.sra.ebi.ac.uk:/vol1/fastq/SRR319/022/SRR31969822/SRR31969822_1.fastq.gz;fasp.sra.ebi.ac.uk:/vol1/fastq/SRR319/022/SRR31969822/SRR31969822_2.fastq.gz	1;131567;2;1783272;1239;91061;1385;90964;1279;1280	NA	NA	2b3034n1	NA	2019-01-01	NA	NA	SA-2b3034n1poptrans-xx-xx-xxx-xxxx-099-TP_S5_L001_R1_001.fastq.gz	NA	NA	NA	NA	NA	2019	2b3034n1-AMP-Pop-Rep1	NA	SUB15004279	NA	NA	NA	Homo sapiens	2b3034n1-AMP-Pop-Rep1	pathogen;pathogen:priority;pathogen:bacterium	2025-01-14	NA	NA	SRX27325148	Staphylococcus aureus	NA	1280	PRJNA1209594	NA	NA	NA	NA	NA	NA	Homo sapiens	NA	SRR31969822	SRS23764630	NA	NA	NA	NA	NA	NA	NA	NA	NA	NA	2025-01-14	NA	PRJNA1209594	NA	NA	NA	NA	NA	nares
SRR31969824	NextSeq 500 sequencing: WGS of Staphylococcus aureus Colony from human nasal samples	SAMN46224567	NA	SRA2049563	NA	NA	NA	NA	size fractionation	NA	NA	NA	NA	NA	2025-01-14	NA	NA	NA	NA	NA	NA	180746224	NA	NA	NA	NA	NA	NA	2b2068n1	273438845	ILLUMINA	NA	NA	NA	fasp.sra.ebi.ac.uk:/vol1/srr/SRR319/024/SRR31969824/SRR31969824	NA	NA	NA	NA	NA	NA	NA	NA	NA	NA	ftp.sra.ebi.ac.uk/vol1/fastq/SRR319/024/SRR31969824/SRR31969824.fastq.gz	NA	NA	NA	NA	NA	NA	USA: Arizona	Microbe, viral or environmental	Pooled colonies from nasal sample swab from person 2b2068n1	ftp.sra.ebi.ac.uk/vol1/srr/SRR319/024/SRR31969824/SRR31969824	NA	6a97eaf4e1395f5f05822a11bcd52966	SRP556785	NA	5163635	Parallel whole genome sequencing and amplicon sequencing of Staphylococcus aureus pooled colonies	NA	NA	NA	NA	NA	2019-12-31	NA	Pooled colonies from nasal sample swab from person 2b2068n1	NA	NA	NA	NA	NextSeq 500	NA	NA	NA	NA	NA	NA	NextSeq 500 sequencing: WGS of Staphylococcus aureus Colony from human nasal samples	NA	NA	NA	9606	NA	NA	021b0109f0de0a7e4b4d25a477201210	NA	ftp.sra.ebi.ac.uk/vol1/fastq/SRR319/024/SRR31969824/SRR31969824.fastq.gz	NA	NA	NA	NA	387272625	WGS	NA	NA	NA	NA	GENOMIC	ftp.sra.ebi.ac.uk/vol1/srr/SRR319/024/SRR31969824/SRR31969824	NA	SINGLE	NA	NA	NA	NA	NA	NA	NA	NA	NA	dcc_compare	NA	NA	NA	NA	NA	NA	NA	NA	NA	NA	NA	public	NA	NA	fasp.sra.ebi.ac.uk:/vol1/fastq/SRR319/024/SRR31969824/SRR31969824.fastq.gz	1;131567;2;1783272;1239;91061;1385;90964;1279;1280	NA	NA	2b2068n1	NA	2019-01-01	NA	NA	SA-2b2068n1-xx-xx-USA-2018-099-TP_S93_L001_R1_001.fastq.gz	NA	NA	NA	NA	NA	2019	2b2068n1-WGS-Colony-Rep1	NA	SUB15004279	NA	NA	NA	Homo sapiens	2b2068n1-WGS-Colony-Rep1	pathogen;pathogen:priority;pathogen:bacterium	2025-01-14	NA	NA	SRX27325146	Staphylococcus aureus	NA	1280	PRJNA1209594	NA	NA	NA	NA	NA	NA	Homo sapiens	NA	SRR31969824	SRS23764629	NA	NA	NA	NA	NA	NA	NA	NA	NA	NA	2025-01-14	NA	PRJNA1209594	NA	NA	NA	NA	NA	nares
SRR31969825	Illumina MiSeq sequencing: AmpSeq of Staphylococcus aureus pooled colonies from human nasal samples	SAMN46224567	NA	SRA2049563	NA	NA	NA	NA	PCR	NA	NA	NA	NA	NA	2025-01-14	NA	NA	NA	NA	NA	NA	1661381	NA	NA	NA	NA	NA	NA	2b2068n1	570417;605928	ILLUMINA	NA	NA	NA	fasp.sra.ebi.ac.uk:/vol1/srr/SRR319/025/SRR31969825/SRR31969825	NA	NA	NA	NA	NA	NA	NA	NA	NA	NA	ftp.sra.ebi.ac.uk/vol1/fastq/SRR319/025/SRR31969825/SRR31969825_1.fastq.gz;ftp.sra.ebi.ac.uk/vol1/fastq/SRR319/025/SRR31969825/SRR31969825_2.fastq.gz	NA	NA	NA	NA	NA	NA	USA: Arizona	Microbe, viral or environmental	Pooled colonies from nasal sample swab from person 2b2068n1	ftp.sra.ebi.ac.uk/vol1/srr/SRR319/025/SRR31969825/SRR31969825	NA	64937e09cd8fa3725a98a59f7ad01608;a6d4d60ec7103d1cc22fcf17da73c9a7	SRP556785	NA	10992	Parallel whole genome sequencing and amplicon sequencing of Staphylococcus aureus pooled colonies	NA	NA	NA	NA	NA	2019-12-31	NA	Pooled colonies from nasal sample swab from person 2b2068n1	NA	NA	NA	NA	Illumina MiSeq	NA	NA	NA	NA	NA	NA	Illumina MiSeq sequencing: AmpSeq of Staphylococcus aureus pooled colonies from human nasal samples	NA	NA	NA	9606	NA	NA	df8e714b8f420e083a27f43e6829b577	NA	ftp.sra.ebi.ac.uk/vol1/fastq/SRR319/025/SRR31969825/SRR31969825_1.fastq.gz;ftp.sra.ebi.ac.uk/vol1/fastq/SRR319/025/SRR31969825/SRR31969825_2.fastq.gz	NA	NA	NA	NA	3319584	AMPLICON	NA	NA	NA	NA	GENOMIC	ftp.sra.ebi.ac.uk/vol1/srr/SRR319/025/SRR31969825/SRR31969825	NA	PAIRED	NA	NA	NA	NA	NA	NA	NA	NA	NA	dcc_compare	NA	NA	NA	NA	NA	NA	NA	NA	NA	NA	NA	public	NA	NA	fasp.sra.ebi.ac.uk:/vol1/fastq/SRR319/025/SRR31969825/SRR31969825_1.fastq.gz;fasp.sra.ebi.ac.uk:/vol1/fastq/SRR319/025/SRR31969825/SRR31969825_2.fastq.gz	1;131567;2;1783272;1239;91061;1385;90964;1279;1280	NA	NA	2b2068n1	NA	2019-01-01	NA	NA	SA-2b2068n1poptrans-xx-xx-xxx-xxxx-099-TP_S26_L001_R1_001.fastq.gz	NA	NA	NA	NA	NA	2019	2b2068n1-AMP-Pop-Rep1	NA	SUB15004279	NA	NA	NA	Homo sapiens	2b2068n1-AMP-Pop-Rep1	pathogen;pathogen:priority;pathogen:bacterium	2025-01-14	NA	NA	SRX27325145	Staphylococcus aureus	NA	1280	PRJNA1209594	NA	NA	NA	NA	NA	NA	Homo sapiens	NA	SRR31969825	SRS23764629	NA	NA	NA	NA	NA	NA	NA	NA	NA	NA	2025-01-14	NA	PRJNA1209594	NA	NA	NA	NA	NA	nares
SRR31969826	NextSeq 500 sequencing: WGS of Staphylococcus aureus pooled colonies from human nasal samples	SAMN46224567	NA	SRA2049563	NA	NA	NA	NA	size fractionation	NA	NA	NA	NA	NA	2025-01-14	NA	NA	NA	NA	NA	NA	67410607	NA	NA	NA	NA	NA	NA	2b2068n1	95639971	ILLUMINA	NA	NA	NA	fasp.sra.ebi.ac.uk:/vol1/srr/SRR319/026/SRR31969826/SRR31969826	NA	NA	NA	NA	NA	NA	NA	NA	NA	NA	ftp.sra.ebi.ac.uk/vol1/fastq/SRR319/026/SRR31969826/SRR31969826.fastq.gz	NA	NA	NA	NA	NA	NA	USA: Arizona	Microbe, viral or environmental	Pooled colonies from nasal sample swab from person 2b2068n1	ftp.sra.ebi.ac.uk/vol1/srr/SRR319/026/SRR31969826/SRR31969826	NA	17b8ae14236983aca52a95a3073a9dc8	SRP556785	NA	1072317	Parallel whole genome sequencing and amplicon sequencing of Staphylococcus aureus pooled colonies	NA	NA	NA	NA	NA	2019-12-31	NA	Pooled colonies from nasal sample swab from person 2b2068n1	NA	NA	NA	NA	NextSeq 500	NA	NA	NA	NA	NA	NA	NextSeq 500 sequencing: WGS of Staphylococcus aureus pooled colonies from human nasal samples	NA	NA	NA	9606	NA	NA	c8b184711ca9cf8bfffd75e30c65c352	NA	ftp.sra.ebi.ac.uk/vol1/fastq/SRR319/026/SRR31969826/SRR31969826.fastq.gz	NA	NA	NA	NA	161919867	WGS	NA	NA	NA	NA	GENOMIC	ftp.sra.ebi.ac.uk/vol1/srr/SRR319/026/SRR31969826/SRR31969826	NA	SINGLE	NA	NA	NA	NA	NA	NA	NA	NA	NA	dcc_compare	NA	NA	NA	NA	NA	NA	NA	NA	NA	NA	NA	public	NA	NA	fasp.sra.ebi.ac.uk:/vol1/fastq/SRR319/026/SRR31969826/SRR31969826.fastq.gz	1;131567;2;1783272;1239;91061;1385;90964;1279;1280	NA	NA	2b2068n1	NA	2019-01-01	NA	NA	SA-2b2068n1-PopSample97-IS-xxx-2019-099-TP_S97_L001_R1_001.fastq.gz	NA	NA	NA	NA	NA	2019	2b2068n1-WGS-Pop-Rep1	NA	SUB15004279	NA	NA	NA	Homo sapiens	2b2068n1-WGS-Pop-Rep1	pathogen;pathogen:priority;pathogen:bacterium	2025-01-14	NA	NA	SRX27325144	Staphylococcus aureus	NA	1280	PRJNA1209594	NA	NA	NA	NA	NA	NA	Homo sapiens	NA	SRR31969826	SRS23764629	NA	NA	NA	NA	NA	NA	NA	NA	NA	NA	2025-01-14	NA	PRJNA1209594	NA	NA	NA	NA	NA	nares
SRR31969828	Illumina MiSeq sequencing: AmpSeq of Staphylococcus aureus pooled colonies from human nasal samples	SAMN46224568	NA	SRA2049563	NA	NA	NA	NA	PCR	NA	NA	NA	NA	NA	2025-01-14	NA	NA	NA	NA	NA	NA	2435622	NA	NA	NA	NA	NA	NA	2b2048n1	888157;993833	ILLUMINA	NA	NA	NA	fasp.sra.ebi.ac.uk:/vol1/srr/SRR319/028/SRR31969828/SRR31969828	NA	NA	NA	NA	NA	NA	NA	NA	NA	NA	ftp.sra.ebi.ac.uk/vol1/fastq/SRR319/028/SRR31969828/SRR31969828_1.fastq.gz;ftp.sra.ebi.ac.uk/vol1/fastq/SRR319/028/SRR31969828/SRR31969828_2.fastq.gz	NA	NA	NA	NA	NA	NA	USA: Arizona	Microbe, viral or environmental	Pooled colonies from nasal sample swab from person 2b2048n1	ftp.sra.ebi.ac.uk/vol1/srr/SRR319/028/SRR31969828/SRR31969828	NA	7d35f968aee93f0036f53fcba6d4f84b;f9562ac1c8279ef412f050a6ac59fe90	SRP556785	NA	16575	Parallel whole genome sequencing and amplicon sequencing of Staphylococcus aureus pooled colonies	NA	NA	NA	NA	NA	2019-12-31	NA	Pooled colonies from nasal sample swab from person 2b2048n1	NA	NA	NA	NA	Illumina MiSeq	NA	NA	NA	NA	NA	NA	Illumina MiSeq sequencing: AmpSeq of Staphylococcus aureus pooled colonies from human nasal samples	NA	NA	NA	9606	NA	NA	9aaebf22c7a408e487b2b3c41b045cbd	NA	ftp.sra.ebi.ac.uk/vol1/fastq/SRR319/028/SRR31969828/SRR31969828_1.fastq.gz;ftp.sra.ebi.ac.uk/vol1/fastq/SRR319/028/SRR31969828/SRR31969828_2.fastq.gz	NA	NA	NA	NA	5005650	AMPLICON	NA	NA	NA	NA	GENOMIC	ftp.sra.ebi.ac.uk/vol1/srr/SRR319/028/SRR31969828/SRR31969828	NA	PAIRED	NA	NA	NA	NA	NA	NA	NA	NA	NA	dcc_compare	NA	NA	NA	NA	NA	NA	NA	NA	NA	NA	NA	public	NA	NA	fasp.sra.ebi.ac.uk:/vol1/fastq/SRR319/028/SRR31969828/SRR31969828_1.fastq.gz;fasp.sra.ebi.ac.uk:/vol1/fastq/SRR319/028/SRR31969828/SRR31969828_2.fastq.gz	1;131567;2;1783272;1239;91061;1385;90964;1279;1280	NA	NA	2b2048n1	NA	2019-01-01	NA	NA	SA-2b2048n1poptrans-xx-xx-xxx-xxxx-099-TP_S28_L001_R1_001.fastq.gz	NA	NA	NA	NA	NA	2019	2b2048n1-AMP-Pop-Rep1	NA	SUB15004279	NA	NA	NA	Homo sapiens	2b2048n1-AMP-Pop-Rep1	pathogen;pathogen:priority;pathogen:bacterium	2025-01-14	NA	NA	SRX27325142	Staphylococcus aureus	NA	1280	PRJNA1209594	NA	NA	NA	NA	NA	NA	Homo sapiens	NA	SRR31969828	SRS23764618	NA	NA	NA	NA	NA	NA	NA	NA	NA	NA	2025-01-14	NA	PRJNA1209594	NA	NA	NA	NA	NA	nares
SRR31969832	Illumina MiSeq sequencing: AmpSeq of Staphylococcus aureus pooled colonies from human nasal samples	SAMN46224574	NA	SRA2049563	NA	NA	NA	NA	PCR	NA	NA	NA	NA	NA	2025-01-14	NA	NA	NA	NA	NA	NA	3729243	NA	NA	NA	NA	NA	NA	2b2027n1	1390458;1512518	ILLUMINA	NA	NA	NA	fasp.sra.ebi.ac.uk:/vol1/srr/SRR319/032/SRR31969832/SRR31969832	NA	NA	NA	NA	NA	NA	NA	NA	NA	NA	ftp.sra.ebi.ac.uk/vol1/fastq/SRR319/032/SRR31969832/SRR31969832_1.fastq.gz;ftp.sra.ebi.ac.uk/vol1/fastq/SRR319/032/SRR31969832/SRR31969832_2.fastq.gz	NA	NA	NA	NA	NA	NA	USA: Arizona	Microbe, viral or environmental	Pooled colonies from nasal sample swab from person 2b2027n1	ftp.sra.ebi.ac.uk/vol1/srr/SRR319/032/SRR31969832/SRR31969832	NA	b9e4716e655d3b318c9e7dac535cd8dd;2703539981c1b57138af06997aaa1613	SRP556785	NA	25899	Parallel whole genome sequencing and amplicon sequencing of Staphylococcus aureus pooled colonies	NA	NA	NA	NA	NA	2019-12-31	NA	Pooled colonies from nasal sample swab from person 2b2027n1	NA	NA	NA	NA	Illumina MiSeq	NA	NA	NA	NA	NA	NA	Illumina MiSeq sequencing: AmpSeq of Staphylococcus aureus pooled colonies from human nasal samples	NA	NA	NA	9606	NA	NA	215ea77cb811af101932b0d5fcd26d3f	NA	ftp.sra.ebi.ac.uk/vol1/fastq/SRR319/032/SRR31969832/SRR31969832_1.fastq.gz;ftp.sra.ebi.ac.uk/vol1/fastq/SRR319/032/SRR31969832/SRR31969832_2.fastq.gz	NA	NA	NA	NA	7821498	AMPLICON	NA	NA	NA	NA	GENOMIC	ftp.sra.ebi.ac.uk/vol1/srr/SRR319/032/SRR31969832/SRR31969832	NA	PAIRED	NA	NA	NA	NA	NA	NA	NA	NA	NA	dcc_compare	NA	NA	NA	NA	NA	NA	NA	NA	NA	NA	NA	public	NA	NA	fasp.sra.ebi.ac.uk:/vol1/fastq/SRR319/032/SRR31969832/SRR31969832_1.fastq.gz;fasp.sra.ebi.ac.uk:/vol1/fastq/SRR319/032/SRR31969832/SRR31969832_2.fastq.gz	1;131567;2;1783272;1239;91061;1385;90964;1279;1280	NA	NA	2b2027n1	NA	2019-01-01	NA	NA	SA-2b2027n1poptrans-xx-xx-xxx-xxxx-099-TP_S1_L001_R1_001.fastq.gz	NA	NA	NA	NA	NA	2019	2b2027n1-AMP-Pop-Rep1	NA	SUB15004279	NA	NA	NA	Homo sapiens	2b2027n1-AMP-Pop-Rep1	pathogen;pathogen:priority;pathogen:bacterium	2025-01-14	NA	NA	SRX27325138	Staphylococcus aureus	NA	1280	PRJNA1209594	NA	NA	NA	NA	NA	NA	Homo sapiens	NA	SRR31969832	SRS23764628	NA	NA	NA	NA	NA	NA	NA	NA	NA	NA	2025-01-14	NA	PRJNA1209594	NA	NA	NA	NA	NA	nares
SRR31969834	NextSeq 500 sequencing: WGS of Staphylococcus aureus pooled colonies from human nasal samples	SAMN46224562	NA	SRA2049563	NA	NA	NA	NA	size fractionation	NA	NA	NA	NA	NA	2025-01-14	NA	NA	NA	NA	NA	NA	50206277	NA	NA	NA	NA	NA	NA	2a4060n1	71277656	ILLUMINA	NA	NA	NA	fasp.sra.ebi.ac.uk:/vol1/srr/SRR319/034/SRR31969834/SRR31969834	NA	NA	NA	NA	NA	NA	NA	NA	NA	NA	ftp.sra.ebi.ac.uk/vol1/fastq/SRR319/034/SRR31969834/SRR31969834.fastq.gz	NA	NA	NA	NA	NA	NA	USA: Arizona	Microbe, viral or environmental	Pooled colonies from nasal sample swab from person 2a4060n1	ftp.sra.ebi.ac.uk/vol1/srr/SRR319/034/SRR31969834/SRR31969834	NA	975948bf45d4281564593a815e19cc5b	SRP556785	NA	797448	Parallel whole genome sequencing and amplicon sequencing of Staphylococcus aureus pooled colonies	NA	NA	NA	NA	NA	2019-12-31	NA	Pooled colonies from nasal sample swab from person 2a4060n1	NA	NA	NA	NA	NextSeq 500	NA	NA	NA	NA	NA	NA	NextSeq 500 sequencing: WGS of Staphylococcus aureus pooled colonies from human nasal samples	NA	NA	NA	9606	NA	NA	8b972753ed0581140c192ceeafde5702	NA	ftp.sra.ebi.ac.uk/vol1/fastq/SRR319/034/SRR31969834/SRR31969834.fastq.gz	NA	NA	NA	NA	120414648	WGS	NA	NA	NA	NA	GENOMIC	ftp.sra.ebi.ac.uk/vol1/srr/SRR319/034/SRR31969834/SRR31969834	NA	SINGLE	NA	NA	NA	NA	NA	NA	NA	NA	NA	dcc_compare	NA	NA	NA	NA	NA	NA	NA	NA	NA	NA	NA	public	NA	NA	fasp.sra.ebi.ac.uk:/vol1/fastq/SRR319/034/SRR31969834/SRR31969834.fastq.gz	1;131567;2;1783272;1239;91061;1385;90964;1279;1280	NA	NA	2a4060n1	NA	2019-01-01	NA	NA	SA-2a4060n1-PopSample96-IS-xxx-2019-099-TP_S96_L001_R1_001.fastq.gz	NA	NA	NA	NA	NA	2019	2a4060n1-WGS-Pop-Rep1	NA	SUB15004279	NA	NA	NA	Homo sapiens	2a4060n1-WGS-Pop-Rep1	pathogen;pathogen:priority;pathogen:bacterium	2025-01-14	NA	NA	SRX27325136	Staphylococcus aureus	NA	1280	PRJNA1209594	NA	NA	NA	NA	NA	NA	Homo sapiens	NA	SRR31969834	SRS23764617	NA	NA	NA	NA	NA	NA	NA	NA	NA	NA	2025-01-14	NA	PRJNA1209594	NA	NA	NA	NA	NA	nares
SRR31969835	NextSeq 500 sequencing: WGS of Staphylococcus aureus pooled colonies from human nasal samples	SAMN46224569	NA	SRA2049563	NA	NA	NA	NA	size fractionation	NA	NA	NA	NA	NA	2025-01-14	NA	NA	NA	NA	NA	NA	554975208	NA	NA	NA	NA	NA	NA	2a4039n1	757185971	ILLUMINA	NA	NA	NA	fasp.sra.ebi.ac.uk:/vol1/srr/SRR319/035/SRR31969835/SRR31969835	NA	NA	NA	NA	NA	NA	NA	NA	NA	NA	ftp.sra.ebi.ac.uk/vol1/fastq/SRR319/035/SRR31969835/SRR31969835.fastq.gz	NA	NA	NA	NA	NA	NA	USA: Arizona	Microbe, viral or environmental	Pooled colonies from nasal sample swab from person 2a4039n1	ftp.sra.ebi.ac.uk/vol1/srr/SRR319/035/SRR31969835/SRR31969835	NA	b693222f1fd8be3b0ed77d02b278d26e	SRP556785	NA	8020698	Parallel whole genome sequencing and amplicon sequencing of Staphylococcus aureus pooled colonies	NA	NA	NA	NA	NA	2019-12-31	NA	Pooled colonies from nasal sample swab from person 2a4039n1	NA	NA	NA	NA	NextSeq 500	NA	NA	NA	NA	NA	NA	NextSeq 500 sequencing: WGS of Staphylococcus aureus pooled colonies from human nasal samples	NA	NA	NA	9606	NA	NA	0821423d6130005c293d5688336e74d1	NA	ftp.sra.ebi.ac.uk/vol1/fastq/SRR319/035/SRR31969835/SRR31969835.fastq.gz	NA	NA	NA	NA	1211125398	WGS	NA	NA	NA	NA	GENOMIC	ftp.sra.ebi.ac.uk/vol1/srr/SRR319/035/SRR31969835/SRR31969835	NA	SINGLE	NA	NA	NA	NA	NA	NA	NA	NA	NA	dcc_compare	NA	NA	NA	NA	NA	NA	NA	NA	NA	NA	NA	public	NA	NA	fasp.sra.ebi.ac.uk:/vol1/fastq/SRR319/035/SRR31969835/SRR31969835.fastq.gz	1;131567;2;1783272;1239;91061;1385;90964;1279;1280	NA	NA	2a4039n1	NA	2019-01-01	NA	NA	SA-2a4039n1r-xx-xx-xxx-2019-099-TP_S73_R1_001.fastq.gz	NA	NA	NA	NA	NA	2019	2a4039n1-WGS-Pop-Rep2	NA	SUB15004279	NA	NA	NA	Homo sapiens	2a4039n1-WGS-Pop-Rep2	pathogen;pathogen:priority;pathogen:bacterium	2025-01-14	NA	NA	SRX27325135	Staphylococcus aureus	NA	1280	PRJNA1209594	NA	NA	NA	NA	NA	NA	Homo sapiens	NA	SRR31969835	SRS23764619	NA	NA	NA	NA	NA	NA	NA	NA	NA	NA	2025-01-14	NA	PRJNA1209594	NA	NA	NA	NA	NA	nares
SRR31969812	NextSeq 500 sequencing: WGS of Staphylococcus aureus Colony from human nasal samples	SAMN46224578	NA	SRA2049563	NA	NA	NA	NA	size fractionation	NA	NA	NA	NA	NA	2025-01-14	NA	NA	NA	NA	NA	NA	366252331	NA	NA	NA	NA	NA	NA	2e5018n1	526736918	ILLUMINA	NA	NA	NA	fasp.sra.ebi.ac.uk:/vol1/srr/SRR319/012/SRR31969812/SRR31969812	NA	NA	NA	NA	NA	NA	NA	NA	NA	NA	ftp.sra.ebi.ac.uk/vol1/fastq/SRR319/012/SRR31969812/SRR31969812.fastq.gz	NA	NA	NA	NA	NA	NA	USA: Arizona	Microbe, viral or environmental	Pooled colonies from nasal sample swab from person 2e5018n1	ftp.sra.ebi.ac.uk/vol1/srr/SRR319/012/SRR31969812/SRR31969812	NA	f11f9dbb297e12171f3b0b2aaffc6b70	SRP556785	NA	10177219	Parallel whole genome sequencing and amplicon sequencing of Staphylococcus aureus pooled colonies	NA	NA	NA	NA	NA	2019-12-31	NA	Pooled colonies from nasal sample swab from person 2e5018n1	NA	NA	NA	NA	NextSeq 500	NA	NA	NA	NA	NA	NA	NextSeq 500 sequencing: WGS of Staphylococcus aureus Colony from human nasal samples	NA	NA	NA	9606	NA	NA	a8151c065f9f63faacb7a3256d045cdf	NA	ftp.sra.ebi.ac.uk/vol1/fastq/SRR319/012/SRR31969812/SRR31969812.fastq.gz	NA	NA	NA	NA	763291425	WGS	NA	NA	NA	NA	GENOMIC	ftp.sra.ebi.ac.uk/vol1/srr/SRR319/012/SRR31969812/SRR31969812	NA	SINGLE	NA	NA	NA	NA	NA	NA	NA	NA	NA	dcc_compare	NA	NA	NA	NA	NA	NA	NA	NA	NA	NA	NA	public	NA	NA	fasp.sra.ebi.ac.uk:/vol1/fastq/SRR319/012/SRR31969812/SRR31969812.fastq.gz	1;131567;2;1783272;1239;91061;1385;90964;1279;1280	NA	NA	2e5018n1	NA	2019-01-01	NA	NA	SA-2e5018n1-xx-xx-USA-2018-099-TP_S87_L001_R1_001.fastq.gz	NA	NA	NA	NA	NA	2019	2e5018n1-WGS-Colony-Rep1	NA	SUB15004279	NA	NA	NA	Homo sapiens	2e5018n1-WGS-Colony-Rep1	pathogen;pathogen:priority;pathogen:bacterium	2025-01-14	NA	NA	SRX27325158	Staphylococcus aureus	NA	1280	PRJNA1209594	NA	NA	NA	NA	NA	NA	Homo sapiens	NA	SRR31969812	SRS23764633	NA	NA	NA	NA	NA	NA	NA	NA	NA	NA	2025-01-14	NA	PRJNA1209594	NA	NA	NA	NA	NA	nares
SRR31969813	Illumina MiSeq sequencing: AmpSeq of Staphylococcus aureus pooled colonies from human nasal samples	SAMN46224578	NA	SRA2049563	NA	NA	NA	NA	PCR	NA	NA	NA	NA	NA	2025-01-14	NA	NA	NA	NA	NA	NA	1985699	NA	NA	NA	NA	NA	NA	2e5018n1	733763;774422	ILLUMINA	NA	NA	NA	fasp.sra.ebi.ac.uk:/vol1/srr/SRR319/013/SRR31969813/SRR31969813	NA	NA	NA	NA	NA	NA	NA	NA	NA	NA	ftp.sra.ebi.ac.uk/vol1/fastq/SRR319/013/SRR31969813/SRR31969813_1.fastq.gz;ftp.sra.ebi.ac.uk/vol1/fastq/SRR319/013/SRR31969813/SRR31969813_2.fastq.gz	NA	NA	NA	NA	NA	NA	USA: Arizona	Microbe, viral or environmental	Pooled colonies from nasal sample swab from person 2e5018n1	ftp.sra.ebi.ac.uk/vol1/srr/SRR319/013/SRR31969813/SRR31969813	NA	e819d4d001ea427e53dfc4b40f9d8670;17dc6ef0e4ea10332d9a5e3f10be3f43	SRP556785	NA	13889	Parallel whole genome sequencing and amplicon sequencing of Staphylococcus aureus pooled colonies	NA	NA	NA	NA	NA	2019-12-31	NA	Pooled colonies from nasal sample swab from person 2e5018n1	NA	NA	NA	NA	Illumina MiSeq	NA	NA	NA	NA	NA	NA	Illumina MiSeq sequencing: AmpSeq of Staphylococcus aureus pooled colonies from human nasal samples	NA	NA	NA	9606	NA	NA	31800f59129207da536e92bf6e64957b	NA	ftp.sra.ebi.ac.uk/vol1/fastq/SRR319/013/SRR31969813/SRR31969813_1.fastq.gz;ftp.sra.ebi.ac.uk/vol1/fastq/SRR319/013/SRR31969813/SRR31969813_2.fastq.gz	NA	NA	NA	NA	4194478	AMPLICON	NA	NA	NA	NA	GENOMIC	ftp.sra.ebi.ac.uk/vol1/srr/SRR319/013/SRR31969813/SRR31969813	NA	PAIRED	NA	NA	NA	NA	NA	NA	NA	NA	NA	dcc_compare	NA	NA	NA	NA	NA	NA	NA	NA	NA	NA	NA	public	NA	NA	fasp.sra.ebi.ac.uk:/vol1/fastq/SRR319/013/SRR31969813/SRR31969813_1.fastq.gz;fasp.sra.ebi.ac.uk:/vol1/fastq/SRR319/013/SRR31969813/SRR31969813_2.fastq.gz	1;131567;2;1783272;1239;91061;1385;90964;1279;1280	NA	NA	2e5018n1	NA	2019-01-01	NA	NA	SA-2e5018n1poptrans-xx-xx-xxx-xxxx-099-TP_S8_L001_R1_001.fastq.gz	NA	NA	NA	NA	NA	2019	2e5018n1-AMP-Pop-Rep1	NA	SUB15004279	NA	NA	NA	Homo sapiens	2e5018n1-AMP-Pop-Rep1	pathogen;pathogen:priority;pathogen:bacterium	2025-01-14	NA	NA	SRX27325157	Staphylococcus aureus	NA	1280	PRJNA1209594	NA	NA	NA	NA	NA	NA	Homo sapiens	NA	SRR31969813	SRS23764633	NA	NA	NA	NA	NA	NA	NA	NA	NA	NA	2025-01-14	NA	PRJNA1209594	NA	NA	NA	NA	NA	nares
SRR31969819	Illumina MiSeq sequencing: AmpSeq of Staphylococcus aureus pooled colonies from human nasal samples	SAMN46224564	NA	SRA2049563	NA	NA	NA	NA	PCR	NA	NA	NA	NA	NA	2025-01-14	NA	NA	NA	NA	NA	NA	6561790	NA	NA	NA	NA	NA	NA	2a3017n1	2490992;3210857	ILLUMINA	NA	NA	NA	fasp.sra.ebi.ac.uk:/vol1/srr/SRR319/019/SRR31969819/SRR31969819	NA	NA	NA	NA	NA	NA	NA	NA	NA	NA	ftp.sra.ebi.ac.uk/vol1/fastq/SRR319/019/SRR31969819/SRR31969819_1.fastq.gz;ftp.sra.ebi.ac.uk/vol1/fastq/SRR319/019/SRR31969819/SRR31969819_2.fastq.gz	NA	NA	NA	NA	NA	NA	USA: Arizona	Microbe, viral or environmental	Pooled colonies from nasal sample swab from person 2a3017n1	ftp.sra.ebi.ac.uk/vol1/srr/SRR319/019/SRR31969819/SRR31969819	NA	5fc28b38baf251589dae1dafc424afa2;9315858e05b348f1abde58223edc6030	SRP556785	NA	23288	Parallel whole genome sequencing and amplicon sequencing of Staphylococcus aureus pooled colonies	NA	NA	NA	NA	NA	2019-12-31	NA	Pooled colonies from nasal sample swab from person 2a3017n1	NA	NA	NA	NA	Illumina MiSeq	NA	NA	NA	NA	NA	NA	Illumina MiSeq sequencing: AmpSeq of Staphylococcus aureus pooled colonies from human nasal samples	NA	NA	NA	9606	NA	NA	aace8e609beccd2149111c5dc08f096c	NA	ftp.sra.ebi.ac.uk/vol1/fastq/SRR319/019/SRR31969819/SRR31969819_1.fastq.gz;ftp.sra.ebi.ac.uk/vol1/fastq/SRR319/019/SRR31969819/SRR31969819_2.fastq.gz	NA	NA	NA	NA	11690576	AMPLICON	NA	NA	NA	NA	GENOMIC	ftp.sra.ebi.ac.uk/vol1/srr/SRR319/019/SRR31969819/SRR31969819	NA	PAIRED	NA	NA	NA	NA	NA	NA	NA	NA	NA	dcc_compare	NA	NA	NA	NA	NA	NA	NA	NA	NA	NA	NA	public	NA	NA	fasp.sra.ebi.ac.uk:/vol1/fastq/SRR319/019/SRR31969819/SRR31969819_1.fastq.gz;fasp.sra.ebi.ac.uk:/vol1/fastq/SRR319/019/SRR31969819/SRR31969819_2.fastq.gz	1;131567;2;1783272;1239;91061;1385;90964;1279;1280	NA	NA	2a3017n1	NA	2019-01-01	NA	NA	13-T0_S25_L001_R1_001.fastq.gz	NA	NA	NA	NA	NA	2019	2a3017n1-AMP-Pop-Rep1	NA	SUB15004279	NA	NA	NA	Homo sapiens	2a3017n1-AMP-Pop-Rep1	pathogen;pathogen:priority;pathogen:bacterium	2025-01-14	NA	NA	SRX27325151	Staphylococcus aureus	NA	1280	PRJNA1209594	NA	NA	NA	NA	NA	NA	Homo sapiens	NA	SRR31969819	SRS23764625	NA	NA	NA	NA	NA	NA	NA	NA	NA	NA	2025-01-14	NA	PRJNA1209594	NA	NA	NA	NA	NA	nares
SRR31969821	NextSeq 500 sequencing: WGS of Staphylococcus aureus Colony from human nasal samples	SAMN46224575	NA	SRA2049563	NA	NA	NA	NA	size fractionation	NA	NA	NA	NA	NA	2025-01-14	NA	NA	NA	NA	NA	NA	203118003	NA	NA	NA	NA	NA	NA	2b3034n1	304709190	ILLUMINA	NA	NA	NA	fasp.sra.ebi.ac.uk:/vol1/srr/SRR319/021/SRR31969821/SRR31969821	NA	NA	NA	NA	NA	NA	NA	NA	NA	NA	ftp.sra.ebi.ac.uk/vol1/fastq/SRR319/021/SRR31969821/SRR31969821.fastq.gz	NA	NA	NA	NA	NA	NA	USA: Arizona	Microbe, viral or environmental	Pooled colonies from nasal sample swab from person 2b3034n1	ftp.sra.ebi.ac.uk/vol1/srr/SRR319/021/SRR31969821/SRR31969821	NA	e68175b0c6369207a4cf3610ead1fd86	SRP556785	NA	5513845	Parallel whole genome sequencing and amplicon sequencing of Staphylococcus aureus pooled colonies	NA	NA	NA	NA	NA	2019-12-31	NA	Pooled colonies from nasal sample swab from person 2b3034n1	NA	NA	NA	NA	NextSeq 500	NA	NA	NA	NA	NA	NA	NextSeq 500 sequencing: WGS of Staphylococcus aureus Colony from human nasal samples	NA	NA	NA	9606	NA	NA	3151c0815f103dfc878e8666f9431159	NA	ftp.sra.ebi.ac.uk/vol1/fastq/SRR319/021/SRR31969821/SRR31969821.fastq.gz	NA	NA	NA	NA	413538375	WGS	NA	NA	NA	NA	GENOMIC	ftp.sra.ebi.ac.uk/vol1/srr/SRR319/021/SRR31969821/SRR31969821	NA	SINGLE	NA	NA	NA	NA	NA	NA	NA	NA	NA	dcc_compare	NA	NA	NA	NA	NA	NA	NA	NA	NA	NA	NA	public	NA	NA	fasp.sra.ebi.ac.uk:/vol1/fastq/SRR319/021/SRR31969821/SRR31969821.fastq.gz	1;131567;2;1783272;1239;91061;1385;90964;1279;1280	NA	NA	2b3034n1	NA	2019-01-01	NA	NA	SA-2b3034n1-xx-xx-USA-2018-099-TP_S103_L001_R1_001.fastq.gz	NA	NA	NA	NA	NA	2019	2b3034n1-WGS-Colony-Rep1	NA	SUB15004279	NA	NA	NA	Homo sapiens	2b3034n1-WGS-Colony-Rep1	pathogen;pathogen:priority;pathogen:bacterium	2025-01-14	NA	NA	SRX27325149	Staphylococcus aureus	NA	1280	PRJNA1209594	NA	NA	NA	NA	NA	NA	Homo sapiens	NA	SRR31969821	SRS23764630	NA	NA	NA	NA	NA	NA	NA	NA	NA	NA	2025-01-14	NA	PRJNA1209594	NA	NA	NA	NA	NA	nares
SRR31969823	NextSeq 500 sequencing: WGS of Staphylococcus aureus pooled colonies from human nasal samples	SAMN46224575	NA	SRA2049563	NA	NA	NA	NA	size fractionation	NA	NA	NA	NA	NA	2025-01-14	NA	NA	NA	NA	NA	NA	69495673	NA	NA	NA	NA	NA	NA	2b3034n1	98172042	ILLUMINA	NA	NA	NA	fasp.sra.ebi.ac.uk:/vol1/srr/SRR319/023/SRR31969823/SRR31969823	NA	NA	NA	NA	NA	NA	NA	NA	NA	NA	ftp.sra.ebi.ac.uk/vol1/fastq/SRR319/023/SRR31969823/SRR31969823.fastq.gz	NA	NA	NA	NA	NA	NA	USA: Arizona	Microbe, viral or environmental	Pooled colonies from nasal sample swab from person 2b3034n1	ftp.sra.ebi.ac.uk/vol1/srr/SRR319/023/SRR31969823/SRR31969823	NA	e0016d9d5d34479415ca40850e4b2fae	SRP556785	NA	1078955	Parallel whole genome sequencing and amplicon sequencing of Staphylococcus aureus pooled colonies	NA	NA	NA	NA	NA	2019-12-31	NA	Pooled colonies from nasal sample swab from person 2b3034n1	NA	NA	NA	NA	NextSeq 500	NA	NA	NA	NA	NA	NA	NextSeq 500 sequencing: WGS of Staphylococcus aureus pooled colonies from human nasal samples	NA	NA	NA	9606	NA	NA	5d8526fa24e0702581df99c178d4b849	NA	ftp.sra.ebi.ac.uk/vol1/fastq/SRR319/023/SRR31969823/SRR31969823.fastq.gz	NA	NA	NA	NA	162922205	WGS	NA	NA	NA	NA	GENOMIC	ftp.sra.ebi.ac.uk/vol1/srr/SRR319/023/SRR31969823/SRR31969823	NA	SINGLE	NA	NA	NA	NA	NA	NA	NA	NA	NA	dcc_compare	NA	NA	NA	NA	NA	NA	NA	NA	NA	NA	NA	public	NA	NA	fasp.sra.ebi.ac.uk:/vol1/fastq/SRR319/023/SRR31969823/SRR31969823.fastq.gz	1;131567;2;1783272;1239;91061;1385;90964;1279;1280	NA	NA	2b3034n1	NA	2019-01-01	NA	NA	SA-2b3034n1-PopSample204-IS-xxx-2019-099-TP_S194_L001_R1_001.fastq.gz	NA	NA	NA	NA	NA	2019	2b3034n1-WGS-Pop-Rep1	NA	SUB15004279	NA	NA	NA	Homo sapiens	2b3034n1-WGS-Pop-Rep1	pathogen;pathogen:priority;pathogen:bacterium	2025-01-14	NA	NA	SRX27325147	Staphylococcus aureus	NA	1280	PRJNA1209594	NA	NA	NA	NA	NA	NA	Homo sapiens	NA	SRR31969823	SRS23764630	NA	NA	NA	NA	NA	NA	NA	NA	NA	NA	2025-01-14	NA	PRJNA1209594	NA	NA	NA	NA	NA	nares
SRR31969831	NextSeq 500 sequencing: WGS of Staphylococcus aureus Colony from human nasal samples	SAMN46224574	NA	SRA2049563	NA	NA	NA	NA	size fractionation	NA	NA	NA	NA	NA	2025-01-14	NA	NA	NA	NA	NA	NA	162066644	NA	NA	NA	NA	NA	NA	2b2027n1	229615371	ILLUMINA	NA	NA	NA	fasp.sra.ebi.ac.uk:/vol1/srr/SRR319/031/SRR31969831/SRR31969831	NA	NA	NA	NA	NA	NA	NA	NA	NA	NA	ftp.sra.ebi.ac.uk/vol1/fastq/SRR319/031/SRR31969831/SRR31969831.fastq.gz	NA	NA	NA	NA	NA	NA	USA: Arizona	Microbe, viral or environmental	Pooled colonies from nasal sample swab from person 2b2027n1	ftp.sra.ebi.ac.uk/vol1/srr/SRR319/031/SRR31969831/SRR31969831	NA	ef29260a943d6c23cff610bb944aa9ed	SRP556785	NA	4548896	Parallel whole genome sequencing and amplicon sequencing of Staphylococcus aureus pooled colonies	NA	NA	NA	NA	NA	2019-12-31	NA	Pooled colonies from nasal sample swab from person 2b2027n1	NA	NA	NA	NA	NextSeq 500	NA	NA	NA	NA	NA	NA	NextSeq 500 sequencing: WGS of Staphylococcus aureus Colony from human nasal samples	NA	NA	NA	9606	NA	NA	2f1c2749aaac05aad336b3ab7e20aeea	NA	ftp.sra.ebi.ac.uk/vol1/fastq/SRR319/031/SRR31969831/SRR31969831.fastq.gz	NA	NA	NA	NA	341167200	WGS	NA	NA	NA	NA	GENOMIC	ftp.sra.ebi.ac.uk/vol1/srr/SRR319/031/SRR31969831/SRR31969831	NA	SINGLE	NA	NA	NA	NA	NA	NA	NA	NA	NA	dcc_compare	NA	NA	NA	NA	NA	NA	NA	NA	NA	NA	NA	public	NA	NA	fasp.sra.ebi.ac.uk:/vol1/fastq/SRR319/031/SRR31969831/SRR31969831.fastq.gz	1;131567;2;1783272;1239;91061;1385;90964;1279;1280	NA	NA	2b2027n1	NA	2019-01-01	NA	NA	SA-2b2027n1-xx-xx-USA-2018-099-TP_S90_L001_R1_001.fastq.gz	NA	NA	NA	NA	NA	2019	2b2027n1-WGS-Colony-Rep1	NA	SUB15004279	NA	NA	NA	Homo sapiens	2b2027n1-WGS-Colony-Rep1	pathogen;pathogen:priority;pathogen:bacterium	2025-01-14	NA	NA	SRX27325139	Staphylococcus aureus	NA	1280	PRJNA1209594	NA	NA	NA	NA	NA	NA	Homo sapiens	NA	SRR31969831	SRS23764628	NA	NA	NA	NA	NA	NA	NA	NA	NA	NA	2025-01-14	NA	PRJNA1209594	NA	NA	NA	NA	NA	nares
SRR31969833	NextSeq 500 sequencing: WGS of Staphylococcus aureus Colony from human nasal samples	SAMN46224562	NA	SRA2049563	NA	NA	NA	NA	size fractionation	NA	NA	NA	NA	NA	2025-01-14	NA	NA	NA	NA	NA	NA	161357885	NA	NA	NA	NA	NA	NA	2a4060n1	243629208	ILLUMINA	NA	NA	NA	fasp.sra.ebi.ac.uk:/vol1/srr/SRR319/033/SRR31969833/SRR31969833	NA	NA	NA	NA	NA	NA	NA	NA	NA	NA	ftp.sra.ebi.ac.uk/vol1/fastq/SRR319/033/SRR31969833/SRR31969833.fastq.gz	NA	NA	NA	NA	NA	NA	USA: Arizona	Microbe, viral or environmental	Pooled colonies from nasal sample swab from person 2a4060n1	ftp.sra.ebi.ac.uk/vol1/srr/SRR319/033/SRR31969833/SRR31969833	NA	63b65f8eafb1935a6e2ea5f97b0dfe95	SRP556785	NA	4590729	Parallel whole genome sequencing and amplicon sequencing of Staphylococcus aureus pooled colonies	NA	NA	NA	NA	NA	2019-12-31	NA	Pooled colonies from nasal sample swab from person 2a4060n1	NA	NA	NA	NA	NextSeq 500	NA	NA	NA	NA	NA	NA	NextSeq 500 sequencing: WGS of Staphylococcus aureus Colony from human nasal samples	NA	NA	NA	9606	NA	NA	96e9d7b976398963755034b7bb0537a9	NA	ftp.sra.ebi.ac.uk/vol1/fastq/SRR319/033/SRR31969833/SRR31969833.fastq.gz	NA	NA	NA	NA	344304675	WGS	NA	NA	NA	NA	GENOMIC	ftp.sra.ebi.ac.uk/vol1/srr/SRR319/033/SRR31969833/SRR31969833	NA	SINGLE	NA	NA	NA	NA	NA	NA	NA	NA	NA	dcc_compare	NA	NA	NA	NA	NA	NA	NA	NA	NA	NA	NA	public	NA	NA	fasp.sra.ebi.ac.uk:/vol1/fastq/SRR319/033/SRR31969833/SRR31969833.fastq.gz	1;131567;2;1783272;1239;91061;1385;90964;1279;1280	NA	NA	2a4060n1	NA	2019-01-01	NA	NA	SA-2a4060n1-xx-xx-USA-2018-099-TP_S92_L001_R1_001.fastq.gz	NA	NA	NA	NA	NA	2019	2a4060n1-WGS-Colony-Rep1	NA	SUB15004279	NA	NA	NA	Homo sapiens	2a4060n1-WGS-Colony-Rep1	pathogen;pathogen:priority;pathogen:bacterium	2025-01-14	NA	NA	SRX27325137	Staphylococcus aureus	NA	1280	PRJNA1209594	NA	NA	NA	NA	NA	NA	Homo sapiens	NA	SRR31969833	SRS23764617	NA	NA	NA	NA	NA	NA	NA	NA	NA	NA	2025-01-14	NA	PRJNA1209594	NA	NA	NA	NA	NA	nares
SRR31969838	NextSeq 500 sequencing: WGS of Staphylococcus aureus pooled colonies from human nasal samples	SAMN46224566	NA	SRA2049563	NA	NA	NA	NA	size fractionation	NA	NA	NA	NA	NA	2025-01-14	NA	NA	NA	NA	NA	NA	352770565	NA	NA	NA	NA	NA	NA	2a4023n1	500832868	ILLUMINA	NA	NA	NA	fasp.sra.ebi.ac.uk:/vol1/srr/SRR319/038/SRR31969838/SRR31969838	NA	NA	NA	NA	NA	NA	NA	NA	NA	NA	ftp.sra.ebi.ac.uk/vol1/fastq/SRR319/038/SRR31969838/SRR31969838.fastq.gz	NA	NA	NA	NA	NA	NA	USA: Arizona	Microbe, viral or environmental	Pooled colonies from nasal sample swab from person 2a4023n1	ftp.sra.ebi.ac.uk/vol1/srr/SRR319/038/SRR31969838/SRR31969838	NA	c25dbe8664504f5e5c745ad8638fac08	SRP556785	NA	5699352	Parallel whole genome sequencing and amplicon sequencing of Staphylococcus aureus pooled colonies	NA	NA	NA	NA	NA	2019-12-31	NA	Pooled colonies from nasal sample swab from person 2a4023n1	NA	NA	NA	NA	NextSeq 500	NA	NA	NA	NA	NA	NA	NextSeq 500 sequencing: WGS of Staphylococcus aureus pooled colonies from human nasal samples	NA	NA	NA	9606	NA	NA	e95cab93ad9e8da95db8321ce21da3fd	NA	ftp.sra.ebi.ac.uk/vol1/fastq/SRR319/038/SRR31969838/SRR31969838.fastq.gz	NA	NA	NA	NA	860602152	WGS	NA	NA	NA	NA	GENOMIC	ftp.sra.ebi.ac.uk/vol1/srr/SRR319/038/SRR31969838/SRR31969838	NA	SINGLE	NA	NA	NA	NA	NA	NA	NA	NA	NA	dcc_compare	NA	NA	NA	NA	NA	NA	NA	NA	NA	NA	NA	public	NA	NA	fasp.sra.ebi.ac.uk:/vol1/fastq/SRR319/038/SRR31969838/SRR31969838.fastq.gz	1;131567;2;1783272;1239;91061;1385;90964;1279;1280	NA	NA	2a4023n1	NA	2019-01-01	NA	NA	SA-2a4023n1-PopSample86-IS-xxx-2019-099-TP_S86_L001_R1_001.fastq.gz	NA	NA	NA	NA	NA	2019	2a4023n1-WGS-Pop-Rep1	NA	SUB15004279	NA	NA	NA	Homo sapiens	2a4023n1-WGS-Pop-Rep1	pathogen;pathogen:priority;pathogen:bacterium	2025-01-14	NA	NA	SRX27325132	Staphylococcus aureus	NA	1280	PRJNA1209594	NA	NA	NA	NA	NA	NA	Homo sapiens	NA	SRR31969838	SRS23764627	NA	NA	NA	NA	NA	NA	NA	NA	NA	NA	2025-01-14	NA	PRJNA1209594	NA	NA	NA	NA	NA	nares
SRR31969842	NextSeq 500 sequencing: WGS of Staphylococcus aureus Colony from human nasal samples	SAMN46224564	NA	SRA2049563	NA	NA	NA	NA	size fractionation	NA	NA	NA	NA	NA	2025-01-14	NA	NA	NA	NA	NA	NA	170014076	NA	NA	NA	NA	NA	NA	2a3017n1	257123352	ILLUMINA	NA	NA	NA	fasp.sra.ebi.ac.uk:/vol1/srr/SRR319/042/SRR31969842/SRR31969842	NA	NA	NA	NA	NA	NA	NA	NA	NA	NA	ftp.sra.ebi.ac.uk/vol1/fastq/SRR319/042/SRR31969842/SRR31969842.fastq.gz	NA	NA	NA	NA	NA	NA	USA: Arizona	Microbe, viral or environmental	Pooled colonies from nasal sample swab from person 2a3017n1	ftp.sra.ebi.ac.uk/vol1/srr/SRR319/042/SRR31969842/SRR31969842	NA	dde0bfef1368c4d69f2f89465b8a81b3	SRP556785	NA	4843563	Parallel whole genome sequencing and amplicon sequencing of Staphylococcus aureus pooled colonies	NA	NA	NA	NA	NA	2019-12-31	NA	Pooled colonies from nasal sample swab from person 2a3017n1	NA	NA	NA	NA	NextSeq 500	NA	NA	NA	NA	NA	NA	NextSeq 500 sequencing: WGS of Staphylococcus aureus Colony from human nasal samples	NA	NA	NA	9606	NA	NA	1a4441d9594ef180a824dbf6047daa0f	NA	ftp.sra.ebi.ac.uk/vol1/fastq/SRR319/042/SRR31969842/SRR31969842.fastq.gz	NA	NA	NA	NA	363267225	WGS	NA	NA	NA	NA	GENOMIC	ftp.sra.ebi.ac.uk/vol1/srr/SRR319/042/SRR31969842/SRR31969842	NA	SINGLE	NA	NA	NA	NA	NA	NA	NA	NA	NA	dcc_compare	NA	NA	NA	NA	NA	NA	NA	NA	NA	NA	NA	public	NA	NA	fasp.sra.ebi.ac.uk:/vol1/fastq/SRR319/042/SRR31969842/SRR31969842.fastq.gz	1;131567;2;1783272;1239;91061;1385;90964;1279;1280	NA	NA	2a3017n1	NA	2019-01-01	NA	NA	SA-2a3017n1-xx-xx-USA-2018-099-TP_S4_L001_R1_001.fastq.gz	NA	NA	NA	NA	NA	2019	2a3017n1-WGS-Colony-Rep1	NA	SUB15004279	NA	NA	NA	Homo sapiens	2a3017n1-WGS-Colony-Rep1	pathogen;pathogen:priority;pathogen:bacterium	2025-01-14	NA	NA	SRX27325128	Staphylococcus aureus	NA	1280	PRJNA1209594	NA	NA	NA	NA	NA	NA	Homo sapiens	NA	SRR31969842	SRS23764625	NA	NA	NA	NA	NA	NA	NA	NA	NA	NA	2025-01-14	NA	PRJNA1209594	NA	NA	NA	NA	NA	nares
SRR31969836	NextSeq 500 sequencing: WGS of Staphylococcus aureus pooled colonies from human nasal samples	SAMN46224569	NA	SRA2049563	NA	NA	NA	NA	size fractionation	NA	NA	NA	NA	NA	2025-01-14	NA	NA	NA	NA	NA	NA	72944213	NA	NA	NA	NA	NA	NA	2a4039n1	103548150	ILLUMINA	NA	NA	NA	fasp.sra.ebi.ac.uk:/vol1/srr/SRR319/036/SRR31969836/SRR31969836	NA	NA	NA	NA	NA	NA	NA	NA	NA	NA	ftp.sra.ebi.ac.uk/vol1/fastq/SRR319/036/SRR31969836/SRR31969836.fastq.gz	NA	NA	NA	NA	NA	NA	USA: Arizona	Microbe, viral or environmental	Pooled colonies from nasal sample swab from person 2a4039n1	ftp.sra.ebi.ac.uk/vol1/srr/SRR319/036/SRR31969836/SRR31969836	NA	b24ef8d985cba3a660fa59102ed44f04	SRP556785	NA	1160612	Parallel whole genome sequencing and amplicon sequencing of Staphylococcus aureus pooled colonies	NA	NA	NA	NA	NA	2019-12-31	NA	Pooled colonies from nasal sample swab from person 2a4039n1	NA	NA	NA	NA	NextSeq 500	NA	NA	NA	NA	NA	NA	NextSeq 500 sequencing: WGS of Staphylococcus aureus pooled colonies from human nasal samples	NA	NA	NA	9606	NA	NA	f298eb8f4581b967110c84ce55d3633a	NA	ftp.sra.ebi.ac.uk/vol1/fastq/SRR319/036/SRR31969836/SRR31969836.fastq.gz	NA	NA	NA	NA	175252412	WGS	NA	NA	NA	NA	GENOMIC	ftp.sra.ebi.ac.uk/vol1/srr/SRR319/036/SRR31969836/SRR31969836	NA	SINGLE	NA	NA	NA	NA	NA	NA	NA	NA	NA	dcc_compare	NA	NA	NA	NA	NA	NA	NA	NA	NA	NA	NA	public	NA	NA	fasp.sra.ebi.ac.uk:/vol1/fastq/SRR319/036/SRR31969836/SRR31969836.fastq.gz	1;131567;2;1783272;1239;91061;1385;90964;1279;1280	NA	NA	2a4039n1	NA	2019-01-01	NA	NA	SA-2a4039n1-PopSample155-IS-xxx-2019-099-TP_S149_L001_R1_001.fastq.gz	NA	NA	NA	NA	NA	2019	2a4039n1-WGS-Pop-Rep1	NA	SUB15004279	NA	NA	NA	Homo sapiens	2a4039n1-WGS-Pop-Rep1	pathogen;pathogen:priority;pathogen:bacterium	2025-01-14	NA	NA	SRX27325134	Staphylococcus aureus	NA	1280	PRJNA1209594	NA	NA	NA	NA	NA	NA	Homo sapiens	NA	SRR31969836	SRS23764619	NA	NA	NA	NA	NA	NA	NA	NA	NA	NA	2025-01-14	NA	PRJNA1209594	NA	NA	NA	NA	NA	nares
SRR31969848	Illumina MiSeq sequencing: AmpSeq of Staphylococcus aureus pooled colonies from human nasal samples	SAMN46224572	NA	SRA2049563	NA	NA	NA	NA	PCR	NA	NA	NA	NA	NA	2025-01-14	NA	NA	NA	NA	NA	NA	1176991	NA	NA	NA	NA	NA	NA	2a3002n1	420606;446035	ILLUMINA	NA	NA	NA	fasp.sra.ebi.ac.uk:/vol1/srr/SRR319/048/SRR31969848/SRR31969848	NA	NA	NA	NA	NA	NA	NA	NA	NA	NA	ftp.sra.ebi.ac.uk/vol1/fastq/SRR319/048/SRR31969848/SRR31969848_1.fastq.gz;ftp.sra.ebi.ac.uk/vol1/fastq/SRR319/048/SRR31969848/SRR31969848_2.fastq.gz	NA	NA	NA	NA	NA	NA	USA: Arizona	Microbe, viral or environmental	Pooled colonies from nasal sample swab from person 2a3002n1	ftp.sra.ebi.ac.uk/vol1/srr/SRR319/048/SRR31969848/SRR31969848	NA	3e5125f7b05f38e5dfc6855a8050d76e;40f2cf3eb70fd12e009704aada5681c8	SRP556785	NA	8049	Parallel whole genome sequencing and amplicon sequencing of Staphylococcus aureus pooled colonies	NA	NA	NA	NA	NA	2019-12-31	NA	Pooled colonies from nasal sample swab from person 2a3002n1	NA	NA	NA	NA	Illumina MiSeq	NA	NA	NA	NA	NA	NA	Illumina MiSeq sequencing: AmpSeq of Staphylococcus aureus pooled colonies from human nasal samples	NA	NA	NA	9606	NA	NA	b5b91840d831dbc3368cf6d48cc4482a	NA	ftp.sra.ebi.ac.uk/vol1/fastq/SRR319/048/SRR31969848/SRR31969848_1.fastq.gz;ftp.sra.ebi.ac.uk/vol1/fastq/SRR319/048/SRR31969848/SRR31969848_2.fastq.gz	NA	NA	NA	NA	2430798	AMPLICON	NA	NA	NA	NA	GENOMIC	ftp.sra.ebi.ac.uk/vol1/srr/SRR319/048/SRR31969848/SRR31969848	NA	PAIRED	NA	NA	NA	NA	NA	NA	NA	NA	NA	dcc_compare	NA	NA	NA	NA	NA	NA	NA	NA	NA	NA	NA	public	NA	NA	fasp.sra.ebi.ac.uk:/vol1/fastq/SRR319/048/SRR31969848/SRR31969848_1.fastq.gz;fasp.sra.ebi.ac.uk:/vol1/fastq/SRR319/048/SRR31969848/SRR31969848_2.fastq.gz	1;131567;2;1783272;1239;91061;1385;90964;1279;1280	NA	NA	2a3002n1	NA	2019-01-01	NA	NA	SA-2a3002n1poptrans-xx-xx-xxx-xxxx-099-TP_S17_L001_R1_001.fastq.gz	NA	NA	NA	NA	NA	2019	2a3002n1-AMP-Pop-Rep1	NA	SUB15004279	NA	NA	NA	Homo sapiens	2a3002n1-AMP-Pop-Rep1	pathogen;pathogen:priority;pathogen:bacterium	2025-01-14	NA	NA	SRX27325122	Staphylococcus aureus	NA	1280	PRJNA1209594	NA	NA	NA	NA	NA	NA	Homo sapiens	NA	SRR31969848	SRS23764624	NA	NA	NA	NA	NA	NA	NA	NA	NA	NA	2025-01-14	NA	PRJNA1209594	NA	NA	NA	NA	NA	nares
SRR31969849	NextSeq 500 sequencing: WGS of Staphylococcus aureus pooled colonies from human nasal samples	SAMN46224572	NA	SRA2049563	NA	NA	NA	NA	size fractionation	NA	NA	NA	NA	NA	2025-01-14	NA	NA	NA	NA	NA	NA	85646690	NA	NA	NA	NA	NA	NA	2a3002n1	121441586	ILLUMINA	NA	NA	NA	fasp.sra.ebi.ac.uk:/vol1/srr/SRR319/049/SRR31969849/SRR31969849	NA	NA	NA	NA	NA	NA	NA	NA	NA	NA	ftp.sra.ebi.ac.uk/vol1/fastq/SRR319/049/SRR31969849/SRR31969849.fastq.gz	NA	NA	NA	NA	NA	NA	USA: Arizona	Microbe, viral or environmental	Pooled colonies from nasal sample swab from person 2a3002n1	ftp.sra.ebi.ac.uk/vol1/srr/SRR319/049/SRR31969849/SRR31969849	NA	776be7ec1501b0bee3f4d7cacacc9da0	SRP556785	NA	1356319	Parallel whole genome sequencing and amplicon sequencing of Staphylococcus aureus pooled colonies	NA	NA	NA	NA	NA	2019-12-31	NA	Pooled colonies from nasal sample swab from person 2a3002n1	NA	NA	NA	NA	NextSeq 500	NA	NA	NA	NA	NA	NA	NextSeq 500 sequencing: WGS of Staphylococcus aureus pooled colonies from human nasal samples	NA	NA	NA	9606	NA	NA	5c1d0ca09130165d0a8c9fe61a4a6203	NA	ftp.sra.ebi.ac.uk/vol1/fastq/SRR319/049/SRR31969849/SRR31969849.fastq.gz	NA	NA	NA	NA	204804169	WGS	NA	NA	NA	NA	GENOMIC	ftp.sra.ebi.ac.uk/vol1/srr/SRR319/049/SRR31969849/SRR31969849	NA	SINGLE	NA	NA	NA	NA	NA	NA	NA	NA	NA	dcc_compare	NA	NA	NA	NA	NA	NA	NA	NA	NA	NA	NA	public	NA	NA	fasp.sra.ebi.ac.uk:/vol1/fastq/SRR319/049/SRR31969849/SRR31969849.fastq.gz	1;131567;2;1783272;1239;91061;1385;90964;1279;1280	NA	NA	2a3002n1	NA	2019-01-01	NA	NA	SA-2a3002n1-PopSample76-IS-xxx-2019-099-TP_S76_L001_R1_001.fastq.gz	NA	NA	NA	NA	NA	2019	2a3002n1-WGS-Pop-Rep1	NA	SUB15004279	NA	NA	NA	Homo sapiens	2a3002n1-WGS-Pop-Rep1	pathogen;pathogen:priority;pathogen:bacterium	2025-01-14	NA	NA	SRX27325121	Staphylococcus aureus	NA	1280	PRJNA1209594	NA	NA	NA	NA	NA	NA	Homo sapiens	NA	SRR31969849	SRS23764624	NA	NA	NA	NA	NA	NA	NA	NA	NA	NA	2025-01-14	NA	PRJNA1209594	NA	NA	NA	NA	NA	nares
SRR31969852	Illumina MiSeq sequencing: AmpSeq of Staphylococcus aureus pooled colonies from human nasal samples	SAMN46224563	NA	SRA2049563	NA	NA	NA	NA	PCR	NA	NA	NA	NA	NA	2025-01-14	NA	NA	NA	NA	NA	NA	8833098	NA	NA	NA	NA	NA	NA	2a2027n1	3285310;4381735	ILLUMINA	NA	NA	NA	fasp.sra.ebi.ac.uk:/vol1/srr/SRR319/052/SRR31969852/SRR31969852	NA	NA	NA	NA	NA	NA	NA	NA	NA	NA	ftp.sra.ebi.ac.uk/vol1/fastq/SRR319/052/SRR31969852/SRR31969852_1.fastq.gz;ftp.sra.ebi.ac.uk/vol1/fastq/SRR319/052/SRR31969852/SRR31969852_2.fastq.gz	NA	NA	NA	NA	NA	NA	USA: Arizona	Microbe, viral or environmental	Pooled colonies from nasal sample swab from person 2a2027n1	ftp.sra.ebi.ac.uk/vol1/srr/SRR319/052/SRR31969852/SRR31969852	NA	1b092b10b1aa7fdef39d6373e526c366;ac5a36eac0a94acba6eed85585b71e63	SRP556785	NA	31128	Parallel whole genome sequencing and amplicon sequencing of Staphylococcus aureus pooled colonies	NA	NA	NA	NA	NA	2019-12-31	NA	Pooled colonies from nasal sample swab from person 2a2027n1	NA	NA	NA	NA	Illumina MiSeq	NA	NA	NA	NA	NA	NA	Illumina MiSeq sequencing: AmpSeq of Staphylococcus aureus pooled colonies from human nasal samples	NA	NA	NA	9606	NA	NA	a7437e42972bea74e565cfee8b28d6e5	NA	ftp.sra.ebi.ac.uk/vol1/fastq/SRR319/052/SRR31969852/SRR31969852_1.fastq.gz;ftp.sra.ebi.ac.uk/vol1/fastq/SRR319/052/SRR31969852/SRR31969852_2.fastq.gz	NA	NA	NA	NA	15626256	AMPLICON	NA	NA	NA	NA	GENOMIC	ftp.sra.ebi.ac.uk/vol1/srr/SRR319/052/SRR31969852/SRR31969852	NA	PAIRED	NA	NA	NA	NA	NA	NA	NA	NA	NA	dcc_compare	NA	NA	NA	NA	NA	NA	NA	NA	NA	NA	NA	public	NA	NA	fasp.sra.ebi.ac.uk:/vol1/fastq/SRR319/052/SRR31969852/SRR31969852_1.fastq.gz;fasp.sra.ebi.ac.uk:/vol1/fastq/SRR319/052/SRR31969852/SRR31969852_2.fastq.gz	1;131567;2;1783272;1239;91061;1385;90964;1279;1280	NA	NA	2a2027n1	NA	2019-01-01	NA	NA	12-RepeatT0_S24_L001_R1_001.fastq.gz	NA	NA	NA	NA	NA	2019	2a2027n1-AMP-Pop-Rep2	NA	SUB15004279	NA	NA	NA	Homo sapiens	2a2027n1-AMP-Pop-Rep2	pathogen;pathogen:priority;pathogen:bacterium	2025-01-14	NA	NA	SRX27325118	Staphylococcus aureus	NA	1280	PRJNA1209594	NA	NA	NA	NA	NA	NA	Homo sapiens	NA	SRR31969852	SRS23764622	NA	NA	NA	NA	NA	NA	NA	NA	NA	NA	2025-01-14	NA	PRJNA1209594	NA	NA	NA	NA	NA	nares
SRR31969858	Illumina MiSeq sequencing: AmpSeq of Staphylococcus aureus pooled colonies from human nasal samples	SAMN46224570	NA	SRA2049563	NA	NA	NA	NA	PCR	NA	NA	NA	NA	NA	2025-01-14	NA	NA	NA	NA	NA	NA	11203485	NA	NA	NA	NA	NA	NA	2a3005n1	3935799;6075011	ILLUMINA	NA	NA	NA	fasp.sra.ebi.ac.uk:/vol1/srr/SRR319/058/SRR31969858/SRR31969858	NA	NA	NA	NA	NA	NA	NA	NA	NA	NA	ftp.sra.ebi.ac.uk/vol1/fastq/SRR319/058/SRR31969858/SRR31969858_1.fastq.gz;ftp.sra.ebi.ac.uk/vol1/fastq/SRR319/058/SRR31969858/SRR31969858_2.fastq.gz	NA	NA	NA	NA	NA	NA	USA: Arizona	Microbe, viral or environmental	Pooled colonies from nasal sample swab from person 2a3005n1	ftp.sra.ebi.ac.uk/vol1/srr/SRR319/058/SRR31969858/SRR31969858	NA	8c5f8086361c0d22cd4849cf19a97050;5a7be03eeb8078e795a4352d79b90164	SRP556785	NA	37626	Parallel whole genome sequencing and amplicon sequencing of Staphylococcus aureus pooled colonies	NA	NA	NA	NA	NA	2019-12-31	NA	Pooled colonies from nasal sample swab from person 2a3005n1	NA	NA	NA	NA	Illumina MiSeq	NA	NA	NA	NA	NA	NA	Illumina MiSeq sequencing: AmpSeq of Staphylococcus aureus pooled colonies from human nasal samples	NA	NA	NA	9606	NA	NA	a945b896b07d92f3331019c6ce5ac763	NA	ftp.sra.ebi.ac.uk/vol1/fastq/SRR319/058/SRR31969858/SRR31969858_1.fastq.gz;ftp.sra.ebi.ac.uk/vol1/fastq/SRR319/058/SRR31969858/SRR31969858_2.fastq.gz	NA	NA	NA	NA	18888252	AMPLICON	NA	NA	NA	NA	GENOMIC	ftp.sra.ebi.ac.uk/vol1/srr/SRR319/058/SRR31969858/SRR31969858	NA	PAIRED	NA	NA	NA	NA	NA	NA	NA	NA	NA	dcc_compare	NA	NA	NA	NA	NA	NA	NA	NA	NA	NA	NA	public	NA	NA	fasp.sra.ebi.ac.uk:/vol1/fastq/SRR319/058/SRR31969858/SRR31969858_1.fastq.gz;fasp.sra.ebi.ac.uk:/vol1/fastq/SRR319/058/SRR31969858/SRR31969858_2.fastq.gz	1;131567;2;1783272;1239;91061;1385;90964;1279;1280	NA	NA	2a3005n1	NA	2019-01-01	NA	NA	6-T0_S11_L001_R1_001.fastq.gz	NA	NA	NA	NA	NA	2019	2a3005n1-AMP-Pop-Rep1	NA	SUB15004279	NA	NA	NA	Homo sapiens	2a3005n1-AMP-Pop-Rep1	pathogen;pathogen:priority;pathogen:bacterium	2025-01-14	NA	NA	SRX27325112	Staphylococcus aureus	NA	1280	PRJNA1209594	NA	NA	NA	NA	NA	NA	Homo sapiens	NA	SRR31969858	SRS23764620	NA	NA	NA	NA	NA	NA	NA	NA	NA	NA	2025-01-14	NA	PRJNA1209594	NA	NA	NA	NA	NA	nares
SRR31969859	Illumina MiSeq sequencing: AmpSeq of Staphylococcus aureus pooled colonies from human nasal samples	SAMN46224570	NA	SRA2049563	NA	NA	NA	NA	PCR	NA	NA	NA	NA	NA	2025-01-14	NA	NA	NA	NA	NA	NA	10674796	NA	NA	NA	NA	NA	NA	2a3005n1	4049772;5255278	ILLUMINA	NA	NA	NA	fasp.sra.ebi.ac.uk:/vol1/srr/SRR319/059/SRR31969859/SRR31969859	NA	NA	NA	NA	NA	NA	NA	NA	NA	NA	ftp.sra.ebi.ac.uk/vol1/fastq/SRR319/059/SRR31969859/SRR31969859_1.fastq.gz;ftp.sra.ebi.ac.uk/vol1/fastq/SRR319/059/SRR31969859/SRR31969859_2.fastq.gz	NA	NA	NA	NA	NA	NA	USA: Arizona	Microbe, viral or environmental	Pooled colonies from nasal sample swab from person 2a3005n1	ftp.sra.ebi.ac.uk/vol1/srr/SRR319/059/SRR31969859/SRR31969859	NA	232b985044dfbab9cb6fddebae064ee8;0608c8928563ca0e587c1c471da1739b	SRP556785	NA	37475	Parallel whole genome sequencing and amplicon sequencing of Staphylococcus aureus pooled colonies	NA	NA	NA	NA	NA	2019-12-31	NA	Pooled colonies from nasal sample swab from person 2a3005n1	NA	NA	NA	NA	Illumina MiSeq	NA	NA	NA	NA	NA	NA	Illumina MiSeq sequencing: AmpSeq of Staphylococcus aureus pooled colonies from human nasal samples	NA	NA	NA	9606	NA	NA	b6a02c5dd90e0ea30b6751db24e7d26d	NA	ftp.sra.ebi.ac.uk/vol1/fastq/SRR319/059/SRR31969859/SRR31969859_1.fastq.gz;ftp.sra.ebi.ac.uk/vol1/fastq/SRR319/059/SRR31969859/SRR31969859_2.fastq.gz	NA	NA	NA	NA	18812450	AMPLICON	NA	NA	NA	NA	GENOMIC	ftp.sra.ebi.ac.uk/vol1/srr/SRR319/059/SRR31969859/SRR31969859	NA	PAIRED	NA	NA	NA	NA	NA	NA	NA	NA	NA	dcc_compare	NA	NA	NA	NA	NA	NA	NA	NA	NA	NA	NA	public	NA	NA	fasp.sra.ebi.ac.uk:/vol1/fastq/SRR319/059/SRR31969859/SRR31969859_1.fastq.gz;fasp.sra.ebi.ac.uk:/vol1/fastq/SRR319/059/SRR31969859/SRR31969859_2.fastq.gz	1;131567;2;1783272;1239;91061;1385;90964;1279;1280	NA	NA	2a3005n1	NA	2019-01-01	NA	NA	6-RepeatT0_S12_L001_R1_001.fastq.gz	NA	NA	NA	NA	NA	2019	2a3005n1-AMP-Pop-Rep2	NA	SUB15004279	NA	NA	NA	Homo sapiens	2a3005n1-AMP-Pop-Rep2	pathogen;pathogen:priority;pathogen:bacterium	2025-01-14	NA	NA	SRX27325111	Staphylococcus aureus	NA	1280	PRJNA1209594	NA	NA	NA	NA	NA	NA	Homo sapiens	NA	SRR31969859	SRS23764620	NA	NA	NA	NA	NA	NA	NA	NA	NA	NA	2025-01-14	NA	PRJNA1209594	NA	NA	NA	NA	NA	nares
SRR31969860	Illumina MiSeq sequencing: AmpSeq of Staphylococcus aureus pooled colonies from human nasal samples	SAMN46224569	NA	SRA2049563	NA	NA	NA	NA	PCR	NA	NA	NA	NA	NA	2025-01-14	NA	NA	NA	NA	NA	NA	13429657	NA	NA	NA	NA	NA	NA	2a4039n1	4928036;7011280	ILLUMINA	NA	NA	NA	fasp.sra.ebi.ac.uk:/vol1/srr/SRR319/060/SRR31969860/SRR31969860	NA	NA	NA	NA	NA	NA	NA	NA	NA	NA	ftp.sra.ebi.ac.uk/vol1/fastq/SRR319/060/SRR31969860/SRR31969860_1.fastq.gz;ftp.sra.ebi.ac.uk/vol1/fastq/SRR319/060/SRR31969860/SRR31969860_2.fastq.gz	NA	NA	NA	NA	NA	NA	USA: Arizona	Microbe, viral or environmental	Pooled colonies from nasal sample swab from person 2a4039n1	ftp.sra.ebi.ac.uk/vol1/srr/SRR319/060/SRR31969860/SRR31969860	NA	8f03592216abc3adf6c630ce1df7ae16;07abfdaf01eb51bf4c1fe195aa85d9d9	SRP556785	NA	45831	Parallel whole genome sequencing and amplicon sequencing of Staphylococcus aureus pooled colonies	NA	NA	NA	NA	NA	2019-12-31	NA	Pooled colonies from nasal sample swab from person 2a4039n1	NA	NA	NA	NA	Illumina MiSeq	NA	NA	NA	NA	NA	NA	Illumina MiSeq sequencing: AmpSeq of Staphylococcus aureus pooled colonies from human nasal samples	NA	NA	NA	9606	NA	NA	5a2d9d1271b7228c0d135e8f978f3823	NA	ftp.sra.ebi.ac.uk/vol1/fastq/SRR319/060/SRR31969860/SRR31969860_1.fastq.gz;ftp.sra.ebi.ac.uk/vol1/fastq/SRR319/060/SRR31969860/SRR31969860_2.fastq.gz	NA	NA	NA	NA	23007162	AMPLICON	NA	NA	NA	NA	GENOMIC	ftp.sra.ebi.ac.uk/vol1/srr/SRR319/060/SRR31969860/SRR31969860	NA	PAIRED	NA	NA	NA	NA	NA	NA	NA	NA	NA	dcc_compare	NA	NA	NA	NA	NA	NA	NA	NA	NA	NA	NA	public	NA	NA	fasp.sra.ebi.ac.uk:/vol1/fastq/SRR319/060/SRR31969860/SRR31969860_1.fastq.gz;fasp.sra.ebi.ac.uk:/vol1/fastq/SRR319/060/SRR31969860/SRR31969860_2.fastq.gz	1;131567;2;1783272;1239;91061;1385;90964;1279;1280	NA	NA	2a4039n1	NA	2019-01-01	NA	NA	5-T0_S9_L001_R1_001.fastq.gz	NA	NA	NA	NA	NA	2019	2a4039n1-AMP-Pop-Rep1	NA	SUB15004279	NA	NA	NA	Homo sapiens	2a4039n1-AMP-Pop-Rep1	pathogen;pathogen:priority;pathogen:bacterium	2025-01-14	NA	NA	SRX27325110	Staphylococcus aureus	NA	1280	PRJNA1209594	NA	NA	NA	NA	NA	NA	Homo sapiens	NA	SRR31969860	SRS23764619	NA	NA	NA	NA	NA	NA	NA	NA	NA	NA	2025-01-14	NA	PRJNA1209594	NA	NA	NA	NA	NA	nares
SRR31969837	NextSeq 500 sequencing: WGS of Staphylococcus aureus Colony from human nasal samples	SAMN46224566	NA	SRA2049563	NA	NA	NA	NA	size fractionation	NA	NA	NA	NA	NA	2025-01-14	NA	NA	NA	NA	NA	NA	141539956	NA	NA	NA	NA	NA	NA	2a4023n1	214567871	ILLUMINA	NA	NA	NA	fasp.sra.ebi.ac.uk:/vol1/srr/SRR319/037/SRR31969837/SRR31969837	NA	NA	NA	NA	NA	NA	NA	NA	NA	NA	ftp.sra.ebi.ac.uk/vol1/fastq/SRR319/037/SRR31969837/SRR31969837.fastq.gz	NA	NA	NA	NA	NA	NA	USA: Arizona	Microbe, viral or environmental	Pooled colonies from nasal sample swab from person 2a4023n1	ftp.sra.ebi.ac.uk/vol1/srr/SRR319/037/SRR31969837/SRR31969837	NA	283ca1fd9d27b9db05642ef9107e0926	SRP556785	NA	4049446	Parallel whole genome sequencing and amplicon sequencing of Staphylococcus aureus pooled colonies	NA	NA	NA	NA	NA	2019-12-31	NA	Pooled colonies from nasal sample swab from person 2a4023n1	NA	NA	NA	NA	NextSeq 500	NA	NA	NA	NA	NA	NA	NextSeq 500 sequencing: WGS of Staphylococcus aureus Colony from human nasal samples	NA	NA	NA	9606	NA	NA	6f8779d3b3bc4d3ddd8a0c8ae45a7020	NA	ftp.sra.ebi.ac.uk/vol1/fastq/SRR319/037/SRR31969837/SRR31969837.fastq.gz	NA	NA	NA	NA	303708450	WGS	NA	NA	NA	NA	GENOMIC	ftp.sra.ebi.ac.uk/vol1/srr/SRR319/037/SRR31969837/SRR31969837	NA	SINGLE	NA	NA	NA	NA	NA	NA	NA	NA	NA	dcc_compare	NA	NA	NA	NA	NA	NA	NA	NA	NA	NA	NA	public	NA	NA	fasp.sra.ebi.ac.uk:/vol1/fastq/SRR319/037/SRR31969837/SRR31969837.fastq.gz	1;131567;2;1783272;1239;91061;1385;90964;1279;1280	NA	NA	2a4023n1	NA	2019-01-01	NA	NA	SA-2a4023n1-xx-xx-USA-2018-099-TP_S83_L001_R1_001.fastq.gz	NA	NA	NA	NA	NA	2019	2a4023n1-WGS-Colony-Rep1	NA	SUB15004279	NA	NA	NA	Homo sapiens	2a4023n1-WGS-Colony-Rep1	pathogen;pathogen:priority;pathogen:bacterium	2025-01-14	NA	NA	SRX27325133	Staphylococcus aureus	NA	1280	PRJNA1209594	NA	NA	NA	NA	NA	NA	Homo sapiens	NA	SRR31969837	SRS23764627	NA	NA	NA	NA	NA	NA	NA	NA	NA	NA	2025-01-14	NA	PRJNA1209594	NA	NA	NA	NA	NA	nares
SRR31969839	NextSeq 500 sequencing: WGS of Staphylococcus aureus pooled colonies from human nasal samples	SAMN46224573	NA	SRA2049563	NA	NA	NA	NA	size fractionation	NA	NA	NA	NA	NA	2025-01-14	NA	NA	NA	NA	NA	NA	263943769	NA	NA	NA	NA	NA	NA	2a4018n1	367533028	ILLUMINA	NA	NA	NA	fasp.sra.ebi.ac.uk:/vol1/srr/SRR319/039/SRR31969839/SRR31969839	NA	NA	NA	NA	NA	NA	NA	NA	NA	NA	ftp.sra.ebi.ac.uk/vol1/fastq/SRR319/039/SRR31969839/SRR31969839.fastq.gz	NA	NA	NA	NA	NA	NA	USA: Arizona	Microbe, viral or environmental	Pooled colonies from nasal sample swab from person 2a4018n1	ftp.sra.ebi.ac.uk/vol1/srr/SRR319/039/SRR31969839/SRR31969839	NA	69e5bdde60487c96315c78359b3b2e41	SRP556785	NA	3768093	Parallel whole genome sequencing and amplicon sequencing of Staphylococcus aureus pooled colonies	NA	NA	NA	NA	NA	2019-12-31	NA	Pooled colonies from nasal sample swab from person 2a4018n1	NA	NA	NA	NA	NextSeq 500	NA	NA	NA	NA	NA	NA	NextSeq 500 sequencing: WGS of Staphylococcus aureus pooled colonies from human nasal samples	NA	NA	NA	9606	NA	NA	7a071b908e0a32a705d1025d21b7eb7b	NA	ftp.sra.ebi.ac.uk/vol1/fastq/SRR319/039/SRR31969839/SRR31969839.fastq.gz	NA	NA	NA	NA	568982043	WGS	NA	NA	NA	NA	GENOMIC	ftp.sra.ebi.ac.uk/vol1/srr/SRR319/039/SRR31969839/SRR31969839	NA	SINGLE	NA	NA	NA	NA	NA	NA	NA	NA	NA	dcc_compare	NA	NA	NA	NA	NA	NA	NA	NA	NA	NA	NA	public	NA	NA	fasp.sra.ebi.ac.uk:/vol1/fastq/SRR319/039/SRR31969839/SRR31969839.fastq.gz	1;131567;2;1783272;1239;91061;1385;90964;1279;1280	NA	NA	2a4018n1	NA	2019-01-01	NA	NA	SA-2a4018n1r-xx-xx-xxx-2019-099-TP_S100_R1_001.fastq.gz	NA	NA	NA	NA	NA	2019	2a4018n1-WGS-Pop-Rep2	NA	SUB15004279	NA	NA	NA	Homo sapiens	2a4018n1-WGS-Pop-Rep2	pathogen;pathogen:priority;pathogen:bacterium	2025-01-14	NA	NA	SRX27325131	Staphylococcus aureus	NA	1280	PRJNA1209594	NA	NA	NA	NA	NA	NA	Homo sapiens	NA	SRR31969839	SRS23764626	NA	NA	NA	NA	NA	NA	NA	NA	NA	NA	2025-01-14	NA	PRJNA1209594	NA	NA	NA	NA	NA	nares
SRR31969844	NextSeq 500 sequencing: WGS of Staphylococcus aureus Colony from human nasal samples	SAMN46224570	NA	SRA2049563	NA	NA	NA	NA	size fractionation	NA	NA	NA	NA	NA	2025-01-14	NA	NA	NA	NA	NA	NA	161623582	NA	NA	NA	NA	NA	NA	2a3005n1	243126780	ILLUMINA	NA	NA	NA	fasp.sra.ebi.ac.uk:/vol1/srr/SRR319/044/SRR31969844/SRR31969844	NA	NA	NA	NA	NA	NA	NA	NA	NA	NA	ftp.sra.ebi.ac.uk/vol1/fastq/SRR319/044/SRR31969844/SRR31969844.fastq.gz	NA	NA	NA	NA	NA	NA	USA: Arizona	Microbe, viral or environmental	Pooled colonies from nasal sample swab from person 2a3005n1	ftp.sra.ebi.ac.uk/vol1/srr/SRR319/044/SRR31969844/SRR31969844	NA	f72d85d5152a396c68cf9d8d3bd5c159	SRP556785	NA	4598588	Parallel whole genome sequencing and amplicon sequencing of Staphylococcus aureus pooled colonies	NA	NA	NA	NA	NA	2019-12-31	NA	Pooled colonies from nasal sample swab from person 2a3005n1	NA	NA	NA	NA	NextSeq 500	NA	NA	NA	NA	NA	NA	NextSeq 500 sequencing: WGS of Staphylococcus aureus Colony from human nasal samples	NA	NA	NA	9606	NA	NA	db2fda1913a564a2fe93f1b55abda6fa	NA	ftp.sra.ebi.ac.uk/vol1/fastq/SRR319/044/SRR31969844/SRR31969844.fastq.gz	NA	NA	NA	NA	344894100	WGS	NA	NA	NA	NA	GENOMIC	ftp.sra.ebi.ac.uk/vol1/srr/SRR319/044/SRR31969844/SRR31969844	NA	SINGLE	NA	NA	NA	NA	NA	NA	NA	NA	NA	dcc_compare	NA	NA	NA	NA	NA	NA	NA	NA	NA	NA	NA	public	NA	NA	fasp.sra.ebi.ac.uk:/vol1/fastq/SRR319/044/SRR31969844/SRR31969844.fastq.gz	1;131567;2;1783272;1239;91061;1385;90964;1279;1280	NA	NA	2a3005n1	NA	2019-01-01	NA	NA	SA-2a3005n1-xx-xx-USA-2018-099-TP_S36_L001_R1_001.fastq.gz	NA	NA	NA	NA	NA	2019	2a3005n1-WGS-Colony-Rep1	NA	SUB15004279	NA	NA	NA	Homo sapiens	2a3005n1-WGS-Colony-Rep1	pathogen;pathogen:priority;pathogen:bacterium	2025-01-14	NA	NA	SRX27325126	Staphylococcus aureus	NA	1280	PRJNA1209594	NA	NA	NA	NA	NA	NA	Homo sapiens	NA	SRR31969844	SRS23764620	NA	NA	NA	NA	NA	NA	NA	NA	NA	NA	2025-01-14	NA	PRJNA1209594	NA	NA	NA	NA	NA	nares
SRR31969845	NextSeq 500 sequencing: WGS of Staphylococcus aureus pooled colonies from human nasal samples	SAMN46224570	NA	SRA2049563	NA	NA	NA	NA	size fractionation	NA	NA	NA	NA	NA	2025-01-14	NA	NA	NA	NA	NA	NA	81948937	NA	NA	NA	NA	NA	NA	2a3005n1	116237400	ILLUMINA	NA	NA	NA	fasp.sra.ebi.ac.uk:/vol1/srr/SRR319/045/SRR31969845/SRR31969845	NA	NA	NA	NA	NA	NA	NA	NA	NA	NA	ftp.sra.ebi.ac.uk/vol1/fastq/SRR319/045/SRR31969845/SRR31969845.fastq.gz	NA	NA	NA	NA	NA	NA	USA: Arizona	Microbe, viral or environmental	Pooled colonies from nasal sample swab from person 2a3005n1	ftp.sra.ebi.ac.uk/vol1/srr/SRR319/045/SRR31969845/SRR31969845	NA	777e31728092881a7a89f12207afe0a1	SRP556785	NA	1300214	Parallel whole genome sequencing and amplicon sequencing of Staphylococcus aureus pooled colonies	NA	NA	NA	NA	NA	2019-12-31	NA	Pooled colonies from nasal sample swab from person 2a3005n1	NA	NA	NA	NA	NextSeq 500	NA	NA	NA	NA	NA	NA	NextSeq 500 sequencing: WGS of Staphylococcus aureus pooled colonies from human nasal samples	NA	NA	NA	9606	NA	NA	312f10bd1380c3ef87f6ff431029dfa8	NA	ftp.sra.ebi.ac.uk/vol1/fastq/SRR319/045/SRR31969845/SRR31969845.fastq.gz	NA	NA	NA	NA	196332314	WGS	NA	NA	NA	NA	GENOMIC	ftp.sra.ebi.ac.uk/vol1/srr/SRR319/045/SRR31969845/SRR31969845	NA	SINGLE	NA	NA	NA	NA	NA	NA	NA	NA	NA	dcc_compare	NA	NA	NA	NA	NA	NA	NA	NA	NA	NA	NA	public	NA	NA	fasp.sra.ebi.ac.uk:/vol1/fastq/SRR319/045/SRR31969845/SRR31969845.fastq.gz	1;131567;2;1783272;1239;91061;1385;90964;1279;1280	NA	NA	2a3005n1	NA	2019-01-01	NA	NA	SA-2a3005n1-PopSample36-IS-xxx-2019-099-TP_S36_L001_R1_001.fastq.gz	NA	NA	NA	NA	NA	2019	2a3005n1-WGS-Pop-Rep1	NA	SUB15004279	NA	NA	NA	Homo sapiens	2a3005n1-WGS-Pop-Rep1	pathogen;pathogen:priority;pathogen:bacterium	2025-01-14	NA	NA	SRX27325125	Staphylococcus aureus	NA	1280	PRJNA1209594	NA	NA	NA	NA	NA	NA	Homo sapiens	NA	SRR31969845	SRS23764620	NA	NA	NA	NA	NA	NA	NA	NA	NA	NA	2025-01-14	NA	PRJNA1209594	NA	NA	NA	NA	NA	nares
SRR31969850	NextSeq 500 sequencing: WGS of Staphylococcus aureus Colony from human nasal samples	SAMN46224571	NA	SRA2049563	NA	NA	NA	NA	size fractionation	NA	NA	NA	NA	NA	2025-01-14	NA	NA	NA	NA	NA	NA	59488591	NA	NA	NA	NA	NA	NA	2a2050n1	85864745	ILLUMINA	NA	NA	NA	fasp.sra.ebi.ac.uk:/vol1/srr/SRR319/050/SRR31969850/SRR31969850	NA	NA	NA	NA	NA	NA	NA	NA	NA	NA	ftp.sra.ebi.ac.uk/vol1/fastq/SRR319/050/SRR31969850/SRR31969850.fastq.gz	NA	NA	NA	NA	NA	NA	USA: Arizona	Microbe, viral or environmental	Pooled colonies from nasal sample swab from person 2a2050n1	ftp.sra.ebi.ac.uk/vol1/srr/SRR319/050/SRR31969850/SRR31969850	NA	8cfcf6a49fb02e60ef09549bbc1466b6	SRP556785	NA	1619432	Parallel whole genome sequencing and amplicon sequencing of Staphylococcus aureus pooled colonies	NA	NA	NA	NA	NA	2019-12-31	NA	Pooled colonies from nasal sample swab from person 2a2050n1	NA	NA	NA	NA	NextSeq 500	NA	NA	NA	NA	NA	NA	NextSeq 500 sequencing: WGS of Staphylococcus aureus Colony from human nasal samples	NA	NA	NA	9606	NA	NA	1f52b844a2eba08bfd8539dedbc6754c	NA	ftp.sra.ebi.ac.uk/vol1/fastq/SRR319/050/SRR31969850/SRR31969850.fastq.gz	NA	NA	NA	NA	121457400	WGS	NA	NA	NA	NA	GENOMIC	ftp.sra.ebi.ac.uk/vol1/srr/SRR319/050/SRR31969850/SRR31969850	NA	SINGLE	NA	NA	NA	NA	NA	NA	NA	NA	NA	dcc_compare	NA	NA	NA	NA	NA	NA	NA	NA	NA	NA	NA	public	NA	NA	fasp.sra.ebi.ac.uk:/vol1/fastq/SRR319/050/SRR31969850/SRR31969850.fastq.gz	1;131567;2;1783272;1239;91061;1385;90964;1279;1280	NA	NA	2a2050n1	NA	2019-01-01	NA	NA	SA-2a2050n1-xx-xx-USA-2018-099-TP_S12_L001_R1_001.fastq.gz	NA	NA	NA	NA	NA	2019	2a2050n1-WGS-Colony-Rep1	NA	SUB15004279	NA	NA	NA	Homo sapiens	2a2050n1-WGS-Colony-Rep1	pathogen;pathogen:priority;pathogen:bacterium	2025-01-14	NA	NA	SRX27325120	Staphylococcus aureus	NA	1280	PRJNA1209594	NA	NA	NA	NA	NA	NA	Homo sapiens	NA	SRR31969850	SRS23764623	NA	NA	NA	NA	NA	NA	NA	NA	NA	NA	2025-01-14	NA	PRJNA1209594	NA	NA	NA	NA	NA	nares
SRR31969853	Illumina MiSeq sequencing: AmpSeq of Staphylococcus aureus pooled colonies from human nasal samples	SAMN46224571	NA	SRA2049563	NA	NA	NA	NA	PCR	NA	NA	NA	NA	NA	2025-01-14	NA	NA	NA	NA	NA	NA	1315392	NA	NA	NA	NA	NA	NA	2a2050n1	477484;499999	ILLUMINA	NA	NA	NA	fasp.sra.ebi.ac.uk:/vol1/srr/SRR319/053/SRR31969853/SRR31969853	NA	NA	NA	NA	NA	NA	NA	NA	NA	NA	ftp.sra.ebi.ac.uk/vol1/fastq/SRR319/053/SRR31969853/SRR31969853_1.fastq.gz;ftp.sra.ebi.ac.uk/vol1/fastq/SRR319/053/SRR31969853/SRR31969853_2.fastq.gz	NA	NA	NA	NA	NA	NA	USA: Arizona	Microbe, viral or environmental	Pooled colonies from nasal sample swab from person 2a2050n1	ftp.sra.ebi.ac.uk/vol1/srr/SRR319/053/SRR31969853/SRR31969853	NA	e5348e224c97fe718ae5e530e01e6a3a;6cc1890ec5e919e239bd4bd0f83c90b4	SRP556785	NA	9001	Parallel whole genome sequencing and amplicon sequencing of Staphylococcus aureus pooled colonies	NA	NA	NA	NA	NA	2019-12-31	NA	Pooled colonies from nasal sample swab from person 2a2050n1	NA	NA	NA	NA	Illumina MiSeq	NA	NA	NA	NA	NA	NA	Illumina MiSeq sequencing: AmpSeq of Staphylococcus aureus pooled colonies from human nasal samples	NA	NA	NA	9606	NA	NA	ae906f9c976797742e824577a967c838	NA	ftp.sra.ebi.ac.uk/vol1/fastq/SRR319/053/SRR31969853/SRR31969853_1.fastq.gz;ftp.sra.ebi.ac.uk/vol1/fastq/SRR319/053/SRR31969853/SRR31969853_2.fastq.gz	NA	NA	NA	NA	2718302	AMPLICON	NA	NA	NA	NA	GENOMIC	ftp.sra.ebi.ac.uk/vol1/srr/SRR319/053/SRR31969853/SRR31969853	NA	PAIRED	NA	NA	NA	NA	NA	NA	NA	NA	NA	dcc_compare	NA	NA	NA	NA	NA	NA	NA	NA	NA	NA	NA	public	NA	NA	fasp.sra.ebi.ac.uk:/vol1/fastq/SRR319/053/SRR31969853/SRR31969853_1.fastq.gz;fasp.sra.ebi.ac.uk:/vol1/fastq/SRR319/053/SRR31969853/SRR31969853_2.fastq.gz	1;131567;2;1783272;1239;91061;1385;90964;1279;1280	NA	NA	2a2050n1	NA	2019-01-01	NA	NA	SA-2a2050n1poptrans-xx-xx-xxx-xxxx-099-TP_S20_L001_R1_001.fastq.gz	NA	NA	NA	NA	NA	2019	2a2050n1-AMP-Pop-Rep1	NA	SUB15004279	NA	NA	NA	Homo sapiens	2a2050n1-AMP-Pop-Rep1	pathogen;pathogen:priority;pathogen:bacterium	2025-01-14	NA	NA	SRX27325117	Staphylococcus aureus	NA	1280	PRJNA1209594	NA	NA	NA	NA	NA	NA	Homo sapiens	NA	SRR31969853	SRS23764623	NA	NA	NA	NA	NA	NA	NA	NA	NA	NA	2025-01-14	NA	PRJNA1209594	NA	NA	NA	NA	NA	nares
SRR31969811	Illumina MiSeq sequencing: AmpSeq of Staphylococcus aureus pooled colonies from human nasal samples	SAMN46224565	NA	SRA2049563	NA	NA	NA	NA	PCR	NA	NA	NA	NA	NA	2025-01-14	NA	NA	NA	NA	NA	NA	12136852	NA	NA	NA	NA	NA	NA	2a2005n1	4439219;6223886	ILLUMINA	NA	NA	NA	fasp.sra.ebi.ac.uk:/vol1/srr/SRR319/011/SRR31969811/SRR31969811	NA	NA	NA	NA	NA	NA	NA	NA	NA	NA	ftp.sra.ebi.ac.uk/vol1/fastq/SRR319/011/SRR31969811/SRR31969811_1.fastq.gz;ftp.sra.ebi.ac.uk/vol1/fastq/SRR319/011/SRR31969811/SRR31969811_2.fastq.gz	NA	NA	NA	NA	NA	NA	USA: Arizona	Microbe, viral or environmental	Pooled colonies from nasal sample swab from person 2a2005n1	ftp.sra.ebi.ac.uk/vol1/srr/SRR319/011/SRR31969811/SRR31969811	NA	e836a7a0bcab530955d791053024589a;5194582231155d1e7b93607ae9064bb4	SRP556785	NA	42499	Parallel whole genome sequencing and amplicon sequencing of Staphylococcus aureus pooled colonies	NA	NA	NA	NA	NA	2019-12-31	NA	Pooled colonies from nasal sample swab from person 2a2005n1	NA	NA	NA	NA	Illumina MiSeq	NA	NA	NA	NA	NA	NA	Illumina MiSeq sequencing: AmpSeq of Staphylococcus aureus pooled colonies from human nasal samples	NA	NA	NA	9606	NA	NA	d85a0315750610c2061fb26aacb00cb9	NA	ftp.sra.ebi.ac.uk/vol1/fastq/SRR319/011/SRR31969811/SRR31969811_1.fastq.gz;ftp.sra.ebi.ac.uk/vol1/fastq/SRR319/011/SRR31969811/SRR31969811_2.fastq.gz	NA	NA	NA	NA	21334498	AMPLICON	NA	NA	NA	NA	GENOMIC	ftp.sra.ebi.ac.uk/vol1/srr/SRR319/011/SRR31969811/SRR31969811	NA	PAIRED	NA	NA	NA	NA	NA	NA	NA	NA	NA	dcc_compare	NA	NA	NA	NA	NA	NA	NA	NA	NA	NA	NA	public	NA	NA	fasp.sra.ebi.ac.uk:/vol1/fastq/SRR319/011/SRR31969811/SRR31969811_1.fastq.gz;fasp.sra.ebi.ac.uk:/vol1/fastq/SRR319/011/SRR31969811/SRR31969811_2.fastq.gz	1;131567;2;1783272;1239;91061;1385;90964;1279;1280	NA	NA	2a2005n1	NA	2019-01-01	NA	NA	16-T0_S29_L001_R1_001.fastq.gz	NA	NA	NA	NA	NA	2019	2a2005n1-AMP-Pop-Rep1	NA	SUB15004279	NA	NA	NA	Homo sapiens	2a2005n1-AMP-Pop-Rep1	pathogen;pathogen:priority;pathogen:bacterium	2025-01-14	NA	NA	SRX27325159	Staphylococcus aureus	NA	1280	PRJNA1209594	NA	NA	NA	NA	NA	NA	Homo sapiens	NA	SRR31969811	SRS23764621	NA	NA	NA	NA	NA	NA	NA	NA	NA	NA	2025-01-14	NA	PRJNA1209594	NA	NA	NA	NA	NA	nares
SRR31969814	NextSeq 500 sequencing: WGS of Staphylococcus aureus Colony from human nasal samples	SAMN46224577	NA	SRA2049563	NA	NA	NA	NA	size fractionation	NA	NA	NA	NA	NA	2025-01-14	NA	NA	NA	NA	NA	NA	181924011	NA	NA	NA	NA	NA	NA	2d4019n1	274672432	ILLUMINA	NA	NA	NA	fasp.sra.ebi.ac.uk:/vol1/srr/SRR319/014/SRR31969814/SRR31969814	NA	NA	NA	NA	NA	NA	NA	NA	NA	NA	ftp.sra.ebi.ac.uk/vol1/fastq/SRR319/014/SRR31969814/SRR31969814.fastq.gz	NA	NA	NA	NA	NA	NA	USA: Arizona	Microbe, viral or environmental	Pooled colonies from nasal sample swab from person 2d4019n1	ftp.sra.ebi.ac.uk/vol1/srr/SRR319/014/SRR31969814/SRR31969814	NA	ae86f13bf5d9b020aaab6761b35ba30e	SRP556785	NA	5219833	Parallel whole genome sequencing and amplicon sequencing of Staphylococcus aureus pooled colonies	NA	NA	NA	NA	NA	2019-12-31	NA	Pooled colonies from nasal sample swab from person 2d4019n1	NA	NA	NA	NA	NextSeq 500	NA	NA	NA	NA	NA	NA	NextSeq 500 sequencing: WGS of Staphylococcus aureus Colony from human nasal samples	NA	NA	NA	9606	NA	NA	7a16abfe12c9d008eef2541d72326a8a	NA	ftp.sra.ebi.ac.uk/vol1/fastq/SRR319/014/SRR31969814/SRR31969814.fastq.gz	NA	NA	NA	NA	391487475	WGS	NA	NA	NA	NA	GENOMIC	ftp.sra.ebi.ac.uk/vol1/srr/SRR319/014/SRR31969814/SRR31969814	NA	SINGLE	NA	NA	NA	NA	NA	NA	NA	NA	NA	dcc_compare	NA	NA	NA	NA	NA	NA	NA	NA	NA	NA	NA	public	NA	NA	fasp.sra.ebi.ac.uk:/vol1/fastq/SRR319/014/SRR31969814/SRR31969814.fastq.gz	1;131567;2;1783272;1239;91061;1385;90964;1279;1280	NA	NA	2d4019n1	NA	2019-01-01	NA	NA	SA-2d4019n1-xx-xx-USA-2018-099-TP_S74_L001_R1_001.fastq.gz	NA	NA	NA	NA	NA	2019	2d4019n1-WGS-Colony-Rep1	NA	SUB15004279	NA	NA	NA	Homo sapiens	2d4019n1-WGS-Colony-Rep1	pathogen;pathogen:priority;pathogen:bacterium	2025-01-14	NA	NA	SRX27325156	Staphylococcus aureus	NA	1280	PRJNA1209594	NA	NA	NA	NA	NA	NA	Homo sapiens	NA	SRR31969814	SRS23764632	NA	NA	NA	NA	NA	NA	NA	NA	NA	NA	2025-01-14	NA	PRJNA1209594	NA	NA	NA	NA	NA	nares
SRR31969815	Illumina MiSeq sequencing: AmpSeq of Staphylococcus aureus pooled colonies from human nasal samples	SAMN46224577	NA	SRA2049563	NA	NA	NA	NA	PCR	NA	NA	NA	NA	NA	2025-01-14	NA	NA	NA	NA	NA	NA	2815990	NA	NA	NA	NA	NA	NA	2d4019n1	1037166;1123051	ILLUMINA	NA	NA	NA	fasp.sra.ebi.ac.uk:/vol1/srr/SRR319/015/SRR31969815/SRR31969815	NA	NA	NA	NA	NA	NA	NA	NA	NA	NA	ftp.sra.ebi.ac.uk/vol1/fastq/SRR319/015/SRR31969815/SRR31969815_1.fastq.gz;ftp.sra.ebi.ac.uk/vol1/fastq/SRR319/015/SRR31969815/SRR31969815_2.fastq.gz	NA	NA	NA	NA	NA	NA	USA: Arizona	Microbe, viral or environmental	Pooled colonies from nasal sample swab from person 2d4019n1	ftp.sra.ebi.ac.uk/vol1/srr/SRR319/015/SRR31969815/SRR31969815	NA	03e5824de929206d12db3268cd4de412;2165f00cd61a8add42911c008f2abb8a	SRP556785	NA	19785	Parallel whole genome sequencing and amplicon sequencing of Staphylococcus aureus pooled colonies	NA	NA	NA	NA	NA	2019-12-31	NA	Pooled colonies from nasal sample swab from person 2d4019n1	NA	NA	NA	NA	Illumina MiSeq	NA	NA	NA	NA	NA	NA	Illumina MiSeq sequencing: AmpSeq of Staphylococcus aureus pooled colonies from human nasal samples	NA	NA	NA	9606	NA	NA	ad5cc8fbd6b75a8c01a46419d19b1627	NA	ftp.sra.ebi.ac.uk/vol1/fastq/SRR319/015/SRR31969815/SRR31969815_1.fastq.gz;ftp.sra.ebi.ac.uk/vol1/fastq/SRR319/015/SRR31969815/SRR31969815_2.fastq.gz	NA	NA	NA	NA	5975070	AMPLICON	NA	NA	NA	NA	GENOMIC	ftp.sra.ebi.ac.uk/vol1/srr/SRR319/015/SRR31969815/SRR31969815	NA	PAIRED	NA	NA	NA	NA	NA	NA	NA	NA	NA	dcc_compare	NA	NA	NA	NA	NA	NA	NA	NA	NA	NA	NA	public	NA	NA	fasp.sra.ebi.ac.uk:/vol1/fastq/SRR319/015/SRR31969815/SRR31969815_1.fastq.gz;fasp.sra.ebi.ac.uk:/vol1/fastq/SRR319/015/SRR31969815/SRR31969815_2.fastq.gz	1;131567;2;1783272;1239;91061;1385;90964;1279;1280	NA	NA	2d4019n1	NA	2019-01-01	NA	NA	SA-2d4019n1poptrans-xx-xx-xxx-xxxx-099-TP_S15_L001_R1_001.fastq.gz	NA	NA	NA	NA	NA	2019	2d4019n1-AMP-Pop-Rep1	NA	SUB15004279	NA	NA	NA	Homo sapiens	2d4019n1-AMP-Pop-Rep1	pathogen;pathogen:priority;pathogen:bacterium	2025-01-14	NA	NA	SRX27325155	Staphylococcus aureus	NA	1280	PRJNA1209594	NA	NA	NA	NA	NA	NA	Homo sapiens	NA	SRR31969815	SRS23764632	NA	NA	NA	NA	NA	NA	NA	NA	NA	NA	2025-01-14	NA	PRJNA1209594	NA	NA	NA	NA	NA	nares
SRR31969816	NextSeq 500 sequencing: WGS of Staphylococcus aureus pooled colonies from human nasal samples	SAMN46224577	NA	SRA2049563	NA	NA	NA	NA	size fractionation	NA	NA	NA	NA	NA	2025-01-14	NA	NA	NA	NA	NA	NA	146051738	NA	NA	NA	NA	NA	NA	2d4019n1	207335208	ILLUMINA	NA	NA	NA	fasp.sra.ebi.ac.uk:/vol1/srr/SRR319/016/SRR31969816/SRR31969816	NA	NA	NA	NA	NA	NA	NA	NA	NA	NA	ftp.sra.ebi.ac.uk/vol1/fastq/SRR319/016/SRR31969816/SRR31969816.fastq.gz	NA	NA	NA	NA	NA	NA	USA: Arizona	Microbe, viral or environmental	Pooled colonies from nasal sample swab from person 2d4019n1	ftp.sra.ebi.ac.uk/vol1/srr/SRR319/016/SRR31969816/SRR31969816	NA	d9ee9be1c6e61fe5c88cff74f02fb570	SRP556785	NA	2340430	Parallel whole genome sequencing and amplicon sequencing of Staphylococcus aureus pooled colonies	NA	NA	NA	NA	NA	2019-12-31	NA	Pooled colonies from nasal sample swab from person 2d4019n1	NA	NA	NA	NA	NextSeq 500	NA	NA	NA	NA	NA	NA	NextSeq 500 sequencing: WGS of Staphylococcus aureus pooled colonies from human nasal samples	NA	NA	NA	9606	NA	NA	145c8cb898b6a2ebbcd82e73aa25fa39	NA	ftp.sra.ebi.ac.uk/vol1/fastq/SRR319/016/SRR31969816/SRR31969816.fastq.gz	NA	NA	NA	NA	353404930	WGS	NA	NA	NA	NA	GENOMIC	ftp.sra.ebi.ac.uk/vol1/srr/SRR319/016/SRR31969816/SRR31969816	NA	SINGLE	NA	NA	NA	NA	NA	NA	NA	NA	NA	dcc_compare	NA	NA	NA	NA	NA	NA	NA	NA	NA	NA	NA	public	NA	NA	fasp.sra.ebi.ac.uk:/vol1/fastq/SRR319/016/SRR31969816/SRR31969816.fastq.gz	1;131567;2;1783272;1239;91061;1385;90964;1279;1280	NA	NA	2d4019n1	NA	2019-01-01	NA	NA	SA-2d4019n1-PopSample75-IS-xxx-2019-099-TP_S75_L001_R1_001.fastq.gz	NA	NA	NA	NA	NA	2019	2d4019n1-WGS-Pop-Rep1	NA	SUB15004279	NA	NA	NA	Homo sapiens	2d4019n1-WGS-Pop-Rep1	pathogen;pathogen:priority;pathogen:bacterium	2025-01-14	NA	NA	SRX27325154	Staphylococcus aureus	NA	1280	PRJNA1209594	NA	NA	NA	NA	NA	NA	Homo sapiens	NA	SRR31969816	SRS23764632	NA	NA	NA	NA	NA	NA	NA	NA	NA	NA	2025-01-14	NA	PRJNA1209594	NA	NA	NA	NA	NA	nares
SRR31969818	Illumina MiSeq sequencing: AmpSeq of Staphylococcus aureus pooled colonies from human nasal samples	SAMN46224576	NA	SRA2049563	NA	NA	NA	NA	PCR	NA	NA	NA	NA	NA	2025-01-14	NA	NA	NA	NA	NA	NA	4041918	NA	NA	NA	NA	NA	NA	2b4022n1	1492330;1607648	ILLUMINA	NA	NA	NA	fasp.sra.ebi.ac.uk:/vol1/srr/SRR319/018/SRR31969818/SRR31969818	NA	NA	NA	NA	NA	NA	NA	NA	NA	NA	ftp.sra.ebi.ac.uk/vol1/fastq/SRR319/018/SRR31969818/SRR31969818_1.fastq.gz;ftp.sra.ebi.ac.uk/vol1/fastq/SRR319/018/SRR31969818/SRR31969818_2.fastq.gz	NA	NA	NA	NA	NA	NA	USA: Arizona	Microbe, viral or environmental	Pooled colonies from nasal sample swab from person 2b4022n1	ftp.sra.ebi.ac.uk/vol1/srr/SRR319/018/SRR31969818/SRR31969818	NA	9b64b9d1530a8197129fd950ae31a35e;3b0bf34e8f6aca710d25235f31fd69ad	SRP556785	NA	28874	Parallel whole genome sequencing and amplicon sequencing of Staphylococcus aureus pooled colonies	NA	NA	NA	NA	NA	2019-12-31	NA	Pooled colonies from nasal sample swab from person 2b4022n1	NA	NA	NA	NA	Illumina MiSeq	NA	NA	NA	NA	NA	NA	Illumina MiSeq sequencing: AmpSeq of Staphylococcus aureus pooled colonies from human nasal samples	NA	NA	NA	9606	NA	NA	c8e5f82aaabbdf9481f126d8355a725b	NA	ftp.sra.ebi.ac.uk/vol1/fastq/SRR319/018/SRR31969818/SRR31969818_1.fastq.gz;ftp.sra.ebi.ac.uk/vol1/fastq/SRR319/018/SRR31969818/SRR31969818_2.fastq.gz	NA	NA	NA	NA	8719948	AMPLICON	NA	NA	NA	NA	GENOMIC	ftp.sra.ebi.ac.uk/vol1/srr/SRR319/018/SRR31969818/SRR31969818	NA	PAIRED	NA	NA	NA	NA	NA	NA	NA	NA	NA	dcc_compare	NA	NA	NA	NA	NA	NA	NA	NA	NA	NA	NA	public	NA	NA	fasp.sra.ebi.ac.uk:/vol1/fastq/SRR319/018/SRR31969818/SRR31969818_1.fastq.gz;fasp.sra.ebi.ac.uk:/vol1/fastq/SRR319/018/SRR31969818/SRR31969818_2.fastq.gz	1;131567;2;1783272;1239;91061;1385;90964;1279;1280	NA	NA	2b4022n1	NA	2019-01-01	NA	NA	SA-2b4022n1poptrans-xx-xx-xxx-xxxx-099-TP_S6_L001_R1_001.fastq.gz	NA	NA	NA	NA	NA	2019	2b4022n1-AMP-Pop-Rep1	NA	SUB15004279	NA	NA	NA	Homo sapiens	2b4022n1-AMP-Pop-Rep1	pathogen;pathogen:priority;pathogen:bacterium	2025-01-14	NA	NA	SRX27325152	Staphylococcus aureus	NA	1280	PRJNA1209594	NA	NA	NA	NA	NA	NA	Homo sapiens	NA	SRR31969818	SRS23764631	NA	NA	NA	NA	NA	NA	NA	NA	NA	NA	2025-01-14	NA	PRJNA1209594	NA	NA	NA	NA	NA	nares
SRR31969857	NextSeq 500 sequencing: WGS of Staphylococcus aureus pooled colonies from human nasal samples	SAMN46224565	NA	SRA2049563	NA	NA	NA	NA	size fractionation	NA	NA	NA	NA	NA	2025-01-14	NA	NA	NA	NA	NA	NA	56238759	NA	NA	NA	NA	NA	NA	2a2005n1	79817185	ILLUMINA	NA	NA	NA	fasp.sra.ebi.ac.uk:/vol1/srr/SRR319/057/SRR31969857/SRR31969857	NA	NA	NA	NA	NA	NA	NA	NA	NA	NA	ftp.sra.ebi.ac.uk/vol1/fastq/SRR319/057/SRR31969857/SRR31969857.fastq.gz	NA	NA	NA	NA	NA	NA	USA: Arizona	Microbe, viral or environmental	Pooled colonies from nasal sample swab from person 2a2005n1	ftp.sra.ebi.ac.uk/vol1/srr/SRR319/057/SRR31969857/SRR31969857	NA	a597a79df6438ace482a82ab8f3646f5	SRP556785	NA	890599	Parallel whole genome sequencing and amplicon sequencing of Staphylococcus aureus pooled colonies	NA	NA	NA	NA	NA	2019-12-31	NA	Pooled colonies from nasal sample swab from person 2a2005n1	NA	NA	NA	NA	NextSeq 500	NA	NA	NA	NA	NA	NA	NextSeq 500 sequencing: WGS of Staphylococcus aureus pooled colonies from human nasal samples	NA	NA	NA	9606	NA	NA	c70e247e0884b753d985efa3d8289aa1	NA	ftp.sra.ebi.ac.uk/vol1/fastq/SRR319/057/SRR31969857/SRR31969857.fastq.gz	NA	NA	NA	NA	134480449	WGS	NA	NA	NA	NA	GENOMIC	ftp.sra.ebi.ac.uk/vol1/srr/SRR319/057/SRR31969857/SRR31969857	NA	SINGLE	NA	NA	NA	NA	NA	NA	NA	NA	NA	dcc_compare	NA	NA	NA	NA	NA	NA	NA	NA	NA	NA	NA	public	NA	NA	fasp.sra.ebi.ac.uk:/vol1/fastq/SRR319/057/SRR31969857/SRR31969857.fastq.gz	1;131567;2;1783272;1239;91061;1385;90964;1279;1280	NA	NA	2a2005n1	NA	2019-01-01	NA	NA	SA-2a2005n1-PopSample33-IS-xxx-2019-099-TP_S33_L001_R1_001.fastq.gz	NA	NA	NA	NA	NA	2019	2a2005n1-WGS-Pop-Rep1	NA	SUB15004279	NA	NA	NA	Homo sapiens	2a2005n1-WGS-Pop-Rep1	pathogen;pathogen:priority;pathogen:bacterium	2025-01-14	NA	NA	SRX27325113	Staphylococcus aureus	NA	1280	PRJNA1209594	NA	NA	NA	NA	NA	NA	Homo sapiens	NA	SRR31969857	SRS23764621	NA	NA	NA	NA	NA	NA	NA	NA	NA	NA	2025-01-14	NA	PRJNA1209594	NA	NA	NA	NA	NA	nares
SRR31969827	NextSeq 500 sequencing: WGS of Staphylococcus aureus Colony from human nasal samples	SAMN46224568	NA	SRA2049563	NA	NA	NA	NA	size fractionation	NA	NA	NA	NA	NA	2025-01-14	NA	NA	NA	NA	NA	NA	71297426	NA	NA	NA	NA	NA	NA	2b2048n1	103923307	ILLUMINA	NA	NA	NA	fasp.sra.ebi.ac.uk:/vol1/srr/SRR319/027/SRR31969827/SRR31969827	NA	NA	NA	NA	NA	NA	NA	NA	NA	NA	ftp.sra.ebi.ac.uk/vol1/fastq/SRR319/027/SRR31969827/SRR31969827.fastq.gz	NA	NA	NA	NA	NA	NA	USA: Arizona	Microbe, viral or environmental	Pooled colonies from nasal sample swab from person 2b2048n1	ftp.sra.ebi.ac.uk/vol1/srr/SRR319/027/SRR31969827/SRR31969827	NA	ca636d1f37d106063fe2574e5b14c1ef	SRP556785	NA	1946399	Parallel whole genome sequencing and amplicon sequencing of Staphylococcus aureus pooled colonies	NA	NA	NA	NA	NA	2019-12-31	NA	Pooled colonies from nasal sample swab from person 2b2048n1	NA	NA	NA	NA	NextSeq 500	NA	NA	NA	NA	NA	NA	NextSeq 500 sequencing: WGS of Staphylococcus aureus Colony from human nasal samples	NA	NA	NA	9606	NA	NA	b13b194f44fe030ec146c8861a61d7a0	NA	ftp.sra.ebi.ac.uk/vol1/fastq/SRR319/027/SRR31969827/SRR31969827.fastq.gz	NA	NA	NA	NA	145979925	WGS	NA	NA	NA	NA	GENOMIC	ftp.sra.ebi.ac.uk/vol1/srr/SRR319/027/SRR31969827/SRR31969827	NA	SINGLE	NA	NA	NA	NA	NA	NA	NA	NA	NA	dcc_compare	NA	NA	NA	NA	NA	NA	NA	NA	NA	NA	NA	public	NA	NA	fasp.sra.ebi.ac.uk:/vol1/fastq/SRR319/027/SRR31969827/SRR31969827.fastq.gz	1;131567;2;1783272;1239;91061;1385;90964;1279;1280	NA	NA	2b2048n1	NA	2019-01-01	NA	NA	SA-2b2048n1-xx-xx-USA-2018-099-TP_S65_L001_R1_001.fastq.gz	NA	NA	NA	NA	NA	2019	2b2048n1-WGS-Colony-Rep1	NA	SUB15004279	NA	NA	NA	Homo sapiens	2b2048n1-WGS-Colony-Rep1	pathogen;pathogen:priority;pathogen:bacterium	2025-01-14	NA	NA	SRX27325143	Staphylococcus aureus	NA	1280	PRJNA1209594	NA	NA	NA	NA	NA	NA	Homo sapiens	NA	SRR31969827	SRS23764618	NA	NA	NA	NA	NA	NA	NA	NA	NA	NA	2025-01-14	NA	PRJNA1209594	NA	NA	NA	NA	NA	nares
SRR31969861	Illumina MiSeq sequencing: AmpSeq of Staphylococcus aureus pooled colonies from human nasal samples	SAMN46224569	NA	SRA2049563	NA	NA	NA	NA	PCR	NA	NA	NA	NA	NA	2025-01-14	NA	NA	NA	NA	NA	NA	11349322	NA	NA	NA	NA	NA	NA	2a4039n1	4158707;5911634	ILLUMINA	NA	NA	NA	fasp.sra.ebi.ac.uk:/vol1/srr/SRR319/061/SRR31969861/SRR31969861	NA	NA	NA	NA	NA	NA	NA	NA	NA	NA	ftp.sra.ebi.ac.uk/vol1/fastq/SRR319/061/SRR31969861/SRR31969861_1.fastq.gz;ftp.sra.ebi.ac.uk/vol1/fastq/SRR319/061/SRR31969861/SRR31969861_2.fastq.gz	NA	NA	NA	NA	NA	NA	USA: Arizona	Microbe, viral or environmental	Pooled colonies from nasal sample swab from person 2a4039n1	ftp.sra.ebi.ac.uk/vol1/srr/SRR319/061/SRR31969861/SRR31969861	NA	6aea0e70100c05c45d98af401f9e1307;eb295b48267ea02f5a29d3e0a8035e97	SRP556785	NA	38343	Parallel whole genome sequencing and amplicon sequencing of Staphylococcus aureus pooled colonies	NA	NA	NA	NA	NA	2019-12-31	NA	Pooled colonies from nasal sample swab from person 2a4039n1	NA	NA	NA	NA	Illumina MiSeq	NA	NA	NA	NA	NA	NA	Illumina MiSeq sequencing: AmpSeq of Staphylococcus aureus pooled colonies from human nasal samples	NA	NA	NA	9606	NA	NA	f525e839ef76369173014b956f5d8aa4	NA	ftp.sra.ebi.ac.uk/vol1/fastq/SRR319/061/SRR31969861/SRR31969861_1.fastq.gz;ftp.sra.ebi.ac.uk/vol1/fastq/SRR319/061/SRR31969861/SRR31969861_2.fastq.gz	NA	NA	NA	NA	19248186	AMPLICON	NA	NA	NA	NA	GENOMIC	ftp.sra.ebi.ac.uk/vol1/srr/SRR319/061/SRR31969861/SRR31969861	NA	PAIRED	NA	NA	NA	NA	NA	NA	NA	NA	NA	dcc_compare	NA	NA	NA	NA	NA	NA	NA	NA	NA	NA	NA	public	NA	NA	fasp.sra.ebi.ac.uk:/vol1/fastq/SRR319/061/SRR31969861/SRR31969861_1.fastq.gz;fasp.sra.ebi.ac.uk:/vol1/fastq/SRR319/061/SRR31969861/SRR31969861_2.fastq.gz	1;131567;2;1783272;1239;91061;1385;90964;1279;1280	NA	NA	2a4039n1	NA	2019-01-01	NA	NA	5-RepeatT0_S10_L001_R1_001.fastq.gz	NA	NA	NA	NA	NA	2019	2a4039n1-AMP-Pop-Rep2	NA	SUB15004279	NA	NA	NA	Homo sapiens	2a4039n1-AMP-Pop-Rep2	pathogen;pathogen:priority;pathogen:bacterium	2025-01-14	NA	NA	SRX27325109	Staphylococcus aureus	NA	1280	PRJNA1209594	NA	NA	NA	NA	NA	NA	Homo sapiens	NA	SRR31969861	SRS23764619	NA	NA	NA	NA	NA	NA	NA	NA	NA	NA	2025-01-14	NA	PRJNA1209594	NA	NA	NA	NA	NA	nares
SRR31969829	NextSeq 500 sequencing: WGS of Staphylococcus aureus pooled colonies from human nasal samples	SAMN46224568	NA	SRA2049563	NA	NA	NA	NA	size fractionation	NA	NA	NA	NA	NA	2025-01-14	NA	NA	NA	NA	NA	NA	85312977	NA	NA	NA	NA	NA	NA	2b2048n1	121123009	ILLUMINA	NA	NA	NA	fasp.sra.ebi.ac.uk:/vol1/srr/SRR319/029/SRR31969829/SRR31969829	NA	NA	NA	NA	NA	NA	NA	NA	NA	NA	ftp.sra.ebi.ac.uk/vol1/fastq/SRR319/029/SRR31969829/SRR31969829.fastq.gz	NA	NA	NA	NA	NA	NA	USA: Arizona	Microbe, viral or environmental	Pooled colonies from nasal sample swab from person 2b2048n1	ftp.sra.ebi.ac.uk/vol1/srr/SRR319/029/SRR31969829/SRR31969829	NA	106cce8156a29b0a9289fc2372c3768c	SRP556785	NA	1355956	Parallel whole genome sequencing and amplicon sequencing of Staphylococcus aureus pooled colonies	NA	NA	NA	NA	NA	2019-12-31	NA	Pooled colonies from nasal sample swab from person 2b2048n1	NA	NA	NA	NA	NextSeq 500	NA	NA	NA	NA	NA	NA	NextSeq 500 sequencing: WGS of Staphylococcus aureus pooled colonies from human nasal samples	NA	NA	NA	9606	NA	NA	807da8808660eba6cde2f274c6ff69fe	NA	ftp.sra.ebi.ac.uk/vol1/fastq/SRR319/029/SRR31969829/SRR31969829.fastq.gz	NA	NA	NA	NA	204749356	WGS	NA	NA	NA	NA	GENOMIC	ftp.sra.ebi.ac.uk/vol1/srr/SRR319/029/SRR31969829/SRR31969829	NA	SINGLE	NA	NA	NA	NA	NA	NA	NA	NA	NA	dcc_compare	NA	NA	NA	NA	NA	NA	NA	NA	NA	NA	NA	public	NA	NA	fasp.sra.ebi.ac.uk:/vol1/fastq/SRR319/029/SRR31969829/SRR31969829.fastq.gz	1;131567;2;1783272;1239;91061;1385;90964;1279;1280	NA	NA	2b2048n1	NA	2019-01-01	NA	NA	SA-2b2048n1-PopSample166-IS-xxx-2019-099-TP_S159_L001_R1_001.fastq.gz	NA	NA	NA	NA	NA	2019	2b2048n1-WGS-Pop-Rep1	NA	SUB15004279	NA	NA	NA	Homo sapiens	2b2048n1-WGS-Pop-Rep1	pathogen;pathogen:priority;pathogen:bacterium	2025-01-14	NA	NA	SRX27325141	Staphylococcus aureus	NA	1280	PRJNA1209594	NA	NA	NA	NA	NA	NA	Homo sapiens	NA	SRR31969829	SRS23764618	NA	NA	NA	NA	NA	NA	NA	NA	NA	NA	2025-01-14	NA	PRJNA1209594	NA	NA	NA	NA	NA	nares
SRR31969862	Illumina MiSeq sequencing: AmpSeq of Staphylococcus aureus pooled colonies from human nasal samples	SAMN46224568	NA	SRA2049563	NA	NA	NA	NA	PCR	NA	NA	NA	NA	NA	2025-01-14	NA	NA	NA	NA	NA	NA	821955	NA	NA	NA	NA	NA	NA	2b2048n1	277554;394422	ILLUMINA	NA	NA	NA	fasp.sra.ebi.ac.uk:/vol1/srr/SRR319/062/SRR31969862/SRR31969862	NA	NA	NA	NA	NA	NA	NA	NA	NA	NA	ftp.sra.ebi.ac.uk/vol1/fastq/SRR319/062/SRR31969862/SRR31969862_1.fastq.gz;ftp.sra.ebi.ac.uk/vol1/fastq/SRR319/062/SRR31969862/SRR31969862_2.fastq.gz	NA	NA	NA	NA	NA	NA	USA: Arizona	Microbe, viral or environmental	Pooled colonies from nasal sample swab from person 2b2048n1	ftp.sra.ebi.ac.uk/vol1/srr/SRR319/062/SRR31969862/SRR31969862	NA	acc49aa6b21b77d708a83e009362709e;5a9b6bb8e5951ae698a2a60535630bc0	SRP556785	NA	2599	Parallel whole genome sequencing and amplicon sequencing of Staphylococcus aureus pooled colonies	NA	NA	NA	NA	NA	2019-12-31	NA	Pooled colonies from nasal sample swab from person 2b2048n1	NA	NA	NA	NA	Illumina MiSeq	NA	NA	NA	NA	NA	NA	Illumina MiSeq sequencing: AmpSeq of Staphylococcus aureus pooled colonies from human nasal samples	NA	NA	NA	9606	NA	NA	c8ec8a014cfea2b8f3204e16fd9d323c	NA	ftp.sra.ebi.ac.uk/vol1/fastq/SRR319/062/SRR31969862/SRR31969862_1.fastq.gz;ftp.sra.ebi.ac.uk/vol1/fastq/SRR319/062/SRR31969862/SRR31969862_2.fastq.gz	NA	NA	NA	NA	1304698	AMPLICON	NA	NA	NA	NA	GENOMIC	ftp.sra.ebi.ac.uk/vol1/srr/SRR319/062/SRR31969862/SRR31969862	NA	PAIRED	NA	NA	NA	NA	NA	NA	NA	NA	NA	dcc_compare	NA	NA	NA	NA	NA	NA	NA	NA	NA	NA	NA	public	NA	NA	fasp.sra.ebi.ac.uk:/vol1/fastq/SRR319/062/SRR31969862/SRR31969862_1.fastq.gz;fasp.sra.ebi.ac.uk:/vol1/fastq/SRR319/062/SRR31969862/SRR31969862_2.fastq.gz	1;131567;2;1783272;1239;91061;1385;90964;1279;1280	NA	NA	2b2048n1	NA	2019-01-01	NA	NA	3-T0_S5_L001_R1_001.fastq.gz	NA	NA	NA	NA	NA	2019	2b2048n1-AMP-Pop-Rep2	NA	SUB15004279	NA	NA	NA	Homo sapiens	2b2048n1-AMP-Pop-Rep2	pathogen;pathogen:priority;pathogen:bacterium	2025-01-14	NA	NA	SRX27325108	Staphylococcus aureus	NA	1280	PRJNA1209594	NA	NA	NA	NA	NA	NA	Homo sapiens	NA	SRR31969862	SRS23764618	NA	NA	NA	NA	NA	NA	NA	NA	NA	NA	2025-01-14	NA	PRJNA1209594	NA	NA	NA	NA	NA	nares
SRR31969830	Illumina MiSeq sequencing: AmpSeq of Staphylococcus aureus pooled colonies from human nasal samples	SAMN46224564	NA	SRA2049563	NA	NA	NA	NA	PCR	NA	NA	NA	NA	NA	2025-01-14	NA	NA	NA	NA	NA	NA	9173259	NA	NA	NA	NA	NA	NA	2a3017n1	3266195;4939890	ILLUMINA	NA	NA	NA	fasp.sra.ebi.ac.uk:/vol1/srr/SRR319/030/SRR31969830/SRR31969830	NA	NA	NA	NA	NA	NA	NA	NA	NA	NA	ftp.sra.ebi.ac.uk/vol1/fastq/SRR319/030/SRR31969830/SRR31969830_1.fastq.gz;ftp.sra.ebi.ac.uk/vol1/fastq/SRR319/030/SRR31969830/SRR31969830_2.fastq.gz	NA	NA	NA	NA	NA	NA	USA: Arizona	Microbe, viral or environmental	Pooled colonies from nasal sample swab from person 2a3017n1	ftp.sra.ebi.ac.uk/vol1/srr/SRR319/030/SRR31969830/SRR31969830	NA	298c8f7dab8df3dd404e2e0cc3d574ea;6efe415cfb14909b5e278dcec4f9d45b	SRP556785	NA	30675	Parallel whole genome sequencing and amplicon sequencing of Staphylococcus aureus pooled colonies	NA	NA	NA	NA	NA	2019-12-31	NA	Pooled colonies from nasal sample swab from person 2a3017n1	NA	NA	NA	NA	Illumina MiSeq	NA	NA	NA	NA	NA	NA	Illumina MiSeq sequencing: AmpSeq of Staphylococcus aureus pooled colonies from human nasal samples	NA	NA	NA	9606	NA	NA	d4ce929d8888d2e2a092fea74b472509	NA	ftp.sra.ebi.ac.uk/vol1/fastq/SRR319/030/SRR31969830/SRR31969830_1.fastq.gz;ftp.sra.ebi.ac.uk/vol1/fastq/SRR319/030/SRR31969830/SRR31969830_2.fastq.gz	NA	NA	NA	NA	15398850	AMPLICON	NA	NA	NA	NA	GENOMIC	ftp.sra.ebi.ac.uk/vol1/srr/SRR319/030/SRR31969830/SRR31969830	NA	PAIRED	NA	NA	NA	NA	NA	NA	NA	NA	NA	dcc_compare	NA	NA	NA	NA	NA	NA	NA	NA	NA	NA	NA	public	NA	NA	fasp.sra.ebi.ac.uk:/vol1/fastq/SRR319/030/SRR31969830/SRR31969830_1.fastq.gz;fasp.sra.ebi.ac.uk:/vol1/fastq/SRR319/030/SRR31969830/SRR31969830_2.fastq.gz	1;131567;2;1783272;1239;91061;1385;90964;1279;1280	NA	NA	2a3017n1	NA	2019-01-01	NA	NA	13-RepeatT0_S26_L001_R1_001.fastq.gz	NA	NA	NA	NA	NA	2019	2a3017n1-AMP-Pop-Rep2	NA	SUB15004279	NA	NA	NA	Homo sapiens	2a3017n1-AMP-Pop-Rep2	pathogen;pathogen:priority;pathogen:bacterium	2025-01-14	NA	NA	SRX27325140	Staphylococcus aureus	NA	1280	PRJNA1209594	NA	NA	NA	NA	NA	NA	Homo sapiens	NA	SRR31969830	SRS23764625	NA	NA	NA	NA	NA	NA	NA	NA	NA	NA	2025-01-14	NA	PRJNA1209594	NA	NA	NA	NA	NA	nares
SRR31969863	Illumina MiSeq sequencing: AmpSeq of Staphylococcus aureus pooled colonies from human nasal samples	SAMN46224562	NA	SRA2049563	NA	NA	NA	NA	PCR	NA	NA	NA	NA	NA	2025-01-14	NA	NA	NA	NA	NA	NA	5445092	NA	NA	NA	NA	NA	NA	2a4060n1	2057085;2603748	ILLUMINA	NA	NA	NA	fasp.sra.ebi.ac.uk:/vol1/srr/SRR319/063/SRR31969863/SRR31969863	NA	NA	NA	NA	NA	NA	NA	NA	NA	NA	ftp.sra.ebi.ac.uk/vol1/fastq/SRR319/063/SRR31969863/SRR31969863_1.fastq.gz;ftp.sra.ebi.ac.uk/vol1/fastq/SRR319/063/SRR31969863/SRR31969863_2.fastq.gz	NA	NA	NA	NA	NA	NA	USA: Arizona	Microbe, viral or environmental	Pooled colonies from nasal sample swab from person 2a4060n1	ftp.sra.ebi.ac.uk/vol1/srr/SRR319/063/SRR31969863/SRR31969863	NA	ac851fe8c3a9b7c3d374f01698d2dee4;c57b626ce969e59664cfe6bee1df34ee	SRP556785	NA	19654	Parallel whole genome sequencing and amplicon sequencing of Staphylococcus aureus pooled colonies	NA	NA	NA	NA	NA	2019-12-31	NA	Pooled colonies from nasal sample swab from person 2a4060n1	NA	NA	NA	NA	Illumina MiSeq	NA	NA	NA	NA	NA	NA	Illumina MiSeq sequencing: AmpSeq of Staphylococcus aureus pooled colonies from human nasal samples	NA	NA	NA	9606	NA	NA	4e65c1495e91f227f4d9a0c145cfc4b0	NA	ftp.sra.ebi.ac.uk/vol1/fastq/SRR319/063/SRR31969863/SRR31969863_1.fastq.gz;ftp.sra.ebi.ac.uk/vol1/fastq/SRR319/063/SRR31969863/SRR31969863_2.fastq.gz	NA	NA	NA	NA	9866308	AMPLICON	NA	NA	NA	NA	GENOMIC	ftp.sra.ebi.ac.uk/vol1/srr/SRR319/063/SRR31969863/SRR31969863	NA	PAIRED	NA	NA	NA	NA	NA	NA	NA	NA	NA	dcc_compare	NA	NA	NA	NA	NA	NA	NA	NA	NA	NA	NA	public	NA	NA	fasp.sra.ebi.ac.uk:/vol1/fastq/SRR319/063/SRR31969863/SRR31969863_1.fastq.gz;fasp.sra.ebi.ac.uk:/vol1/fastq/SRR319/063/SRR31969863/SRR31969863_2.fastq.gz	1;131567;2;1783272;1239;91061;1385;90964;1279;1280	NA	NA	2a4060n1	NA	2019-01-01	NA	NA	10-T0_S19_L001_R1_001.fastq.gz	NA	NA	NA	NA	NA	2019	2a4060n1-AMP-Pop-Rep1	NA	SUB15004279	NA	NA	NA	Homo sapiens	2a4060n1-AMP-Pop-Rep1	pathogen;pathogen:priority;pathogen:bacterium	2025-01-14	NA	NA	SRX27325107	Staphylococcus aureus	NA	1280	PRJNA1209594	NA	NA	NA	NA	NA	NA	Homo sapiens	NA	SRR31969863	SRS23764617	NA	NA	NA	NA	NA	NA	NA	NA	NA	NA	2025-01-14	NA	PRJNA1209594	NA	NA	NA	NA	NA	nares
SRR31969840	Illumina MiSeq sequencing: AmpSeq of Staphylococcus aureus pooled colonies from human nasal samples	SAMN46224573	NA	SRA2049563	NA	NA	NA	NA	PCR	NA	NA	NA	NA	NA	2025-01-14	NA	NA	NA	NA	NA	NA	1618461	NA	NA	NA	NA	NA	NA	2a4018n1	587063;628436	ILLUMINA	NA	NA	NA	fasp.sra.ebi.ac.uk:/vol1/srr/SRR319/040/SRR31969840/SRR31969840	NA	NA	NA	NA	NA	NA	NA	NA	NA	NA	ftp.sra.ebi.ac.uk/vol1/fastq/SRR319/040/SRR31969840/SRR31969840_1.fastq.gz;ftp.sra.ebi.ac.uk/vol1/fastq/SRR319/040/SRR31969840/SRR31969840_2.fastq.gz	NA	NA	NA	NA	NA	NA	USA: Arizona	Microbe, viral or environmental	Pooled colonies from nasal sample swab from person 2a4018n1	ftp.sra.ebi.ac.uk/vol1/srr/SRR319/040/SRR31969840/SRR31969840	NA	a274b67a67d85d957436791ca1dee358;b5d11da6e4ddea490ea02291858ed5ea	SRP556785	NA	11215	Parallel whole genome sequencing and amplicon sequencing of Staphylococcus aureus pooled colonies	NA	NA	NA	NA	NA	2019-12-31	NA	Pooled colonies from nasal sample swab from person 2a4018n1	NA	NA	NA	NA	Illumina MiSeq	NA	NA	NA	NA	NA	NA	Illumina MiSeq sequencing: AmpSeq of Staphylococcus aureus pooled colonies from human nasal samples	NA	NA	NA	9606	NA	NA	301eb135acdb20af971ccbc8d62ec7fa	NA	ftp.sra.ebi.ac.uk/vol1/fastq/SRR319/040/SRR31969840/SRR31969840_1.fastq.gz;ftp.sra.ebi.ac.uk/vol1/fastq/SRR319/040/SRR31969840/SRR31969840_2.fastq.gz	NA	NA	NA	NA	3386930	AMPLICON	NA	NA	NA	NA	GENOMIC	ftp.sra.ebi.ac.uk/vol1/srr/SRR319/040/SRR31969840/SRR31969840	NA	PAIRED	NA	NA	NA	NA	NA	NA	NA	NA	NA	dcc_compare	NA	NA	NA	NA	NA	NA	NA	NA	NA	NA	NA	public	NA	NA	fasp.sra.ebi.ac.uk:/vol1/fastq/SRR319/040/SRR31969840/SRR31969840_1.fastq.gz;fasp.sra.ebi.ac.uk:/vol1/fastq/SRR319/040/SRR31969840/SRR31969840_2.fastq.gz	1;131567;2;1783272;1239;91061;1385;90964;1279;1280	NA	NA	2a4018n1	NA	2019-01-01	NA	NA	SA-2a4018n1poptrans-xx-xx-xxx-xxxx-099-TP_S12_L001_R1_001.fastq.gz	NA	NA	NA	NA	NA	2019	2a4018n1-AMP-Pop-Rep1	NA	SUB15004279	NA	NA	NA	Homo sapiens	2a4018n1-AMP-Pop-Rep1	pathogen;pathogen:priority;pathogen:bacterium	2025-01-14	NA	NA	SRX27325130	Staphylococcus aureus	NA	1280	PRJNA1209594	NA	NA	NA	NA	NA	NA	Homo sapiens	NA	SRR31969840	SRS23764626	NA	NA	NA	NA	NA	NA	NA	NA	NA	NA	2025-01-14	NA	PRJNA1209594	NA	NA	NA	NA	NA	nares
SRR31969864	Illumina MiSeq sequencing: AmpSeq of Staphylococcus aureus pooled colonies from human nasal samples	SAMN46224562	NA	SRA2049563	NA	NA	NA	NA	PCR	NA	NA	NA	NA	NA	2025-01-14	NA	NA	NA	NA	NA	NA	6880735	NA	NA	NA	NA	NA	NA	2a4060n1	2630604;3285005	ILLUMINA	NA	NA	NA	fasp.sra.ebi.ac.uk:/vol1/srr/SRR319/064/SRR31969864/SRR31969864	NA	NA	NA	NA	NA	NA	NA	NA	NA	NA	ftp.sra.ebi.ac.uk/vol1/fastq/SRR319/064/SRR31969864/SRR31969864_1.fastq.gz;ftp.sra.ebi.ac.uk/vol1/fastq/SRR319/064/SRR31969864/SRR31969864_2.fastq.gz	NA	NA	NA	NA	NA	NA	USA: Arizona	Microbe, viral or environmental	Pooled colonies from nasal sample swab from person 2a4060n1	ftp.sra.ebi.ac.uk/vol1/srr/SRR319/064/SRR31969864/SRR31969864	NA	101e5723b2e26e2db72930d0de8271e8;065261c81b6aa67d9ac8b26ad23fb647	SRP556785	NA	24942	Parallel whole genome sequencing and amplicon sequencing of Staphylococcus aureus pooled colonies	NA	NA	NA	NA	NA	2019-12-31	NA	Pooled colonies from nasal sample swab from person 2a4060n1	NA	NA	NA	NA	Illumina MiSeq	NA	NA	NA	NA	NA	NA	Illumina MiSeq sequencing: AmpSeq of Staphylococcus aureus pooled colonies from human nasal samples	NA	NA	NA	9606	NA	NA	f080bdca66eaa6245869999d3871ad7e	NA	ftp.sra.ebi.ac.uk/vol1/fastq/SRR319/064/SRR31969864/SRR31969864_1.fastq.gz;ftp.sra.ebi.ac.uk/vol1/fastq/SRR319/064/SRR31969864/SRR31969864_2.fastq.gz	NA	NA	NA	NA	12520884	AMPLICON	NA	NA	NA	NA	GENOMIC	ftp.sra.ebi.ac.uk/vol1/srr/SRR319/064/SRR31969864/SRR31969864	NA	PAIRED	NA	NA	NA	NA	NA	NA	NA	NA	NA	dcc_compare	NA	NA	NA	NA	NA	NA	NA	NA	NA	NA	NA	public	NA	NA	fasp.sra.ebi.ac.uk:/vol1/fastq/SRR319/064/SRR31969864/SRR31969864_1.fastq.gz;fasp.sra.ebi.ac.uk:/vol1/fastq/SRR319/064/SRR31969864/SRR31969864_2.fastq.gz	1;131567;2;1783272;1239;91061;1385;90964;1279;1280	NA	NA	2a4060n1	NA	2019-01-01	NA	NA	10-RepeatT0_S20_L001_R1_001.fastq.gz	NA	NA	NA	NA	NA	2019	2a4060n1-AMP-Pop-Rep2	NA	SUB15004279	NA	NA	NA	Homo sapiens	2a4060n1-AMP-Pop-Rep2	pathogen;pathogen:priority;pathogen:bacterium	2025-01-14	NA	NA	SRX27325106	Staphylococcus aureus	NA	1280	PRJNA1209594	NA	NA	NA	NA	NA	NA	Homo sapiens	NA	SRR31969864	SRS23764617	NA	NA	NA	NA	NA	NA	NA	NA	NA	NA	2025-01-14	NA	PRJNA1209594	NA	NA	NA	NA	NA	nares
SRR31969841	Illumina MiSeq sequencing: AmpSeq of Staphylococcus aureus pooled colonies from human nasal samples	SAMN46224563	NA	SRA2049563	NA	NA	NA	NA	PCR	NA	NA	NA	NA	NA	2025-01-14	NA	NA	NA	NA	NA	NA	7303807	NA	NA	NA	NA	NA	NA	2a2027n1	2643465;3757061	ILLUMINA	NA	NA	NA	fasp.sra.ebi.ac.uk:/vol1/srr/SRR319/041/SRR31969841/SRR31969841	NA	NA	NA	NA	NA	NA	NA	NA	NA	NA	ftp.sra.ebi.ac.uk/vol1/fastq/SRR319/041/SRR31969841/SRR31969841_1.fastq.gz;ftp.sra.ebi.ac.uk/vol1/fastq/SRR319/041/SRR31969841/SRR31969841_2.fastq.gz	NA	NA	NA	NA	NA	NA	USA: Arizona	Microbe, viral or environmental	Pooled colonies from nasal sample swab from person 2a2027n1	ftp.sra.ebi.ac.uk/vol1/srr/SRR319/041/SRR31969841/SRR31969841	NA	a3e05124cc5f998474a51cd857bc76bb;009ba9463cf256042f73b213d970c56b	SRP556785	NA	25027	Parallel whole genome sequencing and amplicon sequencing of Staphylococcus aureus pooled colonies	NA	NA	NA	NA	NA	2019-12-31	NA	Pooled colonies from nasal sample swab from person 2a2027n1	NA	NA	NA	NA	Illumina MiSeq	NA	NA	NA	NA	NA	NA	Illumina MiSeq sequencing: AmpSeq of Staphylococcus aureus pooled colonies from human nasal samples	NA	NA	NA	9606	NA	NA	fc58b6c0ef29cf378323236e861c09ea	NA	ftp.sra.ebi.ac.uk/vol1/fastq/SRR319/041/SRR31969841/SRR31969841_1.fastq.gz;ftp.sra.ebi.ac.uk/vol1/fastq/SRR319/041/SRR31969841/SRR31969841_2.fastq.gz	NA	NA	NA	NA	12563554	AMPLICON	NA	NA	NA	NA	GENOMIC	ftp.sra.ebi.ac.uk/vol1/srr/SRR319/041/SRR31969841/SRR31969841	NA	PAIRED	NA	NA	NA	NA	NA	NA	NA	NA	NA	dcc_compare	NA	NA	NA	NA	NA	NA	NA	NA	NA	NA	NA	public	NA	NA	fasp.sra.ebi.ac.uk:/vol1/fastq/SRR319/041/SRR31969841/SRR31969841_1.fastq.gz;fasp.sra.ebi.ac.uk:/vol1/fastq/SRR319/041/SRR31969841/SRR31969841_2.fastq.gz	1;131567;2;1783272;1239;91061;1385;90964;1279;1280	NA	NA	2a2027n1	NA	2019-01-01	NA	NA	12-T0_S23_L001_R1_001.fastq.gz	NA	NA	NA	NA	NA	2019	2a2027n1-AMP-Pop-Rep1	NA	SUB15004279	NA	NA	NA	Homo sapiens	2a2027n1-AMP-Pop-Rep1	pathogen;pathogen:priority;pathogen:bacterium	2025-01-14	NA	NA	SRX27325129	Staphylococcus aureus	NA	1280	PRJNA1209594	NA	NA	NA	NA	NA	NA	Homo sapiens	NA	SRR31969841	SRS23764622	NA	NA	NA	NA	NA	NA	NA	NA	NA	NA	2025-01-14	NA	PRJNA1209594	NA	NA	NA	NA	NA	nares
SRR31969843	NextSeq 500 sequencing: WGS of Staphylococcus aureus pooled colonies from human nasal samples	SAMN46224564	NA	SRA2049563	NA	NA	NA	NA	size fractionation	NA	NA	NA	NA	NA	2025-01-14	NA	NA	NA	NA	NA	NA	28389821	NA	NA	NA	NA	NA	NA	2a3017n1	40240181	ILLUMINA	NA	NA	NA	fasp.sra.ebi.ac.uk:/vol1/srr/SRR319/043/SRR31969843/SRR31969843	NA	NA	NA	NA	NA	NA	NA	NA	NA	NA	ftp.sra.ebi.ac.uk/vol1/fastq/SRR319/043/SRR31969843/SRR31969843.fastq.gz	NA	NA	NA	NA	NA	NA	USA: Arizona	Microbe, viral or environmental	Pooled colonies from nasal sample swab from person 2a3017n1	ftp.sra.ebi.ac.uk/vol1/srr/SRR319/043/SRR31969843/SRR31969843	NA	d919e1b1ceab3b35bb1c9c2f8b10d77e	SRP556785	NA	449905	Parallel whole genome sequencing and amplicon sequencing of Staphylococcus aureus pooled colonies	NA	NA	NA	NA	NA	2019-12-31	NA	Pooled colonies from nasal sample swab from person 2a3017n1	NA	NA	NA	NA	NextSeq 500	NA	NA	NA	NA	NA	NA	NextSeq 500 sequencing: WGS of Staphylococcus aureus pooled colonies from human nasal samples	NA	NA	NA	9606	NA	NA	ceed31024cc9c4468831652faa13f744	NA	ftp.sra.ebi.ac.uk/vol1/fastq/SRR319/043/SRR31969843/SRR31969843.fastq.gz	NA	NA	NA	NA	67935655	WGS	NA	NA	NA	NA	GENOMIC	ftp.sra.ebi.ac.uk/vol1/srr/SRR319/043/SRR31969843/SRR31969843	NA	SINGLE	NA	NA	NA	NA	NA	NA	NA	NA	NA	dcc_compare	NA	NA	NA	NA	NA	NA	NA	NA	NA	NA	NA	public	NA	NA	fasp.sra.ebi.ac.uk:/vol1/fastq/SRR319/043/SRR31969843/SRR31969843.fastq.gz	1;131567;2;1783272;1239;91061;1385;90964;1279;1280	NA	NA	2a3017n1	NA	2019-01-01	NA	NA	SA-2a3017n1-PopSample4-IS-xxx-2019-099-TP_S4_L001_R1_001.fastq.gz	NA	NA	NA	NA	NA	2019	2a3017n1-WGS-Pop-Rep1	NA	SUB15004279	NA	NA	NA	Homo sapiens	2a3017n1-WGS-Pop-Rep1	pathogen;pathogen:priority;pathogen:bacterium	2025-01-14	NA	NA	SRX27325127	Staphylococcus aureus	NA	1280	PRJNA1209594	NA	NA	NA	NA	NA	NA	Homo sapiens	NA	SRR31969843	SRS23764625	NA	NA	NA	NA	NA	NA	NA	NA	NA	NA	2025-01-14	NA	PRJNA1209594	NA	NA	NA	NA	NA	nares
SRR31969846	NextSeq 500 sequencing: WGS of Staphylococcus aureus Colony from human nasal samples	SAMN46224572	NA	SRA2049563	NA	NA	NA	NA	size fractionation	NA	NA	NA	NA	NA	2025-01-14	NA	NA	NA	NA	NA	NA	162370366	NA	NA	NA	NA	NA	NA	2a3002n1	244458669	ILLUMINA	NA	NA	NA	fasp.sra.ebi.ac.uk:/vol1/srr/SRR319/046/SRR31969846/SRR31969846	NA	NA	NA	NA	NA	NA	NA	NA	NA	NA	ftp.sra.ebi.ac.uk/vol1/fastq/SRR319/046/SRR31969846/SRR31969846.fastq.gz	NA	NA	NA	NA	NA	NA	USA: Arizona	Microbe, viral or environmental	Pooled colonies from nasal sample swab from person 2a3002n1	ftp.sra.ebi.ac.uk/vol1/srr/SRR319/046/SRR31969846/SRR31969846	NA	6ce32ae69dc3863e91c0203c559ec295	SRP556785	NA	4624050	Parallel whole genome sequencing and amplicon sequencing of Staphylococcus aureus pooled colonies	NA	NA	NA	NA	NA	2019-12-31	NA	Pooled colonies from nasal sample swab from person 2a3002n1	NA	NA	NA	NA	NextSeq 500	NA	NA	NA	NA	NA	NA	NextSeq 500 sequencing: WGS of Staphylococcus aureus Colony from human nasal samples	NA	NA	NA	9606	NA	NA	ef33be28eca454018d61f5235c6a4ff4	NA	ftp.sra.ebi.ac.uk/vol1/fastq/SRR319/046/SRR31969846/SRR31969846.fastq.gz	NA	NA	NA	NA	346803750	WGS	NA	NA	NA	NA	GENOMIC	ftp.sra.ebi.ac.uk/vol1/srr/SRR319/046/SRR31969846/SRR31969846	NA	SINGLE	NA	NA	NA	NA	NA	NA	NA	NA	NA	dcc_compare	NA	NA	NA	NA	NA	NA	NA	NA	NA	NA	NA	public	NA	NA	fasp.sra.ebi.ac.uk:/vol1/fastq/SRR319/046/SRR31969846/SRR31969846.fastq.gz	1;131567;2;1783272;1239;91061;1385;90964;1279;1280	NA	NA	2a3002n1	NA	2019-01-01	NA	NA	SA-2a3002n1-xx-xx-USA-2018-099-TP_S75_L001_R1_001.fastq.gz	NA	NA	NA	NA	NA	2019	2a3002n1-WGS-Colony-Rep1	NA	SUB15004279	NA	NA	NA	Homo sapiens	2a3002n1-WGS-Colony-Rep1	pathogen;pathogen:priority;pathogen:bacterium	2025-01-14	NA	NA	SRX27325124	Staphylococcus aureus	NA	1280	PRJNA1209594	NA	NA	NA	NA	NA	NA	Homo sapiens	NA	SRR31969846	SRS23764624	NA	NA	NA	NA	NA	NA	NA	NA	NA	NA	2025-01-14	NA	PRJNA1209594	NA	NA	NA	NA	NA	nares
SRR31969847	NextSeq 500 sequencing: WGS of Staphylococcus aureus pooled colonies from human nasal samples	SAMN46224572	NA	SRA2049563	NA	NA	NA	NA	size fractionation	NA	NA	NA	NA	NA	2025-01-14	NA	NA	NA	NA	NA	NA	326828385	NA	NA	NA	NA	NA	NA	2a3002n1	454730218	ILLUMINA	NA	NA	NA	fasp.sra.ebi.ac.uk:/vol1/srr/SRR319/047/SRR31969847/SRR31969847	NA	NA	NA	NA	NA	NA	NA	NA	NA	NA	ftp.sra.ebi.ac.uk/vol1/fastq/SRR319/047/SRR31969847/SRR31969847.fastq.gz	NA	NA	NA	NA	NA	NA	USA: Arizona	Microbe, viral or environmental	Pooled colonies from nasal sample swab from person 2a3002n1	ftp.sra.ebi.ac.uk/vol1/srr/SRR319/047/SRR31969847/SRR31969847	NA	1d950a7a4fd307ebf170a9e150e7850b	SRP556785	NA	4671905	Parallel whole genome sequencing and amplicon sequencing of Staphylococcus aureus pooled colonies	NA	NA	NA	NA	NA	2019-12-31	NA	Pooled colonies from nasal sample swab from person 2a3002n1	NA	NA	NA	NA	NextSeq 500	NA	NA	NA	NA	NA	NA	NextSeq 500 sequencing: WGS of Staphylococcus aureus pooled colonies from human nasal samples	NA	NA	NA	9606	NA	NA	1b5c21a699edace65556e5e34b2a860d	NA	ftp.sra.ebi.ac.uk/vol1/fastq/SRR319/047/SRR31969847/SRR31969847.fastq.gz	NA	NA	NA	NA	705457655	WGS	NA	NA	NA	NA	GENOMIC	ftp.sra.ebi.ac.uk/vol1/srr/SRR319/047/SRR31969847/SRR31969847	NA	SINGLE	NA	NA	NA	NA	NA	NA	NA	NA	NA	dcc_compare	NA	NA	NA	NA	NA	NA	NA	NA	NA	NA	NA	public	NA	NA	fasp.sra.ebi.ac.uk:/vol1/fastq/SRR319/047/SRR31969847/SRR31969847.fastq.gz	1;131567;2;1783272;1239;91061;1385;90964;1279;1280	NA	NA	2a3002n1	NA	2019-01-01	NA	NA	SA-2a3002n1r-xx-xx-xxx-2019-099-TP_S102_R1_001.fastq.gz	NA	NA	NA	NA	NA	2019	2a3002n1-WGS-Pop-Rep2	NA	SUB15004279	NA	NA	NA	Homo sapiens	2a3002n1-WGS-Pop-Rep2	pathogen;pathogen:priority;pathogen:bacterium	2025-01-14	NA	NA	SRX27325123	Staphylococcus aureus	NA	1280	PRJNA1209594	NA	NA	NA	NA	NA	NA	Homo sapiens	NA	SRR31969847	SRS23764624	NA	NA	NA	NA	NA	NA	NA	NA	NA	NA	2025-01-14	NA	PRJNA1209594	NA	NA	NA	NA	NA	nares
SRR31969851	NextSeq 500 sequencing: WGS of Staphylococcus aureus pooled colonies from human nasal samples	SAMN46224571	NA	SRA2049563	NA	NA	NA	NA	size fractionation	NA	NA	NA	NA	NA	2025-01-14	NA	NA	NA	NA	NA	NA	259710461	NA	NA	NA	NA	NA	NA	2a2050n1	350284205	ILLUMINA	NA	NA	NA	fasp.sra.ebi.ac.uk:/vol1/srr/SRR319/051/SRR31969851/SRR31969851	NA	NA	NA	NA	NA	NA	NA	NA	NA	NA	ftp.sra.ebi.ac.uk/vol1/fastq/SRR319/051/SRR31969851/SRR31969851.fastq.gz	NA	NA	NA	NA	NA	NA	USA: Arizona	Microbe, viral or environmental	Pooled colonies from nasal sample swab from person 2a2050n1	ftp.sra.ebi.ac.uk/vol1/srr/SRR319/051/SRR31969851/SRR31969851	NA	4e831bc8c2dc7fec8b3b30ab3de1ebdc	SRP556785	NA	3700549	Parallel whole genome sequencing and amplicon sequencing of Staphylococcus aureus pooled colonies	NA	NA	NA	NA	NA	2019-12-31	NA	Pooled colonies from nasal sample swab from person 2a2050n1	NA	NA	NA	NA	NextSeq 500	NA	NA	NA	NA	NA	NA	NextSeq 500 sequencing: WGS of Staphylococcus aureus pooled colonies from human nasal samples	NA	NA	NA	9606	NA	NA	34e9c245222a629d4bcea446e6a050c5	NA	ftp.sra.ebi.ac.uk/vol1/fastq/SRR319/051/SRR31969851/SRR31969851.fastq.gz	NA	NA	NA	NA	558782899	WGS	NA	NA	NA	NA	GENOMIC	ftp.sra.ebi.ac.uk/vol1/srr/SRR319/051/SRR31969851/SRR31969851	NA	SINGLE	NA	NA	NA	NA	NA	NA	NA	NA	NA	dcc_compare	NA	NA	NA	NA	NA	NA	NA	NA	NA	NA	NA	public	NA	NA	fasp.sra.ebi.ac.uk:/vol1/fastq/SRR319/051/SRR31969851/SRR31969851.fastq.gz	1;131567;2;1783272;1239;91061;1385;90964;1279;1280	NA	NA	2a2050n1	NA	2019-01-01	NA	NA	SA-2a2050n1r-xx-xx-xxx-2019-099-TP_S104_R1_001.fastq.gz	NA	NA	NA	NA	NA	2019	2a2050n1-WGS-Pop-Rep2	NA	SUB15004279	NA	NA	NA	Homo sapiens	2a2050n1-WGS-Pop-Rep2	pathogen;pathogen:priority;pathogen:bacterium	2025-01-14	NA	NA	SRX27325119	Staphylococcus aureus	NA	1280	PRJNA1209594	NA	NA	NA	NA	NA	NA	Homo sapiens	NA	SRR31969851	SRS23764623	NA	NA	NA	NA	NA	NA	NA	NA	NA	NA	2025-01-14	NA	PRJNA1209594	NA	NA	NA	NA	NA	nares
SRR31969854	NextSeq 500 sequencing: WGS of Staphylococcus aureus Colony from human nasal samples	SAMN46224563	NA	SRA2049563	NA	NA	NA	NA	size fractionation	NA	NA	NA	NA	NA	2025-01-14	NA	NA	NA	NA	NA	NA	168422107	NA	NA	NA	NA	NA	NA	2a2027n1	254798946	ILLUMINA	NA	NA	NA	fasp.sra.ebi.ac.uk:/vol1/srr/SRR319/054/SRR31969854/SRR31969854	NA	NA	NA	NA	NA	NA	NA	NA	NA	NA	ftp.sra.ebi.ac.uk/vol1/fastq/SRR319/054/SRR31969854/SRR31969854.fastq.gz	NA	NA	NA	NA	NA	NA	USA: Arizona	Microbe, viral or environmental	Pooled colonies from nasal sample swab from person 2a2027n1	ftp.sra.ebi.ac.uk/vol1/srr/SRR319/054/SRR31969854/SRR31969854	NA	b22f45a2e56b3f36493e82a45e6216d6	SRP556785	NA	4863836	Parallel whole genome sequencing and amplicon sequencing of Staphylococcus aureus pooled colonies	NA	NA	NA	NA	NA	2019-12-31	NA	Pooled colonies from nasal sample swab from person 2a2027n1	NA	NA	NA	NA	NextSeq 500	NA	NA	NA	NA	NA	NA	NextSeq 500 sequencing: WGS of Staphylococcus aureus Colony from human nasal samples	NA	NA	NA	9606	NA	NA	5be909cd5b0877065786bf27ca8441e5	NA	ftp.sra.ebi.ac.uk/vol1/fastq/SRR319/054/SRR31969854/SRR31969854.fastq.gz	NA	NA	NA	NA	364787700	WGS	NA	NA	NA	NA	GENOMIC	ftp.sra.ebi.ac.uk/vol1/srr/SRR319/054/SRR31969854/SRR31969854	NA	SINGLE	NA	NA	NA	NA	NA	NA	NA	NA	NA	dcc_compare	NA	NA	NA	NA	NA	NA	NA	NA	NA	NA	NA	public	NA	NA	fasp.sra.ebi.ac.uk:/vol1/fastq/SRR319/054/SRR31969854/SRR31969854.fastq.gz	1;131567;2;1783272;1239;91061;1385;90964;1279;1280	NA	NA	2a2027n1	NA	2019-01-01	NA	NA	SA-2a2027n1-xx-xx-USA-2018-099-TP_S88_L001_R1_001.fastq.gz	NA	NA	NA	NA	NA	2019	2a2027n1-WGS-Colony-Rep1	NA	SUB15004279	NA	NA	NA	Homo sapiens	2a2027n1-WGS-Colony-Rep1	pathogen;pathogen:priority;pathogen:bacterium	2025-01-14	NA	NA	SRX27325116	Staphylococcus aureus	NA	1280	PRJNA1209594	NA	NA	NA	NA	NA	NA	Homo sapiens	NA	SRR31969854	SRS23764622	NA	NA	NA	NA	NA	NA	NA	NA	NA	NA	2025-01-14	NA	PRJNA1209594	NA	NA	NA	NA	NA	nares
SRR31969855	NextSeq 500 sequencing: WGS of Staphylococcus aureus pooled colonies from human nasal samples	SAMN46224563	NA	SRA2049563	NA	NA	NA	NA	size fractionation	NA	NA	NA	NA	NA	2025-01-14	NA	NA	NA	NA	NA	NA	88344609	NA	NA	NA	NA	NA	NA	2a2027n1	125556685	ILLUMINA	NA	NA	NA	fasp.sra.ebi.ac.uk:/vol1/srr/SRR319/055/SRR31969855/SRR31969855	NA	NA	NA	NA	NA	NA	NA	NA	NA	NA	ftp.sra.ebi.ac.uk/vol1/fastq/SRR319/055/SRR31969855/SRR31969855.fastq.gz	NA	NA	NA	NA	NA	NA	USA: Arizona	Microbe, viral or environmental	Pooled colonies from nasal sample swab from person 2a2027n1	ftp.sra.ebi.ac.uk/vol1/srr/SRR319/055/SRR31969855/SRR31969855	NA	61859dc271702c435c5fca1ef101f84a	SRP556785	NA	1414126	Parallel whole genome sequencing and amplicon sequencing of Staphylococcus aureus pooled colonies	NA	NA	NA	NA	NA	2019-12-31	NA	Pooled colonies from nasal sample swab from person 2a2027n1	NA	NA	NA	NA	NextSeq 500	NA	NA	NA	NA	NA	NA	NextSeq 500 sequencing: WGS of Staphylococcus aureus pooled colonies from human nasal samples	NA	NA	NA	9606	NA	NA	a3cb87fb853740ac611f6aa9a00c0077	NA	ftp.sra.ebi.ac.uk/vol1/fastq/SRR319/055/SRR31969855/SRR31969855.fastq.gz	NA	NA	NA	NA	213533026	WGS	NA	NA	NA	NA	GENOMIC	ftp.sra.ebi.ac.uk/vol1/srr/SRR319/055/SRR31969855/SRR31969855	NA	SINGLE	NA	NA	NA	NA	NA	NA	NA	NA	NA	dcc_compare	NA	NA	NA	NA	NA	NA	NA	NA	NA	NA	NA	public	NA	NA	fasp.sra.ebi.ac.uk:/vol1/fastq/SRR319/055/SRR31969855/SRR31969855.fastq.gz	1;131567;2;1783272;1239;91061;1385;90964;1279;1280	NA	NA	2a2027n1	NA	2019-01-01	NA	NA	SA-2a2027n1-PopSample91-IS-xxx-2019-099-TP_S91_L001_R1_001.fastq.gz	NA	NA	NA	NA	NA	2019	2a2027n1-WGS-Pop-Rep1	NA	SUB15004279	NA	NA	NA	Homo sapiens	2a2027n1-WGS-Pop-Rep1	pathogen;pathogen:priority;pathogen:bacterium	2025-01-14	NA	NA	SRX27325115	Staphylococcus aureus	NA	1280	PRJNA1209594	NA	NA	NA	NA	NA	NA	Homo sapiens	NA	SRR31969855	SRS23764622	NA	NA	NA	NA	NA	NA	NA	NA	NA	NA	2025-01-14	NA	PRJNA1209594	NA	NA	NA	NA	NA	nares
SRR31969856	NextSeq 500 sequencing: WGS of Staphylococcus aureus Colony from human nasal samples	SAMN46224565	NA	SRA2049563	NA	NA	NA	NA	size fractionation	NA	NA	NA	NA	NA	2025-01-14	NA	NA	NA	NA	NA	NA	161818006	NA	NA	NA	NA	NA	NA	2a2005n1	244375754	ILLUMINA	NA	NA	NA	fasp.sra.ebi.ac.uk:/vol1/srr/SRR319/056/SRR31969856/SRR31969856	NA	NA	NA	NA	NA	NA	NA	NA	NA	NA	ftp.sra.ebi.ac.uk/vol1/fastq/SRR319/056/SRR31969856/SRR31969856.fastq.gz	NA	NA	NA	NA	NA	NA	USA: Arizona	Microbe, viral or environmental	Pooled colonies from nasal sample swab from person 2a2005n1	ftp.sra.ebi.ac.uk/vol1/srr/SRR319/056/SRR31969856/SRR31969856	NA	d19f5054766581ea5524741febcc9753	SRP556785	NA	4584868	Parallel whole genome sequencing and amplicon sequencing of Staphylococcus aureus pooled colonies	NA	NA	NA	NA	NA	2019-12-31	NA	Pooled colonies from nasal sample swab from person 2a2005n1	NA	NA	NA	NA	NextSeq 500	NA	NA	NA	NA	NA	NA	NextSeq 500 sequencing: WGS of Staphylococcus aureus Colony from human nasal samples	NA	NA	NA	9606	NA	NA	77a3ba3f508be7093241152d1f8c2fed	NA	ftp.sra.ebi.ac.uk/vol1/fastq/SRR319/056/SRR31969856/SRR31969856.fastq.gz	NA	NA	NA	NA	343865100	WGS	NA	NA	NA	NA	GENOMIC	ftp.sra.ebi.ac.uk/vol1/srr/SRR319/056/SRR31969856/SRR31969856	NA	SINGLE	NA	NA	NA	NA	NA	NA	NA	NA	NA	dcc_compare	NA	NA	NA	NA	NA	NA	NA	NA	NA	NA	NA	public	NA	NA	fasp.sra.ebi.ac.uk:/vol1/fastq/SRR319/056/SRR31969856/SRR31969856.fastq.gz	1;131567;2;1783272;1239;91061;1385;90964;1279;1280	NA	NA	2a2005n1	NA	2019-01-01	NA	NA	SA-2a2005n1-xx-xx-USA-2018-099-TP_S33_L001_R1_001.fastq.gz	NA	NA	NA	NA	NA	2019	2a2005n1-WGS-Colony-Rep1	NA	SUB15004279	NA	NA	NA	Homo sapiens	2a2005n1-WGS-Colony-Rep1	pathogen;pathogen:priority;pathogen:bacterium	2025-01-14	NA	NA	SRX27325114	Staphylococcus aureus	NA	1280	PRJNA1209594	NA	NA	NA	NA	NA	NA	Homo sapiens	NA	SRR31969856	SRS23764621	NA	NA	NA	NA	NA	NA	NA	NA	NA	NA	2025-01-14	NA	PRJNA1209594	NA	NA	NA	NA	NA	nares
SRR31969604	Illumina MiSeq sequencing: AmpSeq of pooled colonies from sample 13-Rep1	SAMN46224477	NA	SRA2049558	NA	NA	NA	NA	PCR	NA	NA	NA	NA	NA	2025-01-13	NA	NA	NA	NA	NA	NA	6561790	NA	NA	NA	NA	NA	NA	2a3017n1	2490968;3210845	ILLUMINA	NA	NA	NA	fasp.sra.ebi.ac.uk:/vol1/srr/SRR319/004/SRR31969604/SRR31969604	NA	NA	NA	NA	NA	NA	NA	NA	NA	NA	ftp.sra.ebi.ac.uk/vol1/fastq/SRR319/004/SRR31969604/SRR31969604_1.fastq.gz;ftp.sra.ebi.ac.uk/vol1/fastq/SRR319/004/SRR31969604/SRR31969604_2.fastq.gz	NA	NA	NA	NA	NA	NA	USA: Arizona	Microbe, viral or environmental	Individual sample population 13, replicate 1	ftp.sra.ebi.ac.uk/vol1/srr/SRR319/004/SRR31969604/SRR31969604	NA	d9e7e10a3e58ced3fd4cfc32232b42c9;0b6049e3e9c52e0a69f226665e8e7e72	SRP556781	NA	23288	Simulated multiple strain carriage of Staphylococcus aureus populations	NA	NA	NA	NA	NA	2019-12-31	NA	Individual sample population 13, replicate 1	NA	NA	NA	NA	Illumina MiSeq	NA	NA	NA	NA	NA	NA	Illumina MiSeq sequencing: AmpSeq of pooled colonies from sample 13-Rep1	NA	NA	NA	9606	NA	NA	310eb3033415f1f7b60ff16995f7b401	NA	ftp.sra.ebi.ac.uk/vol1/fastq/SRR319/004/SRR31969604/SRR31969604_1.fastq.gz;ftp.sra.ebi.ac.uk/vol1/fastq/SRR319/004/SRR31969604/SRR31969604_2.fastq.gz	NA	NA	NA	NA	11690576	AMPLICON	NA	NA	NA	NA	GENOMIC	ftp.sra.ebi.ac.uk/vol1/srr/SRR319/004/SRR31969604/SRR31969604	NA	PAIRED	NA	NA	NA	NA	NA	NA	NA	NA	NA	dcc_compare	NA	NA	NA	NA	NA	NA	NA	NA	NA	NA	NA	public	NA	NA	fasp.sra.ebi.ac.uk:/vol1/fastq/SRR319/004/SRR31969604/SRR31969604_1.fastq.gz;fasp.sra.ebi.ac.uk:/vol1/fastq/SRR319/004/SRR31969604/SRR31969604_2.fastq.gz	1;131567;2;1783272;1239;91061;1385;90964;1279;1280	NA	NA	13-R1	NA	2019-01-01	NA	NA	13-T0_S25_L001_R1_001.fastq.gz	NA	NA	NA	NA	NA	2019	13-T0	NA	SUB15004229	NA	NA	NA	Homo sapiens	13-T0	pathogen;pathogen:priority;pathogen:bacterium	2025-01-13	NA	NA	SRX27324934	Staphylococcus aureus	NA	1280	PRJNA1209589	NA	NA	NA	NA	NA	NA	Homo sapiens	NA	SRR31969604	SRS23764445	NA	NA	NA	NA	NA	NA	NA	NA	NA	NA	2025-01-13	NA	PRJNA1209589	NA	NA	NA	NA	NA	NA
SRR31969610	Illumina MiSeq sequencing: AmpSeq of mixture of pooled colonies from two samples at 7:3 ratio 13-5	SAMN46224499	NA	SRA2049558	NA	NA	NA	NA	PCR	NA	NA	NA	NA	NA	2025-01-13	NA	NA	NA	NA	NA	NA	29390330	NA	NA	NA	NA	NA	NA	2a3017n1 and 2a4039n1 (7:3)	11275876;14637778	ILLUMINA	NA	NA	NA	fasp.sra.ebi.ac.uk:/vol1/srr/SRR319/010/SRR31969610/SRR31969610	NA	NA	NA	NA	NA	NA	NA	NA	NA	NA	ftp.sra.ebi.ac.uk/vol1/fastq/SRR319/010/SRR31969610/SRR31969610_1.fastq.gz;ftp.sra.ebi.ac.uk/vol1/fastq/SRR319/010/SRR31969610/SRR31969610_2.fastq.gz	NA	NA	NA	NA	NA	NA	USA: Arizona	Microbe, viral or environmental	Mixture of samples 13 and 5	ftp.sra.ebi.ac.uk/vol1/srr/SRR319/010/SRR31969610/SRR31969610	NA	641a563a10b488774336134b31f8ffb0;3a10022c836ac0e9739d24f5b99d15a7	SRP556781	NA	104776	Simulated multiple strain carriage of Staphylococcus aureus populations	NA	NA	NA	NA	NA	2019-12-31	NA	Mixture of samples 13 and 5	NA	NA	NA	NA	Illumina MiSeq	NA	NA	NA	NA	NA	NA	Illumina MiSeq sequencing: AmpSeq of mixture of pooled colonies from two samples at 7:3 ratio 13-5	NA	NA	NA	9606	NA	NA	d6dad48d6d5c439f86361c7127941a76	NA	ftp.sra.ebi.ac.uk/vol1/fastq/SRR319/010/SRR31969610/SRR31969610_1.fastq.gz;ftp.sra.ebi.ac.uk/vol1/fastq/SRR319/010/SRR31969610/SRR31969610_2.fastq.gz	NA	NA	NA	NA	52597552	AMPLICON	NA	NA	NA	NA	GENOMIC	ftp.sra.ebi.ac.uk/vol1/srr/SRR319/010/SRR31969610/SRR31969610	NA	PAIRED	NA	NA	NA	NA	NA	NA	NA	NA	NA	dcc_compare	NA	NA	NA	NA	NA	NA	NA	NA	NA	NA	NA	public	NA	NA	fasp.sra.ebi.ac.uk:/vol1/fastq/SRR319/010/SRR31969610/SRR31969610_1.fastq.gz;fasp.sra.ebi.ac.uk:/vol1/fastq/SRR319/010/SRR31969610/SRR31969610_2.fastq.gz	1;131567;2;1783272;1239;91061;1385;90964;1279;1280	NA	NA	Mix 6 (13 - 5)	NA	2019-01-01	NA	NA	SaLineageMix6_S154_L001_R1_001.fastq.gz	NA	NA	NA	NA	NA	2019	SaLineageMix6	NA	SUB15004229	NA	NA	NA	Homo sapiens	SaLineageMix6	pathogen;pathogen:priority;pathogen:bacterium	2025-01-13	NA	NA	SRX27324928	Staphylococcus aureus	NA	1280	PRJNA1209589	NA	NA	NA	NA	NA	NA	Homo sapiens	NA	SRR31969610	SRS23764441	NA	NA	NA	NA	NA	NA	NA	NA	NA	NA	2025-01-13	NA	PRJNA1209589	NA	NA	NA	NA	NA	NA
SRR31969614	Illumina MiSeq sequencing: AmpSeq of mixture of pooled colonies from two samples at 7:3 ratio 17-18	SAMN46224495	NA	SRA2049558	NA	NA	NA	NA	PCR	NA	NA	NA	NA	NA	2025-01-13	NA	NA	NA	NA	NA	NA	12157579	NA	NA	NA	NA	NA	NA	2a4023n1 and 2a4023t1 (7:3)	4577360;6121157	ILLUMINA	NA	NA	NA	fasp.sra.ebi.ac.uk:/vol1/srr/SRR319/014/SRR31969614/SRR31969614	NA	NA	NA	NA	NA	NA	NA	NA	NA	NA	ftp.sra.ebi.ac.uk/vol1/fastq/SRR319/014/SRR31969614/SRR31969614_1.fastq.gz;ftp.sra.ebi.ac.uk/vol1/fastq/SRR319/014/SRR31969614/SRR31969614_2.fastq.gz	NA	NA	NA	NA	NA	NA	USA: Arizona	Microbe, viral or environmental	Mixture of samples 17 and 18	ftp.sra.ebi.ac.uk/vol1/srr/SRR319/014/SRR31969614/SRR31969614	NA	b95071aa7fe3a86a74a335e7541163a4;dec0252e332bfa1639984725aeaa3b04	SRP556781	NA	42383	Simulated multiple strain carriage of Staphylococcus aureus populations	NA	NA	NA	NA	NA	2019-12-31	NA	Mixture of samples 17 and 18	NA	NA	NA	NA	Illumina MiSeq	NA	NA	NA	NA	NA	NA	Illumina MiSeq sequencing: AmpSeq of mixture of pooled colonies from two samples at 7:3 ratio 17-18	NA	NA	NA	9606	NA	NA	a9f9a8decc4da84fde088f66b0792d4e	NA	ftp.sra.ebi.ac.uk/vol1/fastq/SRR319/014/SRR31969614/SRR31969614_1.fastq.gz;ftp.sra.ebi.ac.uk/vol1/fastq/SRR319/014/SRR31969614/SRR31969614_2.fastq.gz	NA	NA	NA	NA	21276266	AMPLICON	NA	NA	NA	NA	GENOMIC	ftp.sra.ebi.ac.uk/vol1/srr/SRR319/014/SRR31969614/SRR31969614	NA	PAIRED	NA	NA	NA	NA	NA	NA	NA	NA	NA	dcc_compare	NA	NA	NA	NA	NA	NA	NA	NA	NA	NA	NA	public	NA	NA	fasp.sra.ebi.ac.uk:/vol1/fastq/SRR319/014/SRR31969614/SRR31969614_1.fastq.gz;fasp.sra.ebi.ac.uk:/vol1/fastq/SRR319/014/SRR31969614/SRR31969614_2.fastq.gz	1;131567;2;1783272;1239;91061;1385;90964;1279;1280	NA	NA	Mix 31 (17 - 18)	NA	2019-01-01	NA	NA	SaLineageMix31_S179_L001_R1_001.fastq.gz	NA	NA	NA	NA	NA	2019	SaLineageMix31	NA	SUB15004229	NA	NA	NA	Homo sapiens	SaLineageMix31	pathogen;pathogen:priority;pathogen:bacterium	2025-01-13	NA	NA	SRX27324924	Staphylococcus aureus	NA	1280	PRJNA1209589	NA	NA	NA	NA	NA	NA	Homo sapiens	NA	SRR31969614	SRS23764437	NA	NA	NA	NA	NA	NA	NA	NA	NA	NA	2025-01-13	NA	PRJNA1209589	NA	NA	NA	NA	NA	NA
SRR31969624	Illumina MiSeq sequencing: AmpSeq of mixture of pooled colonies from two samples at 7:3 ratio 12-10	SAMN46224486	NA	SRA2049558	NA	NA	NA	NA	PCR	NA	NA	NA	NA	NA	2025-01-13	NA	NA	NA	NA	NA	NA	6024769	NA	NA	NA	NA	NA	NA	2a2027n1 and 2a4060n1 (7:3)	2194138;3142701	ILLUMINA	NA	NA	NA	fasp.sra.ebi.ac.uk:/vol1/srr/SRR319/024/SRR31969624/SRR31969624	NA	NA	NA	NA	NA	NA	NA	NA	NA	NA	ftp.sra.ebi.ac.uk/vol1/fastq/SRR319/024/SRR31969624/SRR31969624_1.fastq.gz;ftp.sra.ebi.ac.uk/vol1/fastq/SRR319/024/SRR31969624/SRR31969624_2.fastq.gz	NA	NA	NA	NA	NA	NA	USA: Arizona	Microbe, viral or environmental	Mixture of samples 12 and 10	ftp.sra.ebi.ac.uk/vol1/srr/SRR319/024/SRR31969624/SRR31969624	NA	ba79f453bbb37ea63441303a07fcbc38;0e9f4f22d6f578a7954c1d88979a0f7e	SRP556781	NA	20482	Simulated multiple strain carriage of Staphylococcus aureus populations	NA	NA	NA	NA	NA	2019-12-31	NA	Mixture of samples 12 and 10	NA	NA	NA	NA	Illumina MiSeq	NA	NA	NA	NA	NA	NA	Illumina MiSeq sequencing: AmpSeq of mixture of pooled colonies from two samples at 7:3 ratio 12-10	NA	NA	NA	9606	NA	NA	2cbe10adf0c77136e8dc81a18a20ff29	NA	ftp.sra.ebi.ac.uk/vol1/fastq/SRR319/024/SRR31969624/SRR31969624_1.fastq.gz;ftp.sra.ebi.ac.uk/vol1/fastq/SRR319/024/SRR31969624/SRR31969624_2.fastq.gz	NA	NA	NA	NA	10281964	AMPLICON	NA	NA	NA	NA	GENOMIC	ftp.sra.ebi.ac.uk/vol1/srr/SRR319/024/SRR31969624/SRR31969624	NA	PAIRED	NA	NA	NA	NA	NA	NA	NA	NA	NA	dcc_compare	NA	NA	NA	NA	NA	NA	NA	NA	NA	NA	NA	public	NA	NA	fasp.sra.ebi.ac.uk:/vol1/fastq/SRR319/024/SRR31969624/SRR31969624_1.fastq.gz;fasp.sra.ebi.ac.uk:/vol1/fastq/SRR319/024/SRR31969624/SRR31969624_2.fastq.gz	1;131567;2;1783272;1239;91061;1385;90964;1279;1280	NA	NA	Mix 16 (12 - 10)	NA	2019-01-01	NA	NA	SaLineageMix16_S164_L001_R1_001.fastq.gz	NA	NA	NA	NA	NA	2019	SaLineageMix16	NA	SUB15004229	NA	NA	NA	Homo sapiens	SaLineageMix16	pathogen;pathogen:priority;pathogen:bacterium	2025-01-13	NA	NA	SRX27324914	Staphylococcus aureus	NA	1280	PRJNA1209589	NA	NA	NA	NA	NA	NA	Homo sapiens	NA	SRR31969624	SRS23764428	NA	NA	NA	NA	NA	NA	NA	NA	NA	NA	2025-01-13	NA	PRJNA1209589	NA	NA	NA	NA	NA	NA
SRR31969629	Illumina MiSeq sequencing: AmpSeq of pooled colonies from sample 6-Rep2	SAMN46224483	NA	SRA2049558	NA	NA	NA	NA	PCR	NA	NA	NA	NA	NA	2025-01-13	NA	NA	NA	NA	NA	NA	10674796	NA	NA	NA	NA	NA	NA	2a3005n1	4049806;5255313	ILLUMINA	NA	NA	NA	fasp.sra.ebi.ac.uk:/vol1/srr/SRR319/029/SRR31969629/SRR31969629	NA	NA	NA	NA	NA	NA	NA	NA	NA	NA	ftp.sra.ebi.ac.uk/vol1/fastq/SRR319/029/SRR31969629/SRR31969629_1.fastq.gz;ftp.sra.ebi.ac.uk/vol1/fastq/SRR319/029/SRR31969629/SRR31969629_2.fastq.gz	NA	NA	NA	NA	NA	NA	USA: Arizona	Microbe, viral or environmental	Individual sample population 6, replicate 1	ftp.sra.ebi.ac.uk/vol1/srr/SRR319/029/SRR31969629/SRR31969629	NA	9d8de646f1611cb3435aefba2fb76996;119ef3d405c33705689778decefdfdf8	SRP556781	NA	37475	Simulated multiple strain carriage of Staphylococcus aureus populations	NA	NA	NA	NA	NA	2019-12-31	NA	Individual sample population 6, replicate 1	NA	NA	NA	NA	Illumina MiSeq	NA	NA	NA	NA	NA	NA	Illumina MiSeq sequencing: AmpSeq of pooled colonies from sample 6-Rep2	NA	NA	NA	9606	NA	NA	adab4aa850efd879bc5748a7b53df27f	NA	ftp.sra.ebi.ac.uk/vol1/fastq/SRR319/029/SRR31969629/SRR31969629_1.fastq.gz;ftp.sra.ebi.ac.uk/vol1/fastq/SRR319/029/SRR31969629/SRR31969629_2.fastq.gz	NA	NA	NA	NA	18812450	AMPLICON	NA	NA	NA	NA	GENOMIC	ftp.sra.ebi.ac.uk/vol1/srr/SRR319/029/SRR31969629/SRR31969629	NA	PAIRED	NA	NA	NA	NA	NA	NA	NA	NA	NA	dcc_compare	NA	NA	NA	NA	NA	NA	NA	NA	NA	NA	NA	public	NA	NA	fasp.sra.ebi.ac.uk:/vol1/fastq/SRR319/029/SRR31969629/SRR31969629_1.fastq.gz;fasp.sra.ebi.ac.uk:/vol1/fastq/SRR319/029/SRR31969629/SRR31969629_2.fastq.gz	1;131567;2;1783272;1239;91061;1385;90964;1279;1280	NA	NA	6-R1	NA	2019-01-01	NA	NA	6-RepeatT0_S12_L001_R1_001.fastq.gz	NA	NA	NA	NA	NA	2019	6-RepeatT0	NA	SUB15004229	NA	NA	NA	Homo sapiens	6-RepeatT0	pathogen;pathogen:priority;pathogen:bacterium	2025-01-13	NA	NA	SRX27324909	Staphylococcus aureus	NA	1280	PRJNA1209589	NA	NA	NA	NA	NA	NA	Homo sapiens	NA	SRR31969629	SRS23764425	NA	NA	NA	NA	NA	NA	NA	NA	NA	NA	2025-01-13	NA	PRJNA1209589	NA	NA	NA	NA	NA	NA
SRR31969631	Illumina MiSeq sequencing: AmpSeq of pooled colonies from sample 5-Rep2	SAMN46224482	NA	SRA2049558	NA	NA	NA	NA	PCR	NA	NA	NA	NA	NA	2025-01-13	NA	NA	NA	NA	NA	NA	11349322	NA	NA	NA	NA	NA	NA	2a4039n1	4158685;5911634	ILLUMINA	NA	NA	NA	fasp.sra.ebi.ac.uk:/vol1/srr/SRR319/031/SRR31969631/SRR31969631	NA	NA	NA	NA	NA	NA	NA	NA	NA	NA	ftp.sra.ebi.ac.uk/vol1/fastq/SRR319/031/SRR31969631/SRR31969631_1.fastq.gz;ftp.sra.ebi.ac.uk/vol1/fastq/SRR319/031/SRR31969631/SRR31969631_2.fastq.gz	NA	NA	NA	NA	NA	NA	USA: Arizona	Microbe, viral or environmental	Individual sample population 5, replicate 1	ftp.sra.ebi.ac.uk/vol1/srr/SRR319/031/SRR31969631/SRR31969631	NA	b5e2961e3e44694c6fac24a40090c28c;583e590e240d9e76a285bff69f5aec0c	SRP556781	NA	38343	Simulated multiple strain carriage of Staphylococcus aureus populations	NA	NA	NA	NA	NA	2019-12-31	NA	Individual sample population 5, replicate 1	NA	NA	NA	NA	Illumina MiSeq	NA	NA	NA	NA	NA	NA	Illumina MiSeq sequencing: AmpSeq of pooled colonies from sample 5-Rep2	NA	NA	NA	9606	NA	NA	7777d313e6be5e82d30ce86c020cff0b	NA	ftp.sra.ebi.ac.uk/vol1/fastq/SRR319/031/SRR31969631/SRR31969631_1.fastq.gz;ftp.sra.ebi.ac.uk/vol1/fastq/SRR319/031/SRR31969631/SRR31969631_2.fastq.gz	NA	NA	NA	NA	19248186	AMPLICON	NA	NA	NA	NA	GENOMIC	ftp.sra.ebi.ac.uk/vol1/srr/SRR319/031/SRR31969631/SRR31969631	NA	PAIRED	NA	NA	NA	NA	NA	NA	NA	NA	NA	dcc_compare	NA	NA	NA	NA	NA	NA	NA	NA	NA	NA	NA	public	NA	NA	fasp.sra.ebi.ac.uk:/vol1/fastq/SRR319/031/SRR31969631/SRR31969631_1.fastq.gz;fasp.sra.ebi.ac.uk:/vol1/fastq/SRR319/031/SRR31969631/SRR31969631_2.fastq.gz	1;131567;2;1783272;1239;91061;1385;90964;1279;1280	NA	NA	5-R1	NA	2019-01-01	NA	NA	5-RepeatT0_S10_L001_R1_001.fastq.gz	NA	NA	NA	NA	NA	2019	5-RepeatT0	NA	SUB15004229	NA	NA	NA	Homo sapiens	5-RepeatT0	pathogen;pathogen:priority;pathogen:bacterium	2025-01-13	NA	NA	SRX27324907	Staphylococcus aureus	NA	1280	PRJNA1209589	NA	NA	NA	NA	NA	NA	Homo sapiens	NA	SRR31969631	SRS23764424	NA	NA	NA	NA	NA	NA	NA	NA	NA	NA	2025-01-13	NA	PRJNA1209589	NA	NA	NA	NA	NA	NA
SRR31969632	Illumina MiSeq sequencing: AmpSeq of pooled colonies from sample 3-Rep1	SAMN46224481	NA	SRA2049558	NA	NA	NA	NA	PCR	NA	NA	NA	NA	NA	2025-01-13	NA	NA	NA	NA	NA	NA	821955	NA	NA	NA	NA	NA	NA	2b2048n1	277561;394432	ILLUMINA	NA	NA	NA	fasp.sra.ebi.ac.uk:/vol1/srr/SRR319/032/SRR31969632/SRR31969632	NA	NA	NA	NA	NA	NA	NA	NA	NA	NA	ftp.sra.ebi.ac.uk/vol1/fastq/SRR319/032/SRR31969632/SRR31969632_1.fastq.gz;ftp.sra.ebi.ac.uk/vol1/fastq/SRR319/032/SRR31969632/SRR31969632_2.fastq.gz	NA	NA	NA	NA	NA	NA	USA: Arizona	Microbe, viral or environmental	Individual sample population 3, replicate 1	ftp.sra.ebi.ac.uk/vol1/srr/SRR319/032/SRR31969632/SRR31969632	NA	b07fbcf2ed255084d199bd33ca4b4eb8;7c47d168269d980f75bd31410b50406d	SRP556781	NA	2599	Simulated multiple strain carriage of Staphylococcus aureus populations	NA	NA	NA	NA	NA	2019-12-31	NA	Individual sample population 3, replicate 1	NA	NA	NA	NA	Illumina MiSeq	NA	NA	NA	NA	NA	NA	Illumina MiSeq sequencing: AmpSeq of pooled colonies from sample 3-Rep1	NA	NA	NA	9606	NA	NA	e9b147b7d63c0aa65f274549e30fbc47	NA	ftp.sra.ebi.ac.uk/vol1/fastq/SRR319/032/SRR31969632/SRR31969632_1.fastq.gz;ftp.sra.ebi.ac.uk/vol1/fastq/SRR319/032/SRR31969632/SRR31969632_2.fastq.gz	NA	NA	NA	NA	1304698	AMPLICON	NA	NA	NA	NA	GENOMIC	ftp.sra.ebi.ac.uk/vol1/srr/SRR319/032/SRR31969632/SRR31969632	NA	PAIRED	NA	NA	NA	NA	NA	NA	NA	NA	NA	dcc_compare	NA	NA	NA	NA	NA	NA	NA	NA	NA	NA	NA	public	NA	NA	fasp.sra.ebi.ac.uk:/vol1/fastq/SRR319/032/SRR31969632/SRR31969632_1.fastq.gz;fasp.sra.ebi.ac.uk:/vol1/fastq/SRR319/032/SRR31969632/SRR31969632_2.fastq.gz	1;131567;2;1783272;1239;91061;1385;90964;1279;1280	NA	NA	3-R1	NA	2019-01-01	NA	NA	3-T0_S5_L001_R1_001.fastq.gz	NA	NA	NA	NA	NA	2019	3-T0	NA	SUB15004229	NA	NA	NA	Homo sapiens	3-T0	pathogen;pathogen:priority;pathogen:bacterium	2025-01-13	NA	NA	SRX27324906	Staphylococcus aureus	NA	1280	PRJNA1209589	NA	NA	NA	NA	NA	NA	Homo sapiens	NA	SRR31969632	SRS23764423	NA	NA	NA	NA	NA	NA	NA	NA	NA	NA	2025-01-13	NA	PRJNA1209589	NA	NA	NA	NA	NA	NA
SRR31969635	Illumina MiSeq sequencing: AmpSeq of pooled colonies from sample 1-Rep2	SAMN46224473	NA	SRA2049558	NA	NA	NA	NA	PCR	NA	NA	NA	NA	NA	2025-01-13	NA	NA	NA	NA	NA	NA	13205861	NA	NA	NA	NA	NA	NA	2b2068n1	4892069;6754521	ILLUMINA	NA	NA	NA	fasp.sra.ebi.ac.uk:/vol1/srr/SRR319/035/SRR31969635/SRR31969635	NA	NA	NA	NA	NA	NA	NA	NA	NA	NA	ftp.sra.ebi.ac.uk/vol1/fastq/SRR319/035/SRR31969635/SRR31969635_1.fastq.gz;ftp.sra.ebi.ac.uk/vol1/fastq/SRR319/035/SRR31969635/SRR31969635_2.fastq.gz	NA	NA	NA	NA	NA	NA	USA: Arizona	Microbe, viral or environmental	Individual sample population 1, replicate 1	ftp.sra.ebi.ac.uk/vol1/srr/SRR319/035/SRR31969635/SRR31969635	NA	b7b6c625ba0141d74be4060284df1b8d;4807c592a7cd4ce803e74eefa688ee08	SRP556781	NA	45686	Simulated multiple strain carriage of Staphylococcus aureus populations	NA	NA	NA	NA	NA	2019-12-31	NA	Individual sample population 1, replicate 1	NA	NA	NA	NA	Illumina MiSeq	NA	NA	NA	NA	NA	NA	Illumina MiSeq sequencing: AmpSeq of pooled colonies from sample 1-Rep2	NA	NA	NA	9606	NA	NA	5bee5d6e9354ff22398eb32f6b66fb2c	NA	ftp.sra.ebi.ac.uk/vol1/fastq/SRR319/035/SRR31969635/SRR31969635_1.fastq.gz;ftp.sra.ebi.ac.uk/vol1/fastq/SRR319/035/SRR31969635/SRR31969635_2.fastq.gz	NA	NA	NA	NA	22934372	AMPLICON	NA	NA	NA	NA	GENOMIC	ftp.sra.ebi.ac.uk/vol1/srr/SRR319/035/SRR31969635/SRR31969635	NA	PAIRED	NA	NA	NA	NA	NA	NA	NA	NA	NA	dcc_compare	NA	NA	NA	NA	NA	NA	NA	NA	NA	NA	NA	public	NA	NA	fasp.sra.ebi.ac.uk:/vol1/fastq/SRR319/035/SRR31969635/SRR31969635_1.fastq.gz;fasp.sra.ebi.ac.uk:/vol1/fastq/SRR319/035/SRR31969635/SRR31969635_2.fastq.gz	1;131567;2;1783272;1239;91061;1385;90964;1279;1280	NA	NA	1-R1	NA	2019-01-01	NA	NA	1-RepeatT0_S2_L001_R1_001.fastq.gz	NA	NA	NA	NA	NA	2019	1-RepeatT0	NA	SUB15004229	NA	NA	NA	Homo sapiens	1-RepeatT0	pathogen;pathogen:priority;pathogen:bacterium	2025-01-13	NA	NA	SRX27324903	Staphylococcus aureus	NA	1280	PRJNA1209589	NA	NA	NA	NA	NA	NA	Homo sapiens	NA	SRR31969635	SRS23764422	NA	NA	NA	NA	NA	NA	NA	NA	NA	NA	2025-01-13	NA	PRJNA1209589	NA	NA	NA	NA	NA	NA
SRR31969605	Illumina MiSeq sequencing: AmpSeq of pooled colonies from sample 13-Rep2	SAMN46224477	NA	SRA2049558	NA	NA	NA	NA	PCR	NA	NA	NA	NA	NA	2025-01-13	NA	NA	NA	NA	NA	NA	9173259	NA	NA	NA	NA	NA	NA	2a3017n1	3266178;4939891	ILLUMINA	NA	NA	NA	fasp.sra.ebi.ac.uk:/vol1/srr/SRR319/005/SRR31969605/SRR31969605	NA	NA	NA	NA	NA	NA	NA	NA	NA	NA	ftp.sra.ebi.ac.uk/vol1/fastq/SRR319/005/SRR31969605/SRR31969605_1.fastq.gz;ftp.sra.ebi.ac.uk/vol1/fastq/SRR319/005/SRR31969605/SRR31969605_2.fastq.gz	NA	NA	NA	NA	NA	NA	USA: Arizona	Microbe, viral or environmental	Individual sample population 13, replicate 1	ftp.sra.ebi.ac.uk/vol1/srr/SRR319/005/SRR31969605/SRR31969605	NA	1b83e9baf096a83111f9eb52414bca85;94531a4e0698d9f3f0826ef0d7546466	SRP556781	NA	30675	Simulated multiple strain carriage of Staphylococcus aureus populations	NA	NA	NA	NA	NA	2019-12-31	NA	Individual sample population 13, replicate 1	NA	NA	NA	NA	Illumina MiSeq	NA	NA	NA	NA	NA	NA	Illumina MiSeq sequencing: AmpSeq of pooled colonies from sample 13-Rep2	NA	NA	NA	9606	NA	NA	432b8aef5c193a3f77b45c1913f3d5f6	NA	ftp.sra.ebi.ac.uk/vol1/fastq/SRR319/005/SRR31969605/SRR31969605_1.fastq.gz;ftp.sra.ebi.ac.uk/vol1/fastq/SRR319/005/SRR31969605/SRR31969605_2.fastq.gz	NA	NA	NA	NA	15398850	AMPLICON	NA	NA	NA	NA	GENOMIC	ftp.sra.ebi.ac.uk/vol1/srr/SRR319/005/SRR31969605/SRR31969605	NA	PAIRED	NA	NA	NA	NA	NA	NA	NA	NA	NA	dcc_compare	NA	NA	NA	NA	NA	NA	NA	NA	NA	NA	NA	public	NA	NA	fasp.sra.ebi.ac.uk:/vol1/fastq/SRR319/005/SRR31969605/SRR31969605_1.fastq.gz;fasp.sra.ebi.ac.uk:/vol1/fastq/SRR319/005/SRR31969605/SRR31969605_2.fastq.gz	1;131567;2;1783272;1239;91061;1385;90964;1279;1280	NA	NA	13-R1	NA	2019-01-01	NA	NA	13-RepeatT0_S26_L001_R1_001.fastq.gz	NA	NA	NA	NA	NA	2019	13-RepeatT0	NA	SUB15004229	NA	NA	NA	Homo sapiens	13-RepeatT0	pathogen;pathogen:priority;pathogen:bacterium	2025-01-13	NA	NA	SRX27324933	Staphylococcus aureus	NA	1280	PRJNA1209589	NA	NA	NA	NA	NA	NA	Homo sapiens	NA	SRR31969605	SRS23764445	NA	NA	NA	NA	NA	NA	NA	NA	NA	NA	2025-01-13	NA	PRJNA1209589	NA	NA	NA	NA	NA	NA
SRR31969606	Illumina MiSeq sequencing: AmpSeq of pooled colonies from sample 12-Rep1	SAMN46224476	NA	SRA2049558	NA	NA	NA	NA	PCR	NA	NA	NA	NA	NA	2025-01-13	NA	NA	NA	NA	NA	NA	7303807	NA	NA	NA	NA	NA	NA	2a2027n1	2643431;3757071	ILLUMINA	NA	NA	NA	fasp.sra.ebi.ac.uk:/vol1/srr/SRR319/006/SRR31969606/SRR31969606	NA	NA	NA	NA	NA	NA	NA	NA	NA	NA	ftp.sra.ebi.ac.uk/vol1/fastq/SRR319/006/SRR31969606/SRR31969606_1.fastq.gz;ftp.sra.ebi.ac.uk/vol1/fastq/SRR319/006/SRR31969606/SRR31969606_2.fastq.gz	NA	NA	NA	NA	NA	NA	USA: Arizona	Microbe, viral or environmental	Individual sample population 12, replicate 1	ftp.sra.ebi.ac.uk/vol1/srr/SRR319/006/SRR31969606/SRR31969606	NA	4903ce58b08dc38911bb625f4ca58a66;2cf74d83a412f241e6e39346e50bfdfe	SRP556781	NA	25027	Simulated multiple strain carriage of Staphylococcus aureus populations	NA	NA	NA	NA	NA	2019-12-31	NA	Individual sample population 12, replicate 1	NA	NA	NA	NA	Illumina MiSeq	NA	NA	NA	NA	NA	NA	Illumina MiSeq sequencing: AmpSeq of pooled colonies from sample 12-Rep1	NA	NA	NA	9606	NA	NA	733d2c3d2d70e41726de7f0bcd703285	NA	ftp.sra.ebi.ac.uk/vol1/fastq/SRR319/006/SRR31969606/SRR31969606_1.fastq.gz;ftp.sra.ebi.ac.uk/vol1/fastq/SRR319/006/SRR31969606/SRR31969606_2.fastq.gz	NA	NA	NA	NA	12563554	AMPLICON	NA	NA	NA	NA	GENOMIC	ftp.sra.ebi.ac.uk/vol1/srr/SRR319/006/SRR31969606/SRR31969606	NA	PAIRED	NA	NA	NA	NA	NA	NA	NA	NA	NA	dcc_compare	NA	NA	NA	NA	NA	NA	NA	NA	NA	NA	NA	public	NA	NA	fasp.sra.ebi.ac.uk:/vol1/fastq/SRR319/006/SRR31969606/SRR31969606_1.fastq.gz;fasp.sra.ebi.ac.uk:/vol1/fastq/SRR319/006/SRR31969606/SRR31969606_2.fastq.gz	1;131567;2;1783272;1239;91061;1385;90964;1279;1280	NA	NA	12-R1	NA	2019-01-01	NA	NA	12-T0_S23_L001_R1_001.fastq.gz	NA	NA	NA	NA	NA	2019	12-T0	NA	SUB15004229	NA	NA	NA	Homo sapiens	12-T0	pathogen;pathogen:priority;pathogen:bacterium	2025-01-13	NA	NA	SRX27324932	Staphylococcus aureus	NA	1280	PRJNA1209589	NA	NA	NA	NA	NA	NA	Homo sapiens	NA	SRR31969606	SRS23764444	NA	NA	NA	NA	NA	NA	NA	NA	NA	NA	2025-01-13	NA	PRJNA1209589	NA	NA	NA	NA	NA	NA
SRR31969608	Illumina MiSeq sequencing: AmpSeq of mixture of pooled colonies from two samples at 7:3 ratio 15-6	SAMN46224501	NA	SRA2049558	NA	NA	NA	NA	PCR	NA	NA	NA	NA	NA	2025-01-13	NA	NA	NA	NA	NA	NA	7430311	NA	NA	NA	NA	NA	NA	2a2005t1 and 2a3005n1 (7:3)	2827224;3907149	ILLUMINA	NA	NA	NA	fasp.sra.ebi.ac.uk:/vol1/srr/SRR319/008/SRR31969608/SRR31969608	NA	NA	NA	NA	NA	NA	NA	NA	NA	NA	ftp.sra.ebi.ac.uk/vol1/fastq/SRR319/008/SRR31969608/SRR31969608_1.fastq.gz;ftp.sra.ebi.ac.uk/vol1/fastq/SRR319/008/SRR31969608/SRR31969608_2.fastq.gz	NA	NA	NA	NA	NA	NA	USA: Arizona	Microbe, viral or environmental	Mixture of samples 15 and 6	ftp.sra.ebi.ac.uk/vol1/srr/SRR319/008/SRR31969608/SRR31969608	NA	691595ecd19abb511d2912e25d8a8bfd;37643372f3839a167e3142f9e9b11eb0	SRP556781	NA	25165	Simulated multiple strain carriage of Staphylococcus aureus populations	NA	NA	NA	NA	NA	2019-12-31	NA	Mixture of samples 15 and 6	NA	NA	NA	NA	Illumina MiSeq	NA	NA	NA	NA	NA	NA	Illumina MiSeq sequencing: AmpSeq of mixture of pooled colonies from two samples at 7:3 ratio 15-6	NA	NA	NA	9606	NA	NA	853ca6b27e7ea938a7fb7dd276de5b06	NA	ftp.sra.ebi.ac.uk/vol1/fastq/SRR319/008/SRR31969608/SRR31969608_1.fastq.gz;ftp.sra.ebi.ac.uk/vol1/fastq/SRR319/008/SRR31969608/SRR31969608_2.fastq.gz	NA	NA	NA	NA	12632830	AMPLICON	NA	NA	NA	NA	GENOMIC	ftp.sra.ebi.ac.uk/vol1/srr/SRR319/008/SRR31969608/SRR31969608	NA	PAIRED	NA	NA	NA	NA	NA	NA	NA	NA	NA	dcc_compare	NA	NA	NA	NA	NA	NA	NA	NA	NA	NA	NA	public	NA	NA	fasp.sra.ebi.ac.uk:/vol1/fastq/SRR319/008/SRR31969608/SRR31969608_1.fastq.gz;fasp.sra.ebi.ac.uk:/vol1/fastq/SRR319/008/SRR31969608/SRR31969608_2.fastq.gz	1;131567;2;1783272;1239;91061;1385;90964;1279;1280	NA	NA	Mix 8 (15 - 6)	NA	2019-01-01	NA	NA	SaLineageMix8_S156_L001_R1_001.fastq.gz	NA	NA	NA	NA	NA	2019	SaLineageMix8	NA	SUB15004229	NA	NA	NA	Homo sapiens	SaLineageMix8	pathogen;pathogen:priority;pathogen:bacterium	2025-01-13	NA	NA	SRX27324930	Staphylococcus aureus	NA	1280	PRJNA1209589	NA	NA	NA	NA	NA	NA	Homo sapiens	NA	SRR31969608	SRS23764443	NA	NA	NA	NA	NA	NA	NA	NA	NA	NA	2025-01-13	NA	PRJNA1209589	NA	NA	NA	NA	NA	NA
SRR31969609	Illumina MiSeq sequencing: AmpSeq of mixture of pooled colonies from two samples at 7:3 ratio 6-15	SAMN46224500	NA	SRA2049558	NA	NA	NA	NA	PCR	NA	NA	NA	NA	NA	2025-01-13	NA	NA	NA	NA	NA	NA	27778662	NA	NA	NA	NA	NA	NA	2a3005n1 and 2a2005t1 (7:3)	10917528;14435527	ILLUMINA	NA	NA	NA	fasp.sra.ebi.ac.uk:/vol1/srr/SRR319/009/SRR31969609/SRR31969609	NA	NA	NA	NA	NA	NA	NA	NA	NA	NA	ftp.sra.ebi.ac.uk/vol1/fastq/SRR319/009/SRR31969609/SRR31969609_1.fastq.gz;ftp.sra.ebi.ac.uk/vol1/fastq/SRR319/009/SRR31969609/SRR31969609_2.fastq.gz	NA	NA	NA	NA	NA	NA	USA: Arizona	Microbe, viral or environmental	Mixture of samples 6 and 15	ftp.sra.ebi.ac.uk/vol1/srr/SRR319/009/SRR31969609/SRR31969609	NA	e5ab57ee7a5a2369c069884e5c1de4dc;06525bc44f6777a3539b5e80a22c6fa6	SRP556781	NA	95256	Simulated multiple strain carriage of Staphylococcus aureus populations	NA	NA	NA	NA	NA	2019-12-31	NA	Mixture of samples 6 and 15	NA	NA	NA	NA	Illumina MiSeq	NA	NA	NA	NA	NA	NA	Illumina MiSeq sequencing: AmpSeq of mixture of pooled colonies from two samples at 7:3 ratio 6-15	NA	NA	NA	9606	NA	NA	d2f17a7f63ed91f51de0de8409d0a142	NA	ftp.sra.ebi.ac.uk/vol1/fastq/SRR319/009/SRR31969609/SRR31969609_1.fastq.gz;ftp.sra.ebi.ac.uk/vol1/fastq/SRR319/009/SRR31969609/SRR31969609_2.fastq.gz	NA	NA	NA	NA	47818512	AMPLICON	NA	NA	NA	NA	GENOMIC	ftp.sra.ebi.ac.uk/vol1/srr/SRR319/009/SRR31969609/SRR31969609	NA	PAIRED	NA	NA	NA	NA	NA	NA	NA	NA	NA	dcc_compare	NA	NA	NA	NA	NA	NA	NA	NA	NA	NA	NA	public	NA	NA	fasp.sra.ebi.ac.uk:/vol1/fastq/SRR319/009/SRR31969609/SRR31969609_1.fastq.gz;fasp.sra.ebi.ac.uk:/vol1/fastq/SRR319/009/SRR31969609/SRR31969609_2.fastq.gz	1;131567;2;1783272;1239;91061;1385;90964;1279;1280	NA	NA	Mix 7 (6 - 15)	NA	2019-01-01	NA	NA	SaLineageMix7_S155_L001_R1_001.fastq.gz	NA	NA	NA	NA	NA	2019	SaLineageMix7	NA	SUB15004229	NA	NA	NA	Homo sapiens	SaLineageMix7	pathogen;pathogen:priority;pathogen:bacterium	2025-01-13	NA	NA	SRX27324929	Staphylococcus aureus	NA	1280	PRJNA1209589	NA	NA	NA	NA	NA	NA	Homo sapiens	NA	SRR31969609	SRS23764442	NA	NA	NA	NA	NA	NA	NA	NA	NA	NA	2025-01-13	NA	PRJNA1209589	NA	NA	NA	NA	NA	NA
SRR31969612	Illumina MiSeq sequencing: AmpSeq of mixture of pooled colonies from two samples at 7:3 ratio 12-3	SAMN46224497	NA	SRA2049558	NA	NA	NA	NA	PCR	NA	NA	NA	NA	NA	2025-01-13	NA	NA	NA	NA	NA	NA	7476181	NA	NA	NA	NA	NA	NA	2a2027n1 and 2b2048n1 (7:3)	2812219;3686339	ILLUMINA	NA	NA	NA	fasp.sra.ebi.ac.uk:/vol1/srr/SRR319/012/SRR31969612/SRR31969612	NA	NA	NA	NA	NA	NA	NA	NA	NA	NA	ftp.sra.ebi.ac.uk/vol1/fastq/SRR319/012/SRR31969612/SRR31969612_1.fastq.gz;ftp.sra.ebi.ac.uk/vol1/fastq/SRR319/012/SRR31969612/SRR31969612_2.fastq.gz	NA	NA	NA	NA	NA	NA	USA: Arizona	Microbe, viral or environmental	Mixture of samples 12 and 3	ftp.sra.ebi.ac.uk/vol1/srr/SRR319/012/SRR31969612/SRR31969612	NA	e3ff6267e5edd67b3c58b73fa4442dc4;e524efea091509ec35783e343ab3b227	SRP556781	NA	26909	Simulated multiple strain carriage of Staphylococcus aureus populations	NA	NA	NA	NA	NA	2019-12-31	NA	Mixture of samples 12 and 3	NA	NA	NA	NA	Illumina MiSeq	NA	NA	NA	NA	NA	NA	Illumina MiSeq sequencing: AmpSeq of mixture of pooled colonies from two samples at 7:3 ratio 12-3	NA	NA	NA	9606	NA	NA	def5d233de9e6277614f2401f30b0d12	NA	ftp.sra.ebi.ac.uk/vol1/fastq/SRR319/012/SRR31969612/SRR31969612_1.fastq.gz;ftp.sra.ebi.ac.uk/vol1/fastq/SRR319/012/SRR31969612/SRR31969612_2.fastq.gz	NA	NA	NA	NA	13508318	AMPLICON	NA	NA	NA	NA	GENOMIC	ftp.sra.ebi.ac.uk/vol1/srr/SRR319/012/SRR31969612/SRR31969612	NA	PAIRED	NA	NA	NA	NA	NA	NA	NA	NA	NA	dcc_compare	NA	NA	NA	NA	NA	NA	NA	NA	NA	NA	NA	public	NA	NA	fasp.sra.ebi.ac.uk:/vol1/fastq/SRR319/012/SRR31969612/SRR31969612_1.fastq.gz;fasp.sra.ebi.ac.uk:/vol1/fastq/SRR319/012/SRR31969612/SRR31969612_2.fastq.gz	1;131567;2;1783272;1239;91061;1385;90964;1279;1280	NA	NA	Mix 4 (12 - 3)	NA	2019-01-01	NA	NA	SaLineageMix4_S152_L001_R1_001.fastq.gz	NA	NA	NA	NA	NA	2019	SaLineageMix4	NA	SUB15004229	NA	NA	NA	Homo sapiens	SaLineageMix4	pathogen;pathogen:priority;pathogen:bacterium	2025-01-13	NA	NA	SRX27324926	Staphylococcus aureus	NA	1280	PRJNA1209589	NA	NA	NA	NA	NA	NA	Homo sapiens	NA	SRR31969612	SRS23764439	NA	NA	NA	NA	NA	NA	NA	NA	NA	NA	2025-01-13	NA	PRJNA1209589	NA	NA	NA	NA	NA	NA
SRR31969616	Illumina MiSeq sequencing: AmpSeq of mixture of pooled colonies from two samples at 7:3 ratio 10-1	SAMN46224490	NA	SRA2049558	NA	NA	NA	NA	PCR	NA	NA	NA	NA	NA	2025-01-13	NA	NA	NA	NA	NA	NA	7128281	NA	NA	NA	NA	NA	NA	2a4060n1 and 2b2068n1 (7:3)	2649071;3708977	ILLUMINA	NA	NA	NA	fasp.sra.ebi.ac.uk:/vol1/srr/SRR319/016/SRR31969616/SRR31969616	NA	NA	NA	NA	NA	NA	NA	NA	NA	NA	ftp.sra.ebi.ac.uk/vol1/fastq/SRR319/016/SRR31969616/SRR31969616_1.fastq.gz;ftp.sra.ebi.ac.uk/vol1/fastq/SRR319/016/SRR31969616/SRR31969616_2.fastq.gz	NA	NA	NA	NA	NA	NA	USA: Arizona	Microbe, viral or environmental	Mixture of samples 10 and 1	ftp.sra.ebi.ac.uk/vol1/srr/SRR319/016/SRR31969616/SRR31969616	NA	09ebb1704ac5244cd8ed610ef39042bf;5374f260ba339c1059161953a5566e57	SRP556781	NA	24808	Simulated multiple strain carriage of Staphylococcus aureus populations	NA	NA	NA	NA	NA	2019-12-31	NA	Mixture of samples 10 and 1	NA	NA	NA	NA	Illumina MiSeq	NA	NA	NA	NA	NA	NA	Illumina MiSeq sequencing: AmpSeq of mixture of pooled colonies from two samples at 7:3 ratio 10-1	NA	NA	NA	9606	NA	NA	c70de2a89de329fc4793d2d571ce06e4	NA	ftp.sra.ebi.ac.uk/vol1/fastq/SRR319/016/SRR31969616/SRR31969616_1.fastq.gz;ftp.sra.ebi.ac.uk/vol1/fastq/SRR319/016/SRR31969616/SRR31969616_2.fastq.gz	NA	NA	NA	NA	12453616	AMPLICON	NA	NA	NA	NA	GENOMIC	ftp.sra.ebi.ac.uk/vol1/srr/SRR319/016/SRR31969616/SRR31969616	NA	PAIRED	NA	NA	NA	NA	NA	NA	NA	NA	NA	dcc_compare	NA	NA	NA	NA	NA	NA	NA	NA	NA	NA	NA	public	NA	NA	fasp.sra.ebi.ac.uk:/vol1/fastq/SRR319/016/SRR31969616/SRR31969616_1.fastq.gz;fasp.sra.ebi.ac.uk:/vol1/fastq/SRR319/016/SRR31969616/SRR31969616_2.fastq.gz	1;131567;2;1783272;1239;91061;1385;90964;1279;1280	NA	NA	Mix 2 (10 - 1)	NA	2019-01-01	NA	NA	SaLineageMix2_S150_L001_R1_001.fastq.gz	NA	NA	NA	NA	NA	2019	SaLineageMix2	NA	SUB15004229	NA	NA	NA	Homo sapiens	SaLineageMix2	pathogen;pathogen:priority;pathogen:bacterium	2025-01-13	NA	NA	SRX27324922	Staphylococcus aureus	NA	1280	PRJNA1209589	NA	NA	NA	NA	NA	NA	Homo sapiens	NA	SRR31969616	SRS23764436	NA	NA	NA	NA	NA	NA	NA	NA	NA	NA	2025-01-13	NA	PRJNA1209589	NA	NA	NA	NA	NA	NA
SRR31969602	Illumina MiSeq sequencing: AmpSeq of pooled colonies from sample 17-Rep1	SAMN46224479	NA	SRA2049558	NA	NA	NA	NA	PCR	NA	NA	NA	NA	NA	2025-01-13	NA	NA	NA	NA	NA	NA	6746296	NA	NA	NA	NA	NA	NA	2a4023n1	2444562;3449243	ILLUMINA	NA	NA	NA	fasp.sra.ebi.ac.uk:/vol1/srr/SRR319/002/SRR31969602/SRR31969602	NA	NA	NA	NA	NA	NA	NA	NA	NA	NA	ftp.sra.ebi.ac.uk/vol1/fastq/SRR319/002/SRR31969602/SRR31969602_1.fastq.gz;ftp.sra.ebi.ac.uk/vol1/fastq/SRR319/002/SRR31969602/SRR31969602_2.fastq.gz	NA	NA	NA	NA	NA	NA	USA: Arizona	Microbe, viral or environmental	Individual sample population 17, replicate 1	ftp.sra.ebi.ac.uk/vol1/srr/SRR319/002/SRR31969602/SRR31969602	NA	827b5252d19dbf4fe3555e619e0ac4d8;3d3c17ff9e909258b21ef882856d4db7	SRP556781	NA	23624	Simulated multiple strain carriage of Staphylococcus aureus populations	NA	NA	NA	NA	NA	2019-12-31	NA	Individual sample population 17, replicate 1	NA	NA	NA	NA	Illumina MiSeq	NA	NA	NA	NA	NA	NA	Illumina MiSeq sequencing: AmpSeq of pooled colonies from sample 17-Rep1	NA	NA	NA	9606	NA	NA	969b712fec668b9901585454d21adba5	NA	ftp.sra.ebi.ac.uk/vol1/fastq/SRR319/002/SRR31969602/SRR31969602_1.fastq.gz;ftp.sra.ebi.ac.uk/vol1/fastq/SRR319/002/SRR31969602/SRR31969602_2.fastq.gz	NA	NA	NA	NA	11859248	AMPLICON	NA	NA	NA	NA	GENOMIC	ftp.sra.ebi.ac.uk/vol1/srr/SRR319/002/SRR31969602/SRR31969602	NA	PAIRED	NA	NA	NA	NA	NA	NA	NA	NA	NA	dcc_compare	NA	NA	NA	NA	NA	NA	NA	NA	NA	NA	NA	public	NA	NA	fasp.sra.ebi.ac.uk:/vol1/fastq/SRR319/002/SRR31969602/SRR31969602_1.fastq.gz;fasp.sra.ebi.ac.uk:/vol1/fastq/SRR319/002/SRR31969602/SRR31969602_2.fastq.gz	1;131567;2;1783272;1239;91061;1385;90964;1279;1280	NA	NA	17-R1	NA	2019-01-01	NA	NA	17-T0_S30_L001_R1_001.fastq.gz	NA	NA	NA	NA	NA	2019	17-T0	NA	SUB15004229	NA	NA	NA	Homo sapiens	17-T0	pathogen;pathogen:priority;pathogen:bacterium	2025-01-13	NA	NA	SRX27324936	Staphylococcus aureus	NA	1280	PRJNA1209589	NA	NA	NA	NA	NA	NA	Homo sapiens	NA	SRR31969602	SRS23764447	NA	NA	NA	NA	NA	NA	NA	NA	NA	NA	2025-01-13	NA	PRJNA1209589	NA	NA	NA	NA	NA	NA
SRR31969617	Illumina MiSeq sequencing: AmpSeq of mixture of pooled colonies from two samples at 7:3 ratio 10-9	SAMN46224493	NA	SRA2049558	NA	NA	NA	NA	PCR	NA	NA	NA	NA	NA	2025-01-13	NA	NA	NA	NA	NA	NA	4817940	NA	NA	NA	NA	NA	NA	2a4060n1 and 2a4060t1 (7:3)	1671406;2660729	ILLUMINA	NA	NA	NA	fasp.sra.ebi.ac.uk:/vol1/srr/SRR319/017/SRR31969617/SRR31969617	NA	NA	NA	NA	NA	NA	NA	NA	NA	NA	ftp.sra.ebi.ac.uk/vol1/fastq/SRR319/017/SRR31969617/SRR31969617_1.fastq.gz;ftp.sra.ebi.ac.uk/vol1/fastq/SRR319/017/SRR31969617/SRR31969617_2.fastq.gz	NA	NA	NA	NA	NA	NA	USA: Arizona	Microbe, viral or environmental	Mixture of samples 10 and 9	ftp.sra.ebi.ac.uk/vol1/srr/SRR319/017/SRR31969617/SRR31969617	NA	e1625a7e6bc17759c7b9925692ddd16f;8e4a249a956ca4f9abeddc9f66d2ff2a	SRP556781	NA	15540	Simulated multiple strain carriage of Staphylococcus aureus populations	NA	NA	NA	NA	NA	2019-12-31	NA	Mixture of samples 10 and 9	NA	NA	NA	NA	Illumina MiSeq	NA	NA	NA	NA	NA	NA	Illumina MiSeq sequencing: AmpSeq of mixture of pooled colonies from two samples at 7:3 ratio 10-9	NA	NA	NA	9606	NA	NA	d7e2b5aa5b4d5f537c129482269f6846	NA	ftp.sra.ebi.ac.uk/vol1/fastq/SRR319/017/SRR31969617/SRR31969617_1.fastq.gz;ftp.sra.ebi.ac.uk/vol1/fastq/SRR319/017/SRR31969617/SRR31969617_2.fastq.gz	NA	NA	NA	NA	7801080	AMPLICON	NA	NA	NA	NA	GENOMIC	ftp.sra.ebi.ac.uk/vol1/srr/SRR319/017/SRR31969617/SRR31969617	NA	PAIRED	NA	NA	NA	NA	NA	NA	NA	NA	NA	dcc_compare	NA	NA	NA	NA	NA	NA	NA	NA	NA	NA	NA	public	NA	NA	fasp.sra.ebi.ac.uk:/vol1/fastq/SRR319/017/SRR31969617/SRR31969617_1.fastq.gz;fasp.sra.ebi.ac.uk:/vol1/fastq/SRR319/017/SRR31969617/SRR31969617_2.fastq.gz	1;131567;2;1783272;1239;91061;1385;90964;1279;1280	NA	NA	Mix 26 (10 - 9)	NA	2019-01-01	NA	NA	SaLineageMix26_S174_L001_R1_001.fastq.gz	NA	NA	NA	NA	NA	2019	SaLineageMix26	NA	SUB15004229	NA	NA	NA	Homo sapiens	SaLineageMix26	pathogen;pathogen:priority;pathogen:bacterium	2025-01-13	NA	NA	SRX27324921	Staphylococcus aureus	NA	1280	PRJNA1209589	NA	NA	NA	NA	NA	NA	Homo sapiens	NA	SRR31969617	SRS23764435	NA	NA	NA	NA	NA	NA	NA	NA	NA	NA	2025-01-13	NA	PRJNA1209589	NA	NA	NA	NA	NA	NA
SRR31969603	Illumina MiSeq sequencing: AmpSeq of pooled colonies from sample 15-Rep1	SAMN46224478	NA	SRA2049558	NA	NA	NA	NA	PCR	NA	NA	NA	NA	NA	2025-01-13	NA	NA	NA	NA	NA	NA	7021217	NA	NA	NA	NA	NA	NA	2a2005t1	2596427;3425811	ILLUMINA	NA	NA	NA	fasp.sra.ebi.ac.uk:/vol1/srr/SRR319/003/SRR31969603/SRR31969603	NA	NA	NA	NA	NA	NA	NA	NA	NA	NA	ftp.sra.ebi.ac.uk/vol1/fastq/SRR319/003/SRR31969603/SRR31969603_1.fastq.gz;ftp.sra.ebi.ac.uk/vol1/fastq/SRR319/003/SRR31969603/SRR31969603_2.fastq.gz	NA	NA	NA	NA	NA	NA	USA: Arizona	Microbe, viral or environmental	Individual sample population 15, replicate 1	ftp.sra.ebi.ac.uk/vol1/srr/SRR319/003/SRR31969603/SRR31969603	NA	9321d9096575843f09f23195c1dcc27d;e34afe7a06d99a5829ff9cafaa1f326f	SRP556781	NA	25290	Simulated multiple strain carriage of Staphylococcus aureus populations	NA	NA	NA	NA	NA	2019-12-31	NA	Individual sample population 15, replicate 1	NA	NA	NA	NA	Illumina MiSeq	NA	NA	NA	NA	NA	NA	Illumina MiSeq sequencing: AmpSeq of pooled colonies from sample 15-Rep1	NA	NA	NA	9606	NA	NA	40e37fc33ac8a304ceec2cc7f060a915	NA	ftp.sra.ebi.ac.uk/vol1/fastq/SRR319/003/SRR31969603/SRR31969603_1.fastq.gz;ftp.sra.ebi.ac.uk/vol1/fastq/SRR319/003/SRR31969603/SRR31969603_2.fastq.gz	NA	NA	NA	NA	12695580	AMPLICON	NA	NA	NA	NA	GENOMIC	ftp.sra.ebi.ac.uk/vol1/srr/SRR319/003/SRR31969603/SRR31969603	NA	PAIRED	NA	NA	NA	NA	NA	NA	NA	NA	NA	dcc_compare	NA	NA	NA	NA	NA	NA	NA	NA	NA	NA	NA	public	NA	NA	fasp.sra.ebi.ac.uk:/vol1/fastq/SRR319/003/SRR31969603/SRR31969603_1.fastq.gz;fasp.sra.ebi.ac.uk:/vol1/fastq/SRR319/003/SRR31969603/SRR31969603_2.fastq.gz	1;131567;2;1783272;1239;91061;1385;90964;1279;1280	NA	NA	15-R1	NA	2019-01-01	NA	NA	15-T0_S28_L001_R1_001.fastq.gz	NA	NA	NA	NA	NA	2019	15-T0	NA	SUB15004229	NA	NA	NA	Homo sapiens	15-T0	pathogen;pathogen:priority;pathogen:bacterium	2025-01-13	NA	NA	SRX27324935	Staphylococcus aureus	NA	1280	PRJNA1209589	NA	NA	NA	NA	NA	NA	Homo sapiens	NA	SRR31969603	SRS23764446	NA	NA	NA	NA	NA	NA	NA	NA	NA	NA	2025-01-13	NA	PRJNA1209589	NA	NA	NA	NA	NA	NA
SRR31969619	Illumina MiSeq sequencing: AmpSeq of mixture of pooled colonies from two samples at 7:3 ratio 11-9	SAMN46224491	NA	SRA2049558	NA	NA	NA	NA	PCR	NA	NA	NA	NA	NA	2025-01-13	NA	NA	NA	NA	NA	NA	4087389	NA	NA	NA	NA	NA	NA	2a2027t1 and 2a4060t1 (7:3)	1501711;2014590	ILLUMINA	NA	NA	NA	fasp.sra.ebi.ac.uk:/vol1/srr/SRR319/019/SRR31969619/SRR31969619	NA	NA	NA	NA	NA	NA	NA	NA	NA	NA	ftp.sra.ebi.ac.uk/vol1/fastq/SRR319/019/SRR31969619/SRR31969619_1.fastq.gz;ftp.sra.ebi.ac.uk/vol1/fastq/SRR319/019/SRR31969619/SRR31969619_2.fastq.gz	NA	NA	NA	NA	NA	NA	USA: Arizona	Microbe, viral or environmental	Mixture of samples 11 and 9	ftp.sra.ebi.ac.uk/vol1/srr/SRR319/019/SRR31969619/SRR31969619	NA	46669a7b51a3aa061bf0110a15492aef;a4c6bc1bacd44bd934067894a8517428	SRP556781	NA	14306	Simulated multiple strain carriage of Staphylococcus aureus populations	NA	NA	NA	NA	NA	2019-12-31	NA	Mixture of samples 11 and 9	NA	NA	NA	NA	Illumina MiSeq	NA	NA	NA	NA	NA	NA	Illumina MiSeq sequencing: AmpSeq of mixture of pooled colonies from two samples at 7:3 ratio 11-9	NA	NA	NA	9606	NA	NA	a400f794ca642256c3069bab8f5be392	NA	ftp.sra.ebi.ac.uk/vol1/fastq/SRR319/019/SRR31969619/SRR31969619_1.fastq.gz;ftp.sra.ebi.ac.uk/vol1/fastq/SRR319/019/SRR31969619/SRR31969619_2.fastq.gz	NA	NA	NA	NA	7181612	AMPLICON	NA	NA	NA	NA	GENOMIC	ftp.sra.ebi.ac.uk/vol1/srr/SRR319/019/SRR31969619/SRR31969619	NA	PAIRED	NA	NA	NA	NA	NA	NA	NA	NA	NA	dcc_compare	NA	NA	NA	NA	NA	NA	NA	NA	NA	NA	NA	public	NA	NA	fasp.sra.ebi.ac.uk:/vol1/fastq/SRR319/019/SRR31969619/SRR31969619_1.fastq.gz;fasp.sra.ebi.ac.uk:/vol1/fastq/SRR319/019/SRR31969619/SRR31969619_2.fastq.gz	1;131567;2;1783272;1239;91061;1385;90964;1279;1280	NA	NA	Mix 20 (11 - 9)	NA	2019-01-01	NA	NA	SaLineageMix20_S168_L001_R1_001.fastq.gz	NA	NA	NA	NA	NA	2019	SaLineageMix20	NA	SUB15004229	NA	NA	NA	Homo sapiens	SaLineageMix20	pathogen;pathogen:priority;pathogen:bacterium	2025-01-13	NA	NA	SRX27324919	Staphylococcus aureus	NA	1280	PRJNA1209589	NA	NA	NA	NA	NA	NA	Homo sapiens	NA	SRR31969619	SRS23764433	NA	NA	NA	NA	NA	NA	NA	NA	NA	NA	2025-01-13	NA	PRJNA1209589	NA	NA	NA	NA	NA	NA
SRR31969607	Illumina MiSeq sequencing: AmpSeq of pooled colonies from sample 12-Rep2	SAMN46224476	NA	SRA2049558	NA	NA	NA	NA	PCR	NA	NA	NA	NA	NA	2025-01-13	NA	NA	NA	NA	NA	NA	8833098	NA	NA	NA	NA	NA	NA	2a2027n1	3285296;4381698	ILLUMINA	NA	NA	NA	fasp.sra.ebi.ac.uk:/vol1/srr/SRR319/007/SRR31969607/SRR31969607	NA	NA	NA	NA	NA	NA	NA	NA	NA	NA	ftp.sra.ebi.ac.uk/vol1/fastq/SRR319/007/SRR31969607/SRR31969607_1.fastq.gz;ftp.sra.ebi.ac.uk/vol1/fastq/SRR319/007/SRR31969607/SRR31969607_2.fastq.gz	NA	NA	NA	NA	NA	NA	USA: Arizona	Microbe, viral or environmental	Individual sample population 12, replicate 1	ftp.sra.ebi.ac.uk/vol1/srr/SRR319/007/SRR31969607/SRR31969607	NA	e1766ec1907cb97022fe99e03f5a9c61;a68dfaa3216b47f3543f2f1b61ed839b	SRP556781	NA	31128	Simulated multiple strain carriage of Staphylococcus aureus populations	NA	NA	NA	NA	NA	2019-12-31	NA	Individual sample population 12, replicate 1	NA	NA	NA	NA	Illumina MiSeq	NA	NA	NA	NA	NA	NA	Illumina MiSeq sequencing: AmpSeq of pooled colonies from sample 12-Rep2	NA	NA	NA	9606	NA	NA	bc39b59ed277a3b980869f2733aaecaf	NA	ftp.sra.ebi.ac.uk/vol1/fastq/SRR319/007/SRR31969607/SRR31969607_1.fastq.gz;ftp.sra.ebi.ac.uk/vol1/fastq/SRR319/007/SRR31969607/SRR31969607_2.fastq.gz	NA	NA	NA	NA	15626256	AMPLICON	NA	NA	NA	NA	GENOMIC	ftp.sra.ebi.ac.uk/vol1/srr/SRR319/007/SRR31969607/SRR31969607	NA	PAIRED	NA	NA	NA	NA	NA	NA	NA	NA	NA	dcc_compare	NA	NA	NA	NA	NA	NA	NA	NA	NA	NA	NA	public	NA	NA	fasp.sra.ebi.ac.uk:/vol1/fastq/SRR319/007/SRR31969607/SRR31969607_1.fastq.gz;fasp.sra.ebi.ac.uk:/vol1/fastq/SRR319/007/SRR31969607/SRR31969607_2.fastq.gz	1;131567;2;1783272;1239;91061;1385;90964;1279;1280	NA	NA	12-R1	NA	2019-01-01	NA	NA	12-RepeatT0_S24_L001_R1_001.fastq.gz	NA	NA	NA	NA	NA	2019	12-RepeatT0	NA	SUB15004229	NA	NA	NA	Homo sapiens	12-RepeatT0	pathogen;pathogen:priority;pathogen:bacterium	2025-01-13	NA	NA	SRX27324931	Staphylococcus aureus	NA	1280	PRJNA1209589	NA	NA	NA	NA	NA	NA	Homo sapiens	NA	SRR31969607	SRS23764444	NA	NA	NA	NA	NA	NA	NA	NA	NA	NA	2025-01-13	NA	PRJNA1209589	NA	NA	NA	NA	NA	NA
SRR31969620	Illumina MiSeq sequencing: AmpSeq of mixture of pooled colonies from two samples at 7:3 ratio 1-10	SAMN46224485	NA	SRA2049558	NA	NA	NA	NA	PCR	NA	NA	NA	NA	NA	2025-01-13	NA	NA	NA	NA	NA	NA	7868808	NA	NA	NA	NA	NA	NA	2b2068n1 and 2a4060n1 (7:3)	2984112;4064663	ILLUMINA	NA	NA	NA	fasp.sra.ebi.ac.uk:/vol1/srr/SRR319/020/SRR31969620/SRR31969620	NA	NA	NA	NA	NA	NA	NA	NA	NA	NA	ftp.sra.ebi.ac.uk/vol1/fastq/SRR319/020/SRR31969620/SRR31969620_1.fastq.gz;ftp.sra.ebi.ac.uk/vol1/fastq/SRR319/020/SRR31969620/SRR31969620_2.fastq.gz	NA	NA	NA	NA	NA	NA	USA: Arizona	Microbe, viral or environmental	Mixture of samples 1 and 10	ftp.sra.ebi.ac.uk/vol1/srr/SRR319/020/SRR31969620/SRR31969620	NA	bcc80f954c863bc183cffc9d458ef1a8;88c2a81d647c781da5a5a76ded94d3a9	SRP556781	NA	27455	Simulated multiple strain carriage of Staphylococcus aureus populations	NA	NA	NA	NA	NA	2019-12-31	NA	Mixture of samples 1 and 10	NA	NA	NA	NA	Illumina MiSeq	NA	NA	NA	NA	NA	NA	Illumina MiSeq sequencing: AmpSeq of mixture of pooled colonies from two samples at 7:3 ratio 1-10	NA	NA	NA	9606	NA	NA	fd192e47c09a408118fb35c6708440f9	NA	ftp.sra.ebi.ac.uk/vol1/fastq/SRR319/020/SRR31969620/SRR31969620_1.fastq.gz;ftp.sra.ebi.ac.uk/vol1/fastq/SRR319/020/SRR31969620/SRR31969620_2.fastq.gz	NA	NA	NA	NA	13782410	AMPLICON	NA	NA	NA	NA	GENOMIC	ftp.sra.ebi.ac.uk/vol1/srr/SRR319/020/SRR31969620/SRR31969620	NA	PAIRED	NA	NA	NA	NA	NA	NA	NA	NA	NA	dcc_compare	NA	NA	NA	NA	NA	NA	NA	NA	NA	NA	NA	public	NA	NA	fasp.sra.ebi.ac.uk:/vol1/fastq/SRR319/020/SRR31969620/SRR31969620_1.fastq.gz;fasp.sra.ebi.ac.uk:/vol1/fastq/SRR319/020/SRR31969620/SRR31969620_2.fastq.gz	1;131567;2;1783272;1239;91061;1385;90964;1279;1280	NA	NA	Mix 1 (1 - 10)	NA	2019-01-01	NA	NA	SaLineageMix1_S149_L001_R1_001.fastq.gz	NA	NA	NA	NA	NA	2019	SaLineageMix1	NA	SUB15004229	NA	NA	NA	Homo sapiens	SaLineageMix1	pathogen;pathogen:priority;pathogen:bacterium	2025-01-13	NA	NA	SRX27324918	Staphylococcus aureus	NA	1280	PRJNA1209589	NA	NA	NA	NA	NA	NA	Homo sapiens	NA	SRR31969620	SRS23764432	NA	NA	NA	NA	NA	NA	NA	NA	NA	NA	2025-01-13	NA	PRJNA1209589	NA	NA	NA	NA	NA	NA
SRR31969611	Illumina MiSeq sequencing: AmpSeq of mixture of pooled colonies from two samples at 7:3 ratio 5-13	SAMN46224498	NA	SRA2049558	NA	NA	NA	NA	PCR	NA	NA	NA	NA	NA	2025-01-13	NA	NA	NA	NA	NA	NA	24194239	NA	NA	NA	NA	NA	NA	2a4039n1 and 2a3017n1 (7:3)	9703295;11895313	ILLUMINA	NA	NA	NA	fasp.sra.ebi.ac.uk:/vol1/srr/SRR319/011/SRR31969611/SRR31969611	NA	NA	NA	NA	NA	NA	NA	NA	NA	NA	ftp.sra.ebi.ac.uk/vol1/fastq/SRR319/011/SRR31969611/SRR31969611_1.fastq.gz;ftp.sra.ebi.ac.uk/vol1/fastq/SRR319/011/SRR31969611/SRR31969611_2.fastq.gz	NA	NA	NA	NA	NA	NA	USA: Arizona	Microbe, viral or environmental	Mixture of samples 5 and 13	ftp.sra.ebi.ac.uk/vol1/srr/SRR319/011/SRR31969611/SRR31969611	NA	d444e1a345d68cdcdcf4700ef14c3b12;469cea44ca38d8809f1742f4c4300eab	SRP556781	NA	87407	Simulated multiple strain carriage of Staphylococcus aureus populations	NA	NA	NA	NA	NA	2019-12-31	NA	Mixture of samples 5 and 13	NA	NA	NA	NA	Illumina MiSeq	NA	NA	NA	NA	NA	NA	Illumina MiSeq sequencing: AmpSeq of mixture of pooled colonies from two samples at 7:3 ratio 5-13	NA	NA	NA	9606	NA	NA	1964e813687ae77d64da9482be98a2ad	NA	ftp.sra.ebi.ac.uk/vol1/fastq/SRR319/011/SRR31969611/SRR31969611_1.fastq.gz;ftp.sra.ebi.ac.uk/vol1/fastq/SRR319/011/SRR31969611/SRR31969611_2.fastq.gz	NA	NA	NA	NA	43878314	AMPLICON	NA	NA	NA	NA	GENOMIC	ftp.sra.ebi.ac.uk/vol1/srr/SRR319/011/SRR31969611/SRR31969611	NA	PAIRED	NA	NA	NA	NA	NA	NA	NA	NA	NA	dcc_compare	NA	NA	NA	NA	NA	NA	NA	NA	NA	NA	NA	public	NA	NA	fasp.sra.ebi.ac.uk:/vol1/fastq/SRR319/011/SRR31969611/SRR31969611_1.fastq.gz;fasp.sra.ebi.ac.uk:/vol1/fastq/SRR319/011/SRR31969611/SRR31969611_2.fastq.gz	1;131567;2;1783272;1239;91061;1385;90964;1279;1280	NA	NA	Mix 5 (5 - 13)	NA	2019-01-01	NA	NA	SaLineageMix5_S153_L001_R1_001.fastq.gz	NA	NA	NA	NA	NA	2019	SaLineageMix5	NA	SUB15004229	NA	NA	NA	Homo sapiens	SaLineageMix5	pathogen;pathogen:priority;pathogen:bacterium	2025-01-13	NA	NA	SRX27324927	Staphylococcus aureus	NA	1280	PRJNA1209589	NA	NA	NA	NA	NA	NA	Homo sapiens	NA	SRR31969611	SRS23764440	NA	NA	NA	NA	NA	NA	NA	NA	NA	NA	2025-01-13	NA	PRJNA1209589	NA	NA	NA	NA	NA	NA
SRR31969621	Illumina MiSeq sequencing: AmpSeq of mixture of pooled colonies from two samples at 7:3 ratio 9-11	SAMN46224489	NA	SRA2049558	NA	NA	NA	NA	PCR	NA	NA	NA	NA	NA	2025-01-13	NA	NA	NA	NA	NA	NA	7413873	NA	NA	NA	NA	NA	NA	2a4060t1 and 2a2027t1 (7:3)	2655360;3903223	ILLUMINA	NA	NA	NA	fasp.sra.ebi.ac.uk:/vol1/srr/SRR319/021/SRR31969621/SRR31969621	NA	NA	NA	NA	NA	NA	NA	NA	NA	NA	ftp.sra.ebi.ac.uk/vol1/fastq/SRR319/021/SRR31969621/SRR31969621_1.fastq.gz;ftp.sra.ebi.ac.uk/vol1/fastq/SRR319/021/SRR31969621/SRR31969621_2.fastq.gz	NA	NA	NA	NA	NA	NA	USA: Arizona	Microbe, viral or environmental	Mixture of samples 9 and 11	ftp.sra.ebi.ac.uk/vol1/srr/SRR319/021/SRR31969621/SRR31969621	NA	b5413d2062269eebab1ce1ae0a4bf2ab;b02d9e3500618d746978759fe5a49a1e	SRP556781	NA	25280	Simulated multiple strain carriage of Staphylococcus aureus populations	NA	NA	NA	NA	NA	2019-12-31	NA	Mixture of samples 9 and 11	NA	NA	NA	NA	Illumina MiSeq	NA	NA	NA	NA	NA	NA	Illumina MiSeq sequencing: AmpSeq of mixture of pooled colonies from two samples at 7:3 ratio 9-11	NA	NA	NA	9606	NA	NA	9a62291bf3e4cb1606629fbecb6921ee	NA	ftp.sra.ebi.ac.uk/vol1/fastq/SRR319/021/SRR31969621/SRR31969621_1.fastq.gz;ftp.sra.ebi.ac.uk/vol1/fastq/SRR319/021/SRR31969621/SRR31969621_2.fastq.gz	NA	NA	NA	NA	12690560	AMPLICON	NA	NA	NA	NA	GENOMIC	ftp.sra.ebi.ac.uk/vol1/srr/SRR319/021/SRR31969621/SRR31969621	NA	PAIRED	NA	NA	NA	NA	NA	NA	NA	NA	NA	dcc_compare	NA	NA	NA	NA	NA	NA	NA	NA	NA	NA	NA	public	NA	NA	fasp.sra.ebi.ac.uk:/vol1/fastq/SRR319/021/SRR31969621/SRR31969621_1.fastq.gz;fasp.sra.ebi.ac.uk:/vol1/fastq/SRR319/021/SRR31969621/SRR31969621_2.fastq.gz	1;131567;2;1783272;1239;91061;1385;90964;1279;1280	NA	NA	Mix 19 (9 - 11)	NA	2019-01-01	NA	NA	SaLineageMix19_S167_L001_R1_001.fastq.gz	NA	NA	NA	NA	NA	2019	SaLineageMix19	NA	SUB15004229	NA	NA	NA	Homo sapiens	SaLineageMix19	pathogen;pathogen:priority;pathogen:bacterium	2025-01-13	NA	NA	SRX27324917	Staphylococcus aureus	NA	1280	PRJNA1209589	NA	NA	NA	NA	NA	NA	Homo sapiens	NA	SRR31969621	SRS23764431	NA	NA	NA	NA	NA	NA	NA	NA	NA	NA	2025-01-13	NA	PRJNA1209589	NA	NA	NA	NA	NA	NA
SRR31969613	Illumina MiSeq sequencing: AmpSeq of mixture of pooled colonies from two samples at 7:3 ratio 18-17	SAMN46224496	NA	SRA2049558	NA	NA	NA	NA	PCR	NA	NA	NA	NA	NA	2025-01-13	NA	NA	NA	NA	NA	NA	12640525	NA	NA	NA	NA	NA	NA	2a4023t1 and 2a4023n1 (7:3)	4584637;6889904	ILLUMINA	NA	NA	NA	fasp.sra.ebi.ac.uk:/vol1/srr/SRR319/013/SRR31969613/SRR31969613	NA	NA	NA	NA	NA	NA	NA	NA	NA	NA	ftp.sra.ebi.ac.uk/vol1/fastq/SRR319/013/SRR31969613/SRR31969613_1.fastq.gz;ftp.sra.ebi.ac.uk/vol1/fastq/SRR319/013/SRR31969613/SRR31969613_2.fastq.gz	NA	NA	NA	NA	NA	NA	USA: Arizona	Microbe, viral or environmental	Mixture of samples 18 and 17	ftp.sra.ebi.ac.uk/vol1/srr/SRR319/013/SRR31969613/SRR31969613	NA	909a4f733bd1608d10b923361c5b5796;0cad8c4b835889e3a2fcf9588e7a2008	SRP556781	NA	41640	Simulated multiple strain carriage of Staphylococcus aureus populations	NA	NA	NA	NA	NA	2019-12-31	NA	Mixture of samples 18 and 17	NA	NA	NA	NA	Illumina MiSeq	NA	NA	NA	NA	NA	NA	Illumina MiSeq sequencing: AmpSeq of mixture of pooled colonies from two samples at 7:3 ratio 18-17	NA	NA	NA	9606	NA	NA	17739a2a1561afdc5fc69eb47aaf3f99	NA	ftp.sra.ebi.ac.uk/vol1/fastq/SRR319/013/SRR31969613/SRR31969613_1.fastq.gz;ftp.sra.ebi.ac.uk/vol1/fastq/SRR319/013/SRR31969613/SRR31969613_2.fastq.gz	NA	NA	NA	NA	20903280	AMPLICON	NA	NA	NA	NA	GENOMIC	ftp.sra.ebi.ac.uk/vol1/srr/SRR319/013/SRR31969613/SRR31969613	NA	PAIRED	NA	NA	NA	NA	NA	NA	NA	NA	NA	dcc_compare	NA	NA	NA	NA	NA	NA	NA	NA	NA	NA	NA	public	NA	NA	fasp.sra.ebi.ac.uk:/vol1/fastq/SRR319/013/SRR31969613/SRR31969613_1.fastq.gz;fasp.sra.ebi.ac.uk:/vol1/fastq/SRR319/013/SRR31969613/SRR31969613_2.fastq.gz	1;131567;2;1783272;1239;91061;1385;90964;1279;1280	NA	NA	Mix 32 (18 - 17)	NA	2019-01-01	NA	NA	SaLineageMix32_S180_L001_R1_001.fastq.gz	NA	NA	NA	NA	NA	2019	SaLineageMix32	NA	SUB15004229	NA	NA	NA	Homo sapiens	SaLineageMix32	pathogen;pathogen:priority;pathogen:bacterium	2025-01-13	NA	NA	SRX27324925	Staphylococcus aureus	NA	1280	PRJNA1209589	NA	NA	NA	NA	NA	NA	Homo sapiens	NA	SRR31969613	SRS23764438	NA	NA	NA	NA	NA	NA	NA	NA	NA	NA	2025-01-13	NA	PRJNA1209589	NA	NA	NA	NA	NA	NA
SRR31969625	Illumina MiSeq sequencing: AmpSeq of pooled colonies from sample 9-Rep1	SAMN46224484	NA	SRA2049558	NA	NA	NA	NA	PCR	NA	NA	NA	NA	NA	2025-01-13	NA	NA	NA	NA	NA	NA	16562365	NA	NA	NA	NA	NA	NA	2a4060t1	6066983;8683447	ILLUMINA	NA	NA	NA	fasp.sra.ebi.ac.uk:/vol1/srr/SRR319/025/SRR31969625/SRR31969625	NA	NA	NA	NA	NA	NA	NA	NA	NA	NA	ftp.sra.ebi.ac.uk/vol1/fastq/SRR319/025/SRR31969625/SRR31969625_1.fastq.gz;ftp.sra.ebi.ac.uk/vol1/fastq/SRR319/025/SRR31969625/SRR31969625_2.fastq.gz	NA	NA	NA	NA	NA	NA	USA: Arizona	Microbe, viral or environmental	Individual sample population 9, replicate 1	ftp.sra.ebi.ac.uk/vol1/srr/SRR319/025/SRR31969625/SRR31969625	NA	46d32df7cbe06ff3bdc8df81a3377da6;d7b0e589a93f54327c8d18f5c1ebb3d0	SRP556781	NA	56772	Simulated multiple strain carriage of Staphylococcus aureus populations	NA	NA	NA	NA	NA	2019-12-31	NA	Individual sample population 9, replicate 1	NA	NA	NA	NA	Illumina MiSeq	NA	NA	NA	NA	NA	NA	Illumina MiSeq sequencing: AmpSeq of pooled colonies from sample 9-Rep1	NA	NA	NA	9606	NA	NA	87a86ad0a399ff553816fda0591245af	NA	ftp.sra.ebi.ac.uk/vol1/fastq/SRR319/025/SRR31969625/SRR31969625_1.fastq.gz;ftp.sra.ebi.ac.uk/vol1/fastq/SRR319/025/SRR31969625/SRR31969625_2.fastq.gz	NA	NA	NA	NA	28499544	AMPLICON	NA	NA	NA	NA	GENOMIC	ftp.sra.ebi.ac.uk/vol1/srr/SRR319/025/SRR31969625/SRR31969625	NA	PAIRED	NA	NA	NA	NA	NA	NA	NA	NA	NA	dcc_compare	NA	NA	NA	NA	NA	NA	NA	NA	NA	NA	NA	public	NA	NA	fasp.sra.ebi.ac.uk:/vol1/fastq/SRR319/025/SRR31969625/SRR31969625_1.fastq.gz;fasp.sra.ebi.ac.uk:/vol1/fastq/SRR319/025/SRR31969625/SRR31969625_2.fastq.gz	1;131567;2;1783272;1239;91061;1385;90964;1279;1280	NA	NA	9-R1	NA	2019-01-01	NA	NA	9-T0_S17_L001_R1_001.fastq.gz	NA	NA	NA	NA	NA	2019	9-T0	NA	SUB15004229	NA	NA	NA	Homo sapiens	9-T0	pathogen;pathogen:priority;pathogen:bacterium	2025-01-13	NA	NA	SRX27324913	Staphylococcus aureus	NA	1280	PRJNA1209589	NA	NA	NA	NA	NA	NA	Homo sapiens	NA	SRR31969625	SRS23764426	NA	NA	NA	NA	NA	NA	NA	NA	NA	NA	2025-01-13	NA	PRJNA1209589	NA	NA	NA	NA	NA	NA
SRR31969615	Illumina MiSeq sequencing: AmpSeq of pooled colonies from sample 11-Rep1	SAMN46224475	NA	SRA2049558	NA	NA	NA	NA	PCR	NA	NA	NA	NA	NA	2025-01-13	NA	NA	NA	NA	NA	NA	70493	NA	NA	NA	NA	NA	NA	2a2027t1	3071;4256	ILLUMINA	NA	NA	NA	fasp.sra.ebi.ac.uk:/vol1/srr/SRR319/015/SRR31969615/SRR31969615	NA	NA	NA	NA	NA	NA	NA	NA	NA	NA	ftp.sra.ebi.ac.uk/vol1/fastq/SRR319/015/SRR31969615/SRR31969615_1.fastq.gz;ftp.sra.ebi.ac.uk/vol1/fastq/SRR319/015/SRR31969615/SRR31969615_2.fastq.gz	NA	NA	NA	NA	NA	NA	USA: Arizona	Microbe, viral or environmental	Individual sample population 11, replicate 1	ftp.sra.ebi.ac.uk/vol1/srr/SRR319/015/SRR31969615/SRR31969615	NA	4804a30fd0ae52f6853dd0143bd6658c;ebf1315cd44b9fedb38f965a9d51db0f	SRP556781	NA	20	Simulated multiple strain carriage of Staphylococcus aureus populations	NA	NA	NA	NA	NA	2019-12-31	NA	Individual sample population 11, replicate 1	NA	NA	NA	NA	Illumina MiSeq	NA	NA	NA	NA	NA	NA	Illumina MiSeq sequencing: AmpSeq of pooled colonies from sample 11-Rep1	NA	NA	NA	9606	NA	NA	2f42aab6df921cc002011ec466eca373	NA	ftp.sra.ebi.ac.uk/vol1/fastq/SRR319/015/SRR31969615/SRR31969615_1.fastq.gz;ftp.sra.ebi.ac.uk/vol1/fastq/SRR319/015/SRR31969615/SRR31969615_2.fastq.gz	NA	NA	NA	NA	10040	AMPLICON	NA	NA	NA	NA	GENOMIC	ftp.sra.ebi.ac.uk/vol1/srr/SRR319/015/SRR31969615/SRR31969615	NA	PAIRED	NA	NA	NA	NA	NA	NA	NA	NA	NA	dcc_compare	NA	NA	NA	NA	NA	NA	NA	NA	NA	NA	NA	public	NA	NA	fasp.sra.ebi.ac.uk:/vol1/fastq/SRR319/015/SRR31969615/SRR31969615_1.fastq.gz;fasp.sra.ebi.ac.uk:/vol1/fastq/SRR319/015/SRR31969615/SRR31969615_2.fastq.gz	1;131567;2;1783272;1239;91061;1385;90964;1279;1280	NA	NA	11-R1	NA	2019-01-01	NA	NA	11-T0_S21_L001_R1_001.fastq.gz	NA	NA	NA	NA	NA	2019	11-T0	NA	SUB15004229	NA	NA	NA	Homo sapiens	11-T0	pathogen;pathogen:priority;pathogen:bacterium	2025-01-13	NA	NA	SRX27324923	Staphylococcus aureus	NA	1280	PRJNA1209589	NA	NA	NA	NA	NA	NA	Homo sapiens	NA	SRR31969615	SRS23764427	NA	NA	NA	NA	NA	NA	NA	NA	NA	NA	2025-01-13	NA	PRJNA1209589	NA	NA	NA	NA	NA	NA
SRR31969627	Illumina MiSeq sequencing: AmpSeq of pooled colonies from sample 9-Rep2	SAMN46224484	NA	SRA2049558	NA	NA	NA	NA	PCR	NA	NA	NA	NA	NA	2025-01-13	NA	NA	NA	NA	NA	NA	9746988	NA	NA	NA	NA	NA	NA	2a4060t1	3573700;5033997	ILLUMINA	NA	NA	NA	fasp.sra.ebi.ac.uk:/vol1/srr/SRR319/027/SRR31969627/SRR31969627	NA	NA	NA	NA	NA	NA	NA	NA	NA	NA	ftp.sra.ebi.ac.uk/vol1/fastq/SRR319/027/SRR31969627/SRR31969627_1.fastq.gz;ftp.sra.ebi.ac.uk/vol1/fastq/SRR319/027/SRR31969627/SRR31969627_2.fastq.gz	NA	NA	NA	NA	NA	NA	USA: Arizona	Microbe, viral or environmental	Individual sample population 9, replicate 1	ftp.sra.ebi.ac.uk/vol1/srr/SRR319/027/SRR31969627/SRR31969627	NA	3e74c1d0ad043633cdcb0236f49bbd2d;d379865791a2115ff51de76406316361	SRP556781	NA	33266	Simulated multiple strain carriage of Staphylococcus aureus populations	NA	NA	NA	NA	NA	2019-12-31	NA	Individual sample population 9, replicate 1	NA	NA	NA	NA	Illumina MiSeq	NA	NA	NA	NA	NA	NA	Illumina MiSeq sequencing: AmpSeq of pooled colonies from sample 9-Rep2	NA	NA	NA	9606	NA	NA	04e26ebad903c5e8e0ba66cba1e533f4	NA	ftp.sra.ebi.ac.uk/vol1/fastq/SRR319/027/SRR31969627/SRR31969627_1.fastq.gz;ftp.sra.ebi.ac.uk/vol1/fastq/SRR319/027/SRR31969627/SRR31969627_2.fastq.gz	NA	NA	NA	NA	16699532	AMPLICON	NA	NA	NA	NA	GENOMIC	ftp.sra.ebi.ac.uk/vol1/srr/SRR319/027/SRR31969627/SRR31969627	NA	PAIRED	NA	NA	NA	NA	NA	NA	NA	NA	NA	dcc_compare	NA	NA	NA	NA	NA	NA	NA	NA	NA	NA	NA	public	NA	NA	fasp.sra.ebi.ac.uk:/vol1/fastq/SRR319/027/SRR31969627/SRR31969627_1.fastq.gz;fasp.sra.ebi.ac.uk:/vol1/fastq/SRR319/027/SRR31969627/SRR31969627_2.fastq.gz	1;131567;2;1783272;1239;91061;1385;90964;1279;1280	NA	NA	9-R1	NA	2019-01-01	NA	NA	9-RepeatT0_S18_L001_R1_001.fastq.gz	NA	NA	NA	NA	NA	2019	9-RepeatT0	NA	SUB15004229	NA	NA	NA	Homo sapiens	9-RepeatT0	pathogen;pathogen:priority;pathogen:bacterium	2025-01-13	NA	NA	SRX27324911	Staphylococcus aureus	NA	1280	PRJNA1209589	NA	NA	NA	NA	NA	NA	Homo sapiens	NA	SRR31969627	SRS23764426	NA	NA	NA	NA	NA	NA	NA	NA	NA	NA	2025-01-13	NA	PRJNA1209589	NA	NA	NA	NA	NA	NA
SRR31969618	Illumina MiSeq sequencing: AmpSeq of mixture of pooled colonies from two samples at 7:3 ratio 9-10	SAMN46224492	NA	SRA2049558	NA	NA	NA	NA	PCR	NA	NA	NA	NA	NA	2025-01-13	NA	NA	NA	NA	NA	NA	5954043	NA	NA	NA	NA	NA	NA	2a4060t1 and 2a4060n1 (7:3)	2187377;3009491	ILLUMINA	NA	NA	NA	fasp.sra.ebi.ac.uk:/vol1/srr/SRR319/018/SRR31969618/SRR31969618	NA	NA	NA	NA	NA	NA	NA	NA	NA	NA	ftp.sra.ebi.ac.uk/vol1/fastq/SRR319/018/SRR31969618/SRR31969618_1.fastq.gz;ftp.sra.ebi.ac.uk/vol1/fastq/SRR319/018/SRR31969618/SRR31969618_2.fastq.gz	NA	NA	NA	NA	NA	NA	USA: Arizona	Microbe, viral or environmental	Mixture of samples 9 and 10	ftp.sra.ebi.ac.uk/vol1/srr/SRR319/018/SRR31969618/SRR31969618	NA	844599c5901062e4b1fe7c72c68193dd;18a596473f25cca871c369c87bb67448	SRP556781	NA	20619	Simulated multiple strain carriage of Staphylococcus aureus populations	NA	NA	NA	NA	NA	2019-12-31	NA	Mixture of samples 9 and 10	NA	NA	NA	NA	Illumina MiSeq	NA	NA	NA	NA	NA	NA	Illumina MiSeq sequencing: AmpSeq of mixture of pooled colonies from two samples at 7:3 ratio 9-10	NA	NA	NA	9606	NA	NA	f62246240262e88a2669d4c2818d62ab	NA	ftp.sra.ebi.ac.uk/vol1/fastq/SRR319/018/SRR31969618/SRR31969618_1.fastq.gz;ftp.sra.ebi.ac.uk/vol1/fastq/SRR319/018/SRR31969618/SRR31969618_2.fastq.gz	NA	NA	NA	NA	10350738	AMPLICON	NA	NA	NA	NA	GENOMIC	ftp.sra.ebi.ac.uk/vol1/srr/SRR319/018/SRR31969618/SRR31969618	NA	PAIRED	NA	NA	NA	NA	NA	NA	NA	NA	NA	dcc_compare	NA	NA	NA	NA	NA	NA	NA	NA	NA	NA	NA	public	NA	NA	fasp.sra.ebi.ac.uk:/vol1/fastq/SRR319/018/SRR31969618/SRR31969618_1.fastq.gz;fasp.sra.ebi.ac.uk:/vol1/fastq/SRR319/018/SRR31969618/SRR31969618_2.fastq.gz	1;131567;2;1783272;1239;91061;1385;90964;1279;1280	NA	NA	Mix 25 (9 - 10)	NA	2019-01-01	NA	NA	SaLineageMix25_S173_L001_R1_001.fastq.gz	NA	NA	NA	NA	NA	2019	SaLineageMix25	NA	SUB15004229	NA	NA	NA	Homo sapiens	SaLineageMix25	pathogen;pathogen:priority;pathogen:bacterium	2025-01-13	NA	NA	SRX27324920	Staphylococcus aureus	NA	1280	PRJNA1209589	NA	NA	NA	NA	NA	NA	Homo sapiens	NA	SRR31969618	SRS23764434	NA	NA	NA	NA	NA	NA	NA	NA	NA	NA	2025-01-13	NA	PRJNA1209589	NA	NA	NA	NA	NA	NA
SRR31969622	Illumina MiSeq sequencing: AmpSeq of mixture of pooled colonies from two samples at 7:3 ratio 17-15	SAMN46224488	NA	SRA2049558	NA	NA	NA	NA	PCR	NA	NA	NA	NA	NA	2025-01-13	NA	NA	NA	NA	NA	NA	3798546	NA	NA	NA	NA	NA	NA	2a4023n1 and 2a2005t1 (7:3)	1405387;1917483	ILLUMINA	NA	NA	NA	fasp.sra.ebi.ac.uk:/vol1/srr/SRR319/022/SRR31969622/SRR31969622	NA	NA	NA	NA	NA	NA	NA	NA	NA	NA	ftp.sra.ebi.ac.uk/vol1/fastq/SRR319/022/SRR31969622/SRR31969622_1.fastq.gz;ftp.sra.ebi.ac.uk/vol1/fastq/SRR319/022/SRR31969622/SRR31969622_2.fastq.gz	NA	NA	NA	NA	NA	NA	USA: Arizona	Microbe, viral or environmental	Mixture of samples 17 and 15	ftp.sra.ebi.ac.uk/vol1/srr/SRR319/022/SRR31969622/SRR31969622	NA	a370c41f9fd354c90aa78c39e345b77f;a4f62f7b9a4de2b17c12a02dd30c8b76	SRP556781	NA	13100	Simulated multiple strain carriage of Staphylococcus aureus populations	NA	NA	NA	NA	NA	2019-12-31	NA	Mixture of samples 17 and 15	NA	NA	NA	NA	Illumina MiSeq	NA	NA	NA	NA	NA	NA	Illumina MiSeq sequencing: AmpSeq of mixture of pooled colonies from two samples at 7:3 ratio 17-15	NA	NA	NA	9606	NA	NA	3ec040aaf9fda3904ec11f3b6e38563e	NA	ftp.sra.ebi.ac.uk/vol1/fastq/SRR319/022/SRR31969622/SRR31969622_1.fastq.gz;ftp.sra.ebi.ac.uk/vol1/fastq/SRR319/022/SRR31969622/SRR31969622_2.fastq.gz	NA	NA	NA	NA	6576200	AMPLICON	NA	NA	NA	NA	GENOMIC	ftp.sra.ebi.ac.uk/vol1/srr/SRR319/022/SRR31969622/SRR31969622	NA	PAIRED	NA	NA	NA	NA	NA	NA	NA	NA	NA	dcc_compare	NA	NA	NA	NA	NA	NA	NA	NA	NA	NA	NA	public	NA	NA	fasp.sra.ebi.ac.uk:/vol1/fastq/SRR319/022/SRR31969622/SRR31969622_1.fastq.gz;fasp.sra.ebi.ac.uk:/vol1/fastq/SRR319/022/SRR31969622/SRR31969622_2.fastq.gz	1;131567;2;1783272;1239;91061;1385;90964;1279;1280	NA	NA	Mix 18 (17 - 15)	NA	2019-01-01	NA	NA	SaLineageMix18_S166_L001_R1_001.fastq.gz	NA	NA	NA	NA	NA	2019	SaLineageMix18	NA	SUB15004229	NA	NA	NA	Homo sapiens	SaLineageMix18	pathogen;pathogen:priority;pathogen:bacterium	2025-01-13	NA	NA	SRX27324916	Staphylococcus aureus	NA	1280	PRJNA1209589	NA	NA	NA	NA	NA	NA	Homo sapiens	NA	SRR31969622	SRS23764430	NA	NA	NA	NA	NA	NA	NA	NA	NA	NA	2025-01-13	NA	PRJNA1209589	NA	NA	NA	NA	NA	NA
SRR31969628	Illumina MiSeq sequencing: AmpSeq of pooled colonies from sample 6-Rep1	SAMN46224483	NA	SRA2049558	NA	NA	NA	NA	PCR	NA	NA	NA	NA	NA	2025-01-13	NA	NA	NA	NA	NA	NA	11203485	NA	NA	NA	NA	NA	NA	2a3005n1	3935810;6074998	ILLUMINA	NA	NA	NA	fasp.sra.ebi.ac.uk:/vol1/srr/SRR319/028/SRR31969628/SRR31969628	NA	NA	NA	NA	NA	NA	NA	NA	NA	NA	ftp.sra.ebi.ac.uk/vol1/fastq/SRR319/028/SRR31969628/SRR31969628_1.fastq.gz;ftp.sra.ebi.ac.uk/vol1/fastq/SRR319/028/SRR31969628/SRR31969628_2.fastq.gz	NA	NA	NA	NA	NA	NA	USA: Arizona	Microbe, viral or environmental	Individual sample population 6, replicate 1	ftp.sra.ebi.ac.uk/vol1/srr/SRR319/028/SRR31969628/SRR31969628	NA	64c151b125af2e7859eca7675a1a5620;40258fa52d2451db911694ec916d8870	SRP556781	NA	37626	Simulated multiple strain carriage of Staphylococcus aureus populations	NA	NA	NA	NA	NA	2019-12-31	NA	Individual sample population 6, replicate 1	NA	NA	NA	NA	Illumina MiSeq	NA	NA	NA	NA	NA	NA	Illumina MiSeq sequencing: AmpSeq of pooled colonies from sample 6-Rep1	NA	NA	NA	9606	NA	NA	b69f741f7daceea07e60a777adf80004	NA	ftp.sra.ebi.ac.uk/vol1/fastq/SRR319/028/SRR31969628/SRR31969628_1.fastq.gz;ftp.sra.ebi.ac.uk/vol1/fastq/SRR319/028/SRR31969628/SRR31969628_2.fastq.gz	NA	NA	NA	NA	18888252	AMPLICON	NA	NA	NA	NA	GENOMIC	ftp.sra.ebi.ac.uk/vol1/srr/SRR319/028/SRR31969628/SRR31969628	NA	PAIRED	NA	NA	NA	NA	NA	NA	NA	NA	NA	dcc_compare	NA	NA	NA	NA	NA	NA	NA	NA	NA	NA	NA	public	NA	NA	fasp.sra.ebi.ac.uk:/vol1/fastq/SRR319/028/SRR31969628/SRR31969628_1.fastq.gz;fasp.sra.ebi.ac.uk:/vol1/fastq/SRR319/028/SRR31969628/SRR31969628_2.fastq.gz	1;131567;2;1783272;1239;91061;1385;90964;1279;1280	NA	NA	6-R1	NA	2019-01-01	NA	NA	6-T0_S11_L001_R1_001.fastq.gz	NA	NA	NA	NA	NA	2019	6-T0	NA	SUB15004229	NA	NA	NA	Homo sapiens	6-T0	pathogen;pathogen:priority;pathogen:bacterium	2025-01-13	NA	NA	SRX27324910	Staphylococcus aureus	NA	1280	PRJNA1209589	NA	NA	NA	NA	NA	NA	Homo sapiens	NA	SRR31969628	SRS23764425	NA	NA	NA	NA	NA	NA	NA	NA	NA	NA	2025-01-13	NA	PRJNA1209589	NA	NA	NA	NA	NA	NA
SRR31969623	Illumina MiSeq sequencing: AmpSeq of mixture of pooled colonies from two samples at 7:3 ratio 15-17	SAMN46224487	NA	SRA2049558	NA	NA	NA	NA	PCR	NA	NA	NA	NA	NA	2025-01-13	NA	NA	NA	NA	NA	NA	3832414	NA	NA	NA	NA	NA	NA	2a2005t1 and 2a4023n1 (7:3)	1384449;2007241	ILLUMINA	NA	NA	NA	fasp.sra.ebi.ac.uk:/vol1/srr/SRR319/023/SRR31969623/SRR31969623	NA	NA	NA	NA	NA	NA	NA	NA	NA	NA	ftp.sra.ebi.ac.uk/vol1/fastq/SRR319/023/SRR31969623/SRR31969623_1.fastq.gz;ftp.sra.ebi.ac.uk/vol1/fastq/SRR319/023/SRR31969623/SRR31969623_2.fastq.gz	NA	NA	NA	NA	NA	NA	USA: Arizona	Microbe, viral or environmental	Mixture of samples 15 and 17	ftp.sra.ebi.ac.uk/vol1/srr/SRR319/023/SRR31969623/SRR31969623	NA	7897a79d46478e84aa7d8f7ef24e537e;f670e6269d586991a9619ed3288b8bb0	SRP556781	NA	12828	Simulated multiple strain carriage of Staphylococcus aureus populations	NA	NA	NA	NA	NA	2019-12-31	NA	Mixture of samples 15 and 17	NA	NA	NA	NA	Illumina MiSeq	NA	NA	NA	NA	NA	NA	Illumina MiSeq sequencing: AmpSeq of mixture of pooled colonies from two samples at 7:3 ratio 15-17	NA	NA	NA	9606	NA	NA	c1d4b789ef67bec97fbbbbf7cfe1b261	NA	ftp.sra.ebi.ac.uk/vol1/fastq/SRR319/023/SRR31969623/SRR31969623_1.fastq.gz;ftp.sra.ebi.ac.uk/vol1/fastq/SRR319/023/SRR31969623/SRR31969623_2.fastq.gz	NA	NA	NA	NA	6439656	AMPLICON	NA	NA	NA	NA	GENOMIC	ftp.sra.ebi.ac.uk/vol1/srr/SRR319/023/SRR31969623/SRR31969623	NA	PAIRED	NA	NA	NA	NA	NA	NA	NA	NA	NA	dcc_compare	NA	NA	NA	NA	NA	NA	NA	NA	NA	NA	NA	public	NA	NA	fasp.sra.ebi.ac.uk:/vol1/fastq/SRR319/023/SRR31969623/SRR31969623_1.fastq.gz;fasp.sra.ebi.ac.uk:/vol1/fastq/SRR319/023/SRR31969623/SRR31969623_2.fastq.gz	1;131567;2;1783272;1239;91061;1385;90964;1279;1280	NA	NA	Mix 17 (15 - 17)	NA	2019-01-01	NA	NA	SaLineageMix17_S165_L001_R1_001.fastq.gz	NA	NA	NA	NA	NA	2019	SaLineageMix17	NA	SUB15004229	NA	NA	NA	Homo sapiens	SaLineageMix17	pathogen;pathogen:priority;pathogen:bacterium	2025-01-13	NA	NA	SRX27324915	Staphylococcus aureus	NA	1280	PRJNA1209589	NA	NA	NA	NA	NA	NA	Homo sapiens	NA	SRR31969623	SRS23764429	NA	NA	NA	NA	NA	NA	NA	NA	NA	NA	2025-01-13	NA	PRJNA1209589	NA	NA	NA	NA	NA	NA
SRR31969630	Illumina MiSeq sequencing: AmpSeq of pooled colonies from sample 5-Rep1	SAMN46224482	NA	SRA2049558	NA	NA	NA	NA	PCR	NA	NA	NA	NA	NA	2025-01-13	NA	NA	NA	NA	NA	NA	13429657	NA	NA	NA	NA	NA	NA	2a4039n1	4928043;7011292	ILLUMINA	NA	NA	NA	fasp.sra.ebi.ac.uk:/vol1/srr/SRR319/030/SRR31969630/SRR31969630	NA	NA	NA	NA	NA	NA	NA	NA	NA	NA	ftp.sra.ebi.ac.uk/vol1/fastq/SRR319/030/SRR31969630/SRR31969630_1.fastq.gz;ftp.sra.ebi.ac.uk/vol1/fastq/SRR319/030/SRR31969630/SRR31969630_2.fastq.gz	NA	NA	NA	NA	NA	NA	USA: Arizona	Microbe, viral or environmental	Individual sample population 5, replicate 1	ftp.sra.ebi.ac.uk/vol1/srr/SRR319/030/SRR31969630/SRR31969630	NA	00df2a093b69e5eda1ee9d66ee71a312;19fef1e2d5219bdc8e1653b9175356cf	SRP556781	NA	45831	Simulated multiple strain carriage of Staphylococcus aureus populations	NA	NA	NA	NA	NA	2019-12-31	NA	Individual sample population 5, replicate 1	NA	NA	NA	NA	Illumina MiSeq	NA	NA	NA	NA	NA	NA	Illumina MiSeq sequencing: AmpSeq of pooled colonies from sample 5-Rep1	NA	NA	NA	9606	NA	NA	a3d0ddc06d72341beaeb2164b9234780	NA	ftp.sra.ebi.ac.uk/vol1/fastq/SRR319/030/SRR31969630/SRR31969630_1.fastq.gz;ftp.sra.ebi.ac.uk/vol1/fastq/SRR319/030/SRR31969630/SRR31969630_2.fastq.gz	NA	NA	NA	NA	23007162	AMPLICON	NA	NA	NA	NA	GENOMIC	ftp.sra.ebi.ac.uk/vol1/srr/SRR319/030/SRR31969630/SRR31969630	NA	PAIRED	NA	NA	NA	NA	NA	NA	NA	NA	NA	dcc_compare	NA	NA	NA	NA	NA	NA	NA	NA	NA	NA	NA	public	NA	NA	fasp.sra.ebi.ac.uk:/vol1/fastq/SRR319/030/SRR31969630/SRR31969630_1.fastq.gz;fasp.sra.ebi.ac.uk:/vol1/fastq/SRR319/030/SRR31969630/SRR31969630_2.fastq.gz	1;131567;2;1783272;1239;91061;1385;90964;1279;1280	NA	NA	5-R1	NA	2019-01-01	NA	NA	5-T0_S9_L001_R1_001.fastq.gz	NA	NA	NA	NA	NA	2019	5-T0	NA	SUB15004229	NA	NA	NA	Homo sapiens	5-T0	pathogen;pathogen:priority;pathogen:bacterium	2025-01-13	NA	NA	SRX27324908	Staphylococcus aureus	NA	1280	PRJNA1209589	NA	NA	NA	NA	NA	NA	Homo sapiens	NA	SRR31969630	SRS23764424	NA	NA	NA	NA	NA	NA	NA	NA	NA	NA	2025-01-13	NA	PRJNA1209589	NA	NA	NA	NA	NA	NA
SRR31969626	Illumina MiSeq sequencing: AmpSeq of pooled colonies from sample 11-Rep2	SAMN46224475	NA	SRA2049558	NA	NA	NA	NA	PCR	NA	NA	NA	NA	NA	2025-01-13	NA	NA	NA	NA	NA	NA	17474208	NA	NA	NA	NA	NA	NA	2a2027t1	6638477;8298446	ILLUMINA	NA	NA	NA	fasp.sra.ebi.ac.uk:/vol1/srr/SRR319/026/SRR31969626/SRR31969626	NA	NA	NA	NA	NA	NA	NA	NA	NA	NA	ftp.sra.ebi.ac.uk/vol1/fastq/SRR319/026/SRR31969626/SRR31969626_1.fastq.gz;ftp.sra.ebi.ac.uk/vol1/fastq/SRR319/026/SRR31969626/SRR31969626_2.fastq.gz	NA	NA	NA	NA	NA	NA	USA: Arizona	Microbe, viral or environmental	Individual sample population 11, replicate 1	ftp.sra.ebi.ac.uk/vol1/srr/SRR319/026/SRR31969626/SRR31969626	NA	2e85748005e044b066232e972d777d9f;f7eb298baabc1853b22ecc5de9615ff1	SRP556781	NA	63954	Simulated multiple strain carriage of Staphylococcus aureus populations	NA	NA	NA	NA	NA	2019-12-31	NA	Individual sample population 11, replicate 1	NA	NA	NA	NA	Illumina MiSeq	NA	NA	NA	NA	NA	NA	Illumina MiSeq sequencing: AmpSeq of pooled colonies from sample 11-Rep2	NA	NA	NA	9606	NA	NA	95d72f4d29ffe5ef49899d5ea1874c28	NA	ftp.sra.ebi.ac.uk/vol1/fastq/SRR319/026/SRR31969626/SRR31969626_1.fastq.gz;ftp.sra.ebi.ac.uk/vol1/fastq/SRR319/026/SRR31969626/SRR31969626_2.fastq.gz	NA	NA	NA	NA	32104908	AMPLICON	NA	NA	NA	NA	GENOMIC	ftp.sra.ebi.ac.uk/vol1/srr/SRR319/026/SRR31969626/SRR31969626	NA	PAIRED	NA	NA	NA	NA	NA	NA	NA	NA	NA	dcc_compare	NA	NA	NA	NA	NA	NA	NA	NA	NA	NA	NA	public	NA	NA	fasp.sra.ebi.ac.uk:/vol1/fastq/SRR319/026/SRR31969626/SRR31969626_1.fastq.gz;fasp.sra.ebi.ac.uk:/vol1/fastq/SRR319/026/SRR31969626/SRR31969626_2.fastq.gz	1;131567;2;1783272;1239;91061;1385;90964;1279;1280	NA	NA	11-R1	NA	2019-01-01	NA	NA	11-RepeatT0_S22_L001_R1_001.fastq.gz	NA	NA	NA	NA	NA	2019	11-RepeatT0	NA	SUB15004229	NA	NA	NA	Homo sapiens	11-RepeatT0	pathogen;pathogen:priority;pathogen:bacterium	2025-01-13	NA	NA	SRX27324912	Staphylococcus aureus	NA	1280	PRJNA1209589	NA	NA	NA	NA	NA	NA	Homo sapiens	NA	SRR31969626	SRS23764427	NA	NA	NA	NA	NA	NA	NA	NA	NA	NA	2025-01-13	NA	PRJNA1209589	NA	NA	NA	NA	NA	NA
SRR31969634	Illumina MiSeq sequencing: AmpSeq of pooled colonies from sample 1-Rep1	SAMN46224473	NA	SRA2049558	NA	NA	NA	NA	PCR	NA	NA	NA	NA	NA	2025-01-13	NA	NA	NA	NA	NA	NA	14752719	NA	NA	NA	NA	NA	NA	2b2068n1	5575328;7382603	ILLUMINA	NA	NA	NA	fasp.sra.ebi.ac.uk:/vol1/srr/SRR319/034/SRR31969634/SRR31969634	NA	NA	NA	NA	NA	NA	NA	NA	NA	NA	ftp.sra.ebi.ac.uk/vol1/fastq/SRR319/034/SRR31969634/SRR31969634_1.fastq.gz;ftp.sra.ebi.ac.uk/vol1/fastq/SRR319/034/SRR31969634/SRR31969634_2.fastq.gz	NA	NA	NA	NA	NA	NA	USA: Arizona	Microbe, viral or environmental	Individual sample population 1, replicate 1	ftp.sra.ebi.ac.uk/vol1/srr/SRR319/034/SRR31969634/SRR31969634	NA	5c0ec3b847eac39b616321ae731972f9;18e793b201479caf06548fe219a8fb23	SRP556781	NA	52082	Simulated multiple strain carriage of Staphylococcus aureus populations	NA	NA	NA	NA	NA	2019-12-31	NA	Individual sample population 1, replicate 1	NA	NA	NA	NA	Illumina MiSeq	NA	NA	NA	NA	NA	NA	Illumina MiSeq sequencing: AmpSeq of pooled colonies from sample 1-Rep1	NA	NA	NA	9606	NA	NA	62c24802cfe3da993824e1c6faaccfc8	NA	ftp.sra.ebi.ac.uk/vol1/fastq/SRR319/034/SRR31969634/SRR31969634_1.fastq.gz;ftp.sra.ebi.ac.uk/vol1/fastq/SRR319/034/SRR31969634/SRR31969634_2.fastq.gz	NA	NA	NA	NA	26145164	AMPLICON	NA	NA	NA	NA	GENOMIC	ftp.sra.ebi.ac.uk/vol1/srr/SRR319/034/SRR31969634/SRR31969634	NA	PAIRED	NA	NA	NA	NA	NA	NA	NA	NA	NA	dcc_compare	NA	NA	NA	NA	NA	NA	NA	NA	NA	NA	NA	public	NA	NA	fasp.sra.ebi.ac.uk:/vol1/fastq/SRR319/034/SRR31969634/SRR31969634_1.fastq.gz;fasp.sra.ebi.ac.uk:/vol1/fastq/SRR319/034/SRR31969634/SRR31969634_2.fastq.gz	1;131567;2;1783272;1239;91061;1385;90964;1279;1280	NA	NA	1-R1	NA	2019-01-01	NA	NA	1-T0_S1_L001_R1_001.fastq.gz	NA	NA	NA	NA	NA	2019	1-T0	NA	SUB15004229	NA	NA	NA	Homo sapiens	1-T0	pathogen;pathogen:priority;pathogen:bacterium	2025-01-13	NA	NA	SRX27324904	Staphylococcus aureus	NA	1280	PRJNA1209589	NA	NA	NA	NA	NA	NA	Homo sapiens	NA	SRR31969634	SRS23764422	NA	NA	NA	NA	NA	NA	NA	NA	NA	NA	2025-01-13	NA	PRJNA1209589	NA	NA	NA	NA	NA	NA
SRR31969633	Illumina MiSeq sequencing: AmpSeq of pooled colonies from sample 3-Rep2	SAMN46224481	NA	SRA2049558	NA	NA	NA	NA	PCR	NA	NA	NA	NA	NA	2025-01-13	NA	NA	NA	NA	NA	NA	64515	NA	NA	NA	NA	NA	NA	2b2048n1	1308;1447	ILLUMINA	NA	NA	NA	fasp.sra.ebi.ac.uk:/vol1/srr/SRR319/033/SRR31969633/SRR31969633	NA	NA	NA	NA	NA	NA	NA	NA	NA	NA	ftp.sra.ebi.ac.uk/vol1/fastq/SRR319/033/SRR31969633/SRR31969633_1.fastq.gz;ftp.sra.ebi.ac.uk/vol1/fastq/SRR319/033/SRR31969633/SRR31969633_2.fastq.gz	NA	NA	NA	NA	NA	NA	USA: Arizona	Microbe, viral or environmental	Individual sample population 3, replicate 1	ftp.sra.ebi.ac.uk/vol1/srr/SRR319/033/SRR31969633/SRR31969633	NA	bcb2465edd9a43c56a6196064b2ccd67;d51dd37b89adf1516f0750fa50dd385f	SRP556781	NA	7	Simulated multiple strain carriage of Staphylococcus aureus populations	NA	NA	NA	NA	NA	2019-12-31	NA	Individual sample population 3, replicate 1	NA	NA	NA	NA	Illumina MiSeq	NA	NA	NA	NA	NA	NA	Illumina MiSeq sequencing: AmpSeq of pooled colonies from sample 3-Rep2	NA	NA	NA	9606	NA	NA	08e2b147c054880e887cea82707a089c	NA	ftp.sra.ebi.ac.uk/vol1/fastq/SRR319/033/SRR31969633/SRR31969633_1.fastq.gz;ftp.sra.ebi.ac.uk/vol1/fastq/SRR319/033/SRR31969633/SRR31969633_2.fastq.gz	NA	NA	NA	NA	3514	AMPLICON	NA	NA	NA	NA	GENOMIC	ftp.sra.ebi.ac.uk/vol1/srr/SRR319/033/SRR31969633/SRR31969633	NA	PAIRED	NA	NA	NA	NA	NA	NA	NA	NA	NA	dcc_compare	NA	NA	NA	NA	NA	NA	NA	NA	NA	NA	NA	public	NA	NA	fasp.sra.ebi.ac.uk:/vol1/fastq/SRR319/033/SRR31969633/SRR31969633_1.fastq.gz;fasp.sra.ebi.ac.uk:/vol1/fastq/SRR319/033/SRR31969633/SRR31969633_2.fastq.gz	1;131567;2;1783272;1239;91061;1385;90964;1279;1280	NA	NA	3-R1	NA	2019-01-01	NA	NA	3-RepeatT0_S6_L001_R1_001.fastq.gz	NA	NA	NA	NA	NA	2019	3-RepeatT0	NA	SUB15004229	NA	NA	NA	Homo sapiens	3-RepeatT0	pathogen;pathogen:priority;pathogen:bacterium	2025-01-13	NA	NA	SRX27324905	Staphylococcus aureus	NA	1280	PRJNA1209589	NA	NA	NA	NA	NA	NA	Homo sapiens	NA	SRR31969633	SRS23764423	NA	NA	NA	NA	NA	NA	NA	NA	NA	NA	2025-01-13	NA	PRJNA1209589	NA	NA	NA	NA	NA	NA
SRR31969636	Illumina MiSeq sequencing: AmpSeq of pooled colonies from sample 18-Rep1	SAMN46224480	NA	SRA2049558	NA	NA	NA	NA	PCR	NA	NA	NA	NA	NA	2025-01-13	NA	NA	NA	NA	NA	NA	26995118	NA	NA	NA	NA	NA	NA	2a4023t1	9699031;14356420	ILLUMINA	NA	NA	NA	fasp.sra.ebi.ac.uk:/vol1/srr/SRR319/036/SRR31969636/SRR31969636	NA	NA	NA	NA	NA	NA	NA	NA	NA	NA	ftp.sra.ebi.ac.uk/vol1/fastq/SRR319/036/SRR31969636/SRR31969636_1.fastq.gz;ftp.sra.ebi.ac.uk/vol1/fastq/SRR319/036/SRR31969636/SRR31969636_2.fastq.gz	NA	NA	NA	NA	NA	NA	USA: Arizona	Microbe, viral or environmental	Individual sample population 18, replicate 1	ftp.sra.ebi.ac.uk/vol1/srr/SRR319/036/SRR31969636/SRR31969636	NA	3f27d9dbf54ade200cf5f166f6807f81;9d5685b52a39dd7666825e838c9b8bb5	SRP556781	NA	92073	Simulated multiple strain carriage of Staphylococcus aureus populations	NA	NA	NA	NA	NA	2019-12-31	NA	Individual sample population 18, replicate 1	NA	NA	NA	NA	Illumina MiSeq	NA	NA	NA	NA	NA	NA	Illumina MiSeq sequencing: AmpSeq of pooled colonies from sample 18-Rep1	NA	NA	NA	9606	NA	NA	346e4b7e747308e4938ff2848a0fc4f3	NA	ftp.sra.ebi.ac.uk/vol1/fastq/SRR319/036/SRR31969636/SRR31969636_1.fastq.gz;ftp.sra.ebi.ac.uk/vol1/fastq/SRR319/036/SRR31969636/SRR31969636_2.fastq.gz	NA	NA	NA	NA	46220646	AMPLICON	NA	NA	NA	NA	GENOMIC	ftp.sra.ebi.ac.uk/vol1/srr/SRR319/036/SRR31969636/SRR31969636	NA	PAIRED	NA	NA	NA	NA	NA	NA	NA	NA	NA	dcc_compare	NA	NA	NA	NA	NA	NA	NA	NA	NA	NA	NA	public	NA	NA	fasp.sra.ebi.ac.uk:/vol1/fastq/SRR319/036/SRR31969636/SRR31969636_1.fastq.gz;fasp.sra.ebi.ac.uk:/vol1/fastq/SRR319/036/SRR31969636/SRR31969636_2.fastq.gz	1;131567;2;1783272;1239;91061;1385;90964;1279;1280	NA	NA	18-R1	NA	2019-01-01	NA	NA	18-T0_S31_L001_R1_001.fastq.gz	NA	NA	NA	NA	NA	2019	18-T0	NA	SUB15004229	NA	NA	NA	Homo sapiens	18-T0	pathogen;pathogen:priority;pathogen:bacterium	2025-01-13	NA	NA	SRX27324902	Staphylococcus aureus	NA	1280	PRJNA1209589	NA	NA	NA	NA	NA	NA	Homo sapiens	NA	SRR31969636	SRS23764421	NA	NA	NA	NA	NA	NA	NA	NA	NA	NA	2025-01-13	NA	PRJNA1209589	NA	NA	NA	NA	NA	NA
SRR31969637	Illumina MiSeq sequencing: AmpSeq of pooled colonies from sample 10-Rep1	SAMN46224474	NA	SRA2049558	NA	NA	NA	NA	PCR	NA	NA	NA	NA	NA	2025-01-13	NA	NA	NA	NA	NA	NA	5445092	NA	NA	NA	NA	NA	NA	2a4060n1	2057071;2603705	ILLUMINA	NA	NA	NA	fasp.sra.ebi.ac.uk:/vol1/srr/SRR319/037/SRR31969637/SRR31969637	NA	NA	NA	NA	NA	NA	NA	NA	NA	NA	ftp.sra.ebi.ac.uk/vol1/fastq/SRR319/037/SRR31969637/SRR31969637_1.fastq.gz;ftp.sra.ebi.ac.uk/vol1/fastq/SRR319/037/SRR31969637/SRR31969637_2.fastq.gz	NA	NA	NA	NA	NA	NA	USA: Arizona	Microbe, viral or environmental	Individual sample population 10, replicate 1	ftp.sra.ebi.ac.uk/vol1/srr/SRR319/037/SRR31969637/SRR31969637	NA	1aac483d63902f131c23703895176578;133e9d29c873f14ce2923b4e36130fe2	SRP556781	NA	19654	Simulated multiple strain carriage of Staphylococcus aureus populations	NA	NA	NA	NA	NA	2019-12-31	NA	Individual sample population 10, replicate 1	NA	NA	NA	NA	Illumina MiSeq	NA	NA	NA	NA	NA	NA	Illumina MiSeq sequencing: AmpSeq of pooled colonies from sample 10-Rep1	NA	NA	NA	9606	NA	NA	f9f5031e91a4e3bd86c093052897187e	NA	ftp.sra.ebi.ac.uk/vol1/fastq/SRR319/037/SRR31969637/SRR31969637_1.fastq.gz;ftp.sra.ebi.ac.uk/vol1/fastq/SRR319/037/SRR31969637/SRR31969637_2.fastq.gz	NA	NA	NA	NA	9866308	AMPLICON	NA	NA	NA	NA	GENOMIC	ftp.sra.ebi.ac.uk/vol1/srr/SRR319/037/SRR31969637/SRR31969637	NA	PAIRED	NA	NA	NA	NA	NA	NA	NA	NA	NA	dcc_compare	NA	NA	NA	NA	NA	NA	NA	NA	NA	NA	NA	public	NA	NA	fasp.sra.ebi.ac.uk:/vol1/fastq/SRR319/037/SRR31969637/SRR31969637_1.fastq.gz;fasp.sra.ebi.ac.uk:/vol1/fastq/SRR319/037/SRR31969637/SRR31969637_2.fastq.gz	1;131567;2;1783272;1239;91061;1385;90964;1279;1280	NA	NA	10-R1	NA	2019-01-01	NA	NA	10-T0_S19_L001_R1_001.fastq.gz	NA	NA	NA	NA	NA	2019	10-T0	NA	SUB15004229	NA	NA	NA	Homo sapiens	10-T0	pathogen;pathogen:priority;pathogen:bacterium	2025-01-13	NA	NA	SRX27324901	Staphylococcus aureus	NA	1280	PRJNA1209589	NA	NA	NA	NA	NA	NA	Homo sapiens	NA	SRR31969637	SRS23764420	NA	NA	NA	NA	NA	NA	NA	NA	NA	NA	2025-01-13	NA	PRJNA1209589	NA	NA	NA	NA	NA	NA
SRR31969638	Illumina MiSeq sequencing: AmpSeq of pooled colonies from sample 10-Rep2	SAMN46224474	NA	SRA2049558	NA	NA	NA	NA	PCR	NA	NA	NA	NA	NA	2025-01-13	NA	NA	NA	NA	NA	NA	6880735	NA	NA	NA	NA	NA	NA	2a4060n1	2630667;3285012	ILLUMINA	NA	NA	NA	fasp.sra.ebi.ac.uk:/vol1/srr/SRR319/038/SRR31969638/SRR31969638	NA	NA	NA	NA	NA	NA	NA	NA	NA	NA	ftp.sra.ebi.ac.uk/vol1/fastq/SRR319/038/SRR31969638/SRR31969638_1.fastq.gz;ftp.sra.ebi.ac.uk/vol1/fastq/SRR319/038/SRR31969638/SRR31969638_2.fastq.gz	NA	NA	NA	NA	NA	NA	USA: Arizona	Microbe, viral or environmental	Individual sample population 10, replicate 1	ftp.sra.ebi.ac.uk/vol1/srr/SRR319/038/SRR31969638/SRR31969638	NA	0bbab9fc9406c4f323d689ef2e056c49;dcc591edea60abc2d9d22b26e03be0e1	SRP556781	NA	24942	Simulated multiple strain carriage of Staphylococcus aureus populations	NA	NA	NA	NA	NA	2019-12-31	NA	Individual sample population 10, replicate 1	NA	NA	NA	NA	Illumina MiSeq	NA	NA	NA	NA	NA	NA	Illumina MiSeq sequencing: AmpSeq of pooled colonies from sample 10-Rep2	NA	NA	NA	9606	NA	NA	482740f8d3670f762e7bac4e06a1ecb6	NA	ftp.sra.ebi.ac.uk/vol1/fastq/SRR319/038/SRR31969638/SRR31969638_1.fastq.gz;ftp.sra.ebi.ac.uk/vol1/fastq/SRR319/038/SRR31969638/SRR31969638_2.fastq.gz	NA	NA	NA	NA	12520884	AMPLICON	NA	NA	NA	NA	GENOMIC	ftp.sra.ebi.ac.uk/vol1/srr/SRR319/038/SRR31969638/SRR31969638	NA	PAIRED	NA	NA	NA	NA	NA	NA	NA	NA	NA	dcc_compare	NA	NA	NA	NA	NA	NA	NA	NA	NA	NA	NA	public	NA	NA	fasp.sra.ebi.ac.uk:/vol1/fastq/SRR319/038/SRR31969638/SRR31969638_1.fastq.gz;fasp.sra.ebi.ac.uk:/vol1/fastq/SRR319/038/SRR31969638/SRR31969638_2.fastq.gz	1;131567;2;1783272;1239;91061;1385;90964;1279;1280	NA	NA	10-R1	NA	2019-01-01	NA	NA	10-RepeatT0_S20_L001_R1_001.fastq.gz	NA	NA	NA	NA	NA	2019	10-RepeatT0	NA	SUB15004229	NA	NA	NA	Homo sapiens	10-RepeatT0	pathogen;pathogen:priority;pathogen:bacterium	2025-01-13	NA	NA	SRX27324900	Staphylococcus aureus	NA	1280	PRJNA1209589	NA	NA	NA	NA	NA	NA	Homo sapiens	NA	SRR31969638	SRS23764420	NA	NA	NA	NA	NA	NA	NA	NA	NA	NA	2025-01-13	NA	PRJNA1209589	NA	NA	NA	NA	NA	NA
SRR30825778	Illumina MiSeq sequencing: Targeted AmpSeq of Staphylococcus aureus from human Nasal swab, Wk22, subject id: 85b498	SAMN43965049	NA	SRA1981390	NA	NA	NA	NA	PCR	NA	NA	NA	NA	NA	2024-09-28	NA	NA	NA	NA	NA	NA	920138	NA	NA	NA	NA	NA	NA	85b498-Wk22-Nasal	345400;392219	ILLUMINA	NA	NA	NA	fasp.sra.ebi.ac.uk:/vol1/srr/SRR308/078/SRR30825778/SRR30825778	NA	NA	NA	NA	NA	NA	NA	NA	NA	NA	ftp.sra.ebi.ac.uk/vol1/fastq/SRR308/078/SRR30825778/SRR30825778_1.fastq.gz;ftp.sra.ebi.ac.uk/vol1/fastq/SRR308/078/SRR30825778/SRR30825778_2.fastq.gz	NA	NA	NA	NA	NA	NA	USA: Phoenix	Microbe, viral or environmental	85b498-Wk22-Nasal	ftp.sra.ebi.ac.uk/vol1/srr/SRR308/078/SRR30825778/SRR30825778	NA	371e447833b3e36a57dbac668b5da0b8;561cd093c3f74d8e6ebc91d5a27caf74	SRP535378	NA	5637	Amplicon sequencing of Staphylococcus aureus from oral and nasal samples	NA	NA	NA	NA	NA	2022-03-21	NA	85b498-Wk22-Nasal	NA	NA	NA	NA	Illumina MiSeq	NA	NA	NA	NA	NA	NA	Illumina MiSeq sequencing: Targeted AmpSeq of Staphylococcus aureus from human Nasal swab, Wk22, subject id: 85b498	NA	NA	NA	9606	NA	NA	3aacfc0f77fc30f4789fabeb0d0dee7e	NA	ftp.sra.ebi.ac.uk/vol1/fastq/SRR308/078/SRR30825778/SRR30825778_1.fastq.gz;ftp.sra.ebi.ac.uk/vol1/fastq/SRR308/078/SRR30825778/SRR30825778_2.fastq.gz	NA	NA	NA	NA	1702374	AMPLICON	NA	NA	NA	NA	GENOMIC	ftp.sra.ebi.ac.uk/vol1/srr/SRR308/078/SRR30825778/SRR30825778	NA	PAIRED	NA	NA	NA	NA	NA	NA	NA	NA	NA	dcc_compare	NA	NA	NA	NA	NA	NA	NA	NA	NA	NA	NA	public	NA	NA	fasp.sra.ebi.ac.uk:/vol1/fastq/SRR308/078/SRR30825778/SRR30825778_1.fastq.gz;fasp.sra.ebi.ac.uk:/vol1/fastq/SRR308/078/SRR30825778/SRR30825778_2.fastq.gz	1;131567;2;1783272;1239;91061;1385;90964;1279;1280	NA	NA	85b498-Wk22-Nasal	NA	2022-03-21	NA	NA	1c2d37_L001_R1_001.fastq.gz	NA	NA	NA	NA	NA	2022-03-21	85b498-Wk22-Nasal	NA	SUB14756112	NA	NA	NA	Homo sapiens	85b498-Wk22-Nasal	pathogen;pathogen:priority;pathogen:bacterium	2024-09-28	NA	NA	SRX26225188	Staphylococcus aureus	NA	1280	PRJNA1166327	NA	NA	NA	NA	NA	NA	Homo sapiens	NA	SRR30825778	SRS22766886	NA	NA	NA	NA	NA	NA	NA	NA	NA	NA	2024-09-28	NA	PRJNA1166327	NA	NA	NA	NA	NA	nasal
SRR30825782	Illumina MiSeq sequencing: Targeted AmpSeq of Staphylococcus aureus from human Nasal swab, Wk20, subject id: 45e796	SAMN43965045	NA	SRA1981390	NA	NA	NA	NA	PCR	NA	NA	NA	NA	NA	2024-09-28	NA	NA	NA	NA	NA	NA	4206185	NA	NA	NA	NA	NA	NA	45e796-Wk20-Nasal	1635195;1896152	ILLUMINA	NA	NA	NA	fasp.sra.ebi.ac.uk:/vol1/srr/SRR308/082/SRR30825782/SRR30825782	NA	NA	NA	NA	NA	NA	NA	NA	NA	NA	ftp.sra.ebi.ac.uk/vol1/fastq/SRR308/082/SRR30825782/SRR30825782_1.fastq.gz;ftp.sra.ebi.ac.uk/vol1/fastq/SRR308/082/SRR30825782/SRR30825782_2.fastq.gz	NA	NA	NA	NA	NA	NA	USA: Phoenix	Microbe, viral or environmental	45e796-Wk20-Nasal	ftp.sra.ebi.ac.uk/vol1/srr/SRR308/082/SRR30825782/SRR30825782	NA	2f621c152d6a7d9ddc18be0a1354a500;c690f04ee271b9ef2cb30d937457e132	SRP535378	NA	28034	Amplicon sequencing of Staphylococcus aureus from oral and nasal samples	NA	NA	NA	NA	NA	2022-03-07	NA	45e796-Wk20-Nasal	NA	NA	NA	NA	Illumina MiSeq	NA	NA	NA	NA	NA	NA	Illumina MiSeq sequencing: Targeted AmpSeq of Staphylococcus aureus from human Nasal swab, Wk20, subject id: 45e796	NA	NA	NA	9606	NA	NA	d6c0ca82e1dfaec5afd562cb0e736618	NA	ftp.sra.ebi.ac.uk/vol1/fastq/SRR308/082/SRR30825782/SRR30825782_1.fastq.gz;ftp.sra.ebi.ac.uk/vol1/fastq/SRR308/082/SRR30825782/SRR30825782_2.fastq.gz	NA	NA	NA	NA	8466268	AMPLICON	NA	NA	NA	NA	GENOMIC	ftp.sra.ebi.ac.uk/vol1/srr/SRR308/082/SRR30825782/SRR30825782	NA	PAIRED	NA	NA	NA	NA	NA	NA	NA	NA	NA	dcc_compare	NA	NA	NA	NA	NA	NA	NA	NA	NA	NA	NA	public	NA	NA	fasp.sra.ebi.ac.uk:/vol1/fastq/SRR308/082/SRR30825782/SRR30825782_1.fastq.gz;fasp.sra.ebi.ac.uk:/vol1/fastq/SRR308/082/SRR30825782/SRR30825782_2.fastq.gz	1;131567;2;1783272;1239;91061;1385;90964;1279;1280	NA	NA	45e796-Wk20-Nasal	NA	2022-03-07	NA	NA	65ac17_L001_R1_001.fastq.gz	NA	NA	NA	NA	NA	2022-03-07	45e796-Wk20-Nasal	NA	SUB14756112	NA	NA	NA	Homo sapiens	45e796-Wk20-Nasal	pathogen;pathogen:priority;pathogen:bacterium	2024-09-28	NA	NA	SRX26225184	Staphylococcus aureus	NA	1280	PRJNA1166327	NA	NA	NA	NA	NA	NA	Homo sapiens	NA	SRR30825782	SRS22766882	NA	NA	NA	NA	NA	NA	NA	NA	NA	NA	2024-09-28	NA	PRJNA1166327	NA	NA	NA	NA	NA	nasal
SRR30825785	Illumina MiSeq sequencing: Targeted AmpSeq of Staphylococcus aureus from human Nasal swab, Wk16, subject id: 45e796	SAMN43965042	NA	SRA1981390	NA	NA	NA	NA	PCR	NA	NA	NA	NA	NA	2024-09-28	NA	NA	NA	NA	NA	NA	3424111	NA	NA	NA	NA	NA	NA	45e796-Wk16-Nasal	1361588;1446341	ILLUMINA	NA	NA	NA	fasp.sra.ebi.ac.uk:/vol1/srr/SRR308/085/SRR30825785/SRR30825785	NA	NA	NA	NA	NA	NA	NA	NA	NA	NA	ftp.sra.ebi.ac.uk/vol1/fastq/SRR308/085/SRR30825785/SRR30825785_1.fastq.gz;ftp.sra.ebi.ac.uk/vol1/fastq/SRR308/085/SRR30825785/SRR30825785_2.fastq.gz	NA	NA	NA	NA	NA	NA	USA: Phoenix	Microbe, viral or environmental	45e796-Wk16-Nasal	ftp.sra.ebi.ac.uk/vol1/srr/SRR308/085/SRR30825785/SRR30825785	NA	ed632480643b73ba1b8ec0fbf4a490aa;c87065b95f916c8555f0de8203204a9b	SRP535378	NA	23282	Amplicon sequencing of Staphylococcus aureus from oral and nasal samples	NA	NA	NA	NA	NA	2022-02-07	NA	45e796-Wk16-Nasal	NA	NA	NA	NA	Illumina MiSeq	NA	NA	NA	NA	NA	NA	Illumina MiSeq sequencing: Targeted AmpSeq of Staphylococcus aureus from human Nasal swab, Wk16, subject id: 45e796	NA	NA	NA	9606	NA	NA	bc126c55a8a97f19f3b81d4f4e516523	NA	ftp.sra.ebi.ac.uk/vol1/fastq/SRR308/085/SRR30825785/SRR30825785_1.fastq.gz;ftp.sra.ebi.ac.uk/vol1/fastq/SRR308/085/SRR30825785/SRR30825785_2.fastq.gz	NA	NA	NA	NA	7031164	AMPLICON	NA	NA	NA	NA	GENOMIC	ftp.sra.ebi.ac.uk/vol1/srr/SRR308/085/SRR30825785/SRR30825785	NA	PAIRED	NA	NA	NA	NA	NA	NA	NA	NA	NA	dcc_compare	NA	NA	NA	NA	NA	NA	NA	NA	NA	NA	NA	public	NA	NA	fasp.sra.ebi.ac.uk:/vol1/fastq/SRR308/085/SRR30825785/SRR30825785_1.fastq.gz;fasp.sra.ebi.ac.uk:/vol1/fastq/SRR308/085/SRR30825785/SRR30825785_2.fastq.gz	1;131567;2;1783272;1239;91061;1385;90964;1279;1280	NA	NA	45e796-Wk16-Nasal	NA	2022-02-07	NA	NA	e9a430_L001_R1_001.fastq.gz	NA	NA	NA	NA	NA	2022-02-07	45e796-Wk16-Nasal	NA	SUB14756112	NA	NA	NA	Homo sapiens	45e796-Wk16-Nasal	pathogen;pathogen:priority;pathogen:bacterium	2024-09-28	NA	NA	SRX26225181	Staphylococcus aureus	NA	1280	PRJNA1166327	NA	NA	NA	NA	NA	NA	Homo sapiens	NA	SRR30825785	SRS22766878	NA	NA	NA	NA	NA	NA	NA	NA	NA	NA	2024-09-28	NA	PRJNA1166327	NA	NA	NA	NA	NA	nasal
SRR30825788	Illumina MiSeq sequencing: Targeted AmpSeq of Staphylococcus aureus from human Nasal swab, Wk28, subject id: 45e796	SAMN43965040	NA	SRA1981390	NA	NA	NA	NA	PCR	NA	NA	NA	NA	NA	2024-09-28	NA	NA	NA	NA	NA	NA	2748658	NA	NA	NA	NA	NA	NA	45e796-Wk28-Nasal	1056342;1131715	ILLUMINA	NA	NA	NA	fasp.sra.ebi.ac.uk:/vol1/srr/SRR308/088/SRR30825788/SRR30825788	NA	NA	NA	NA	NA	NA	NA	NA	NA	NA	ftp.sra.ebi.ac.uk/vol1/fastq/SRR308/088/SRR30825788/SRR30825788_1.fastq.gz;ftp.sra.ebi.ac.uk/vol1/fastq/SRR308/088/SRR30825788/SRR30825788_2.fastq.gz	NA	NA	NA	NA	NA	NA	USA: Phoenix	Microbe, viral or environmental	45e796-Wk28-Nasal	ftp.sra.ebi.ac.uk/vol1/srr/SRR308/088/SRR30825788/SRR30825788	NA	26df162975e7a5ed592c0573f43ddafd;1567e2b08dd4876f81fb872ea4aa1426	SRP535378	NA	19246	Amplicon sequencing of Staphylococcus aureus from oral and nasal samples	NA	NA	NA	NA	NA	2022-05-02	NA	45e796-Wk28-Nasal	NA	NA	NA	NA	Illumina MiSeq	NA	NA	NA	NA	NA	NA	Illumina MiSeq sequencing: Targeted AmpSeq of Staphylococcus aureus from human Nasal swab, Wk28, subject id: 45e796	NA	NA	NA	9606	NA	NA	75a23d4c96032af974a034187fc050c1	NA	ftp.sra.ebi.ac.uk/vol1/fastq/SRR308/088/SRR30825788/SRR30825788_1.fastq.gz;ftp.sra.ebi.ac.uk/vol1/fastq/SRR308/088/SRR30825788/SRR30825788_2.fastq.gz	NA	NA	NA	NA	5812292	AMPLICON	NA	NA	NA	NA	GENOMIC	ftp.sra.ebi.ac.uk/vol1/srr/SRR308/088/SRR30825788/SRR30825788	NA	PAIRED	NA	NA	NA	NA	NA	NA	NA	NA	NA	dcc_compare	NA	NA	NA	NA	NA	NA	NA	NA	NA	NA	NA	public	NA	NA	fasp.sra.ebi.ac.uk:/vol1/fastq/SRR308/088/SRR30825788/SRR30825788_1.fastq.gz;fasp.sra.ebi.ac.uk:/vol1/fastq/SRR308/088/SRR30825788/SRR30825788_2.fastq.gz	1;131567;2;1783272;1239;91061;1385;90964;1279;1280	NA	NA	45e796-Wk28-Nasal	NA	2022-05-01	NA	NA	be1cdd_L001_R1_001.fastq.gz	NA	NA	NA	NA	NA	2022-05-02	45e796-Wk28-Nasal	NA	SUB14756112	NA	NA	NA	Homo sapiens	45e796-Wk28-Nasal	pathogen;pathogen:priority;pathogen:bacterium	2024-09-28	NA	NA	SRX26225178	Staphylococcus aureus	NA	1280	PRJNA1166327	NA	NA	NA	NA	NA	NA	Homo sapiens	NA	SRR30825788	SRS22766876	NA	NA	NA	NA	NA	NA	NA	NA	NA	NA	2024-09-28	NA	PRJNA1166327	NA	NA	NA	NA	NA	nasal
SRR30825771	Illumina MiSeq sequencing: Targeted AmpSeq of Staphylococcus aureus from human Nasal swab, Wk28, subject id: 85b498	SAMN43965055	NA	SRA1981390	NA	NA	NA	NA	PCR	NA	NA	NA	NA	NA	2024-09-28	NA	NA	NA	NA	NA	NA	5446681	NA	NA	NA	NA	NA	NA	85b498-Wk28-Nasal	2099795;2377133	ILLUMINA	NA	NA	NA	fasp.sra.ebi.ac.uk:/vol1/srr/SRR308/071/SRR30825771/SRR30825771	NA	NA	NA	NA	NA	NA	NA	NA	NA	NA	ftp.sra.ebi.ac.uk/vol1/fastq/SRR308/071/SRR30825771/SRR30825771_1.fastq.gz;ftp.sra.ebi.ac.uk/vol1/fastq/SRR308/071/SRR30825771/SRR30825771_2.fastq.gz	NA	NA	NA	NA	NA	NA	USA: Phoenix	Microbe, viral or environmental	85b498-Wk28-Nasal	ftp.sra.ebi.ac.uk/vol1/srr/SRR308/071/SRR30825771/SRR30825771	NA	89d7e043a2018670ec7ed1111ce9c272;6acb2c980878d985155d2755155d2d39	SRP535378	NA	37531	Amplicon sequencing of Staphylococcus aureus from oral and nasal samples	NA	NA	NA	NA	NA	2022-05-02	NA	85b498-Wk28-Nasal	NA	NA	NA	NA	Illumina MiSeq	NA	NA	NA	NA	NA	NA	Illumina MiSeq sequencing: Targeted AmpSeq of Staphylococcus aureus from human Nasal swab, Wk28, subject id: 85b498	NA	NA	NA	9606	NA	NA	d410dfe186f976f880ba3f0fc6320bc3	NA	ftp.sra.ebi.ac.uk/vol1/fastq/SRR308/071/SRR30825771/SRR30825771_1.fastq.gz;ftp.sra.ebi.ac.uk/vol1/fastq/SRR308/071/SRR30825771/SRR30825771_2.fastq.gz	NA	NA	NA	NA	11334362	AMPLICON	NA	NA	NA	NA	GENOMIC	ftp.sra.ebi.ac.uk/vol1/srr/SRR308/071/SRR30825771/SRR30825771	NA	PAIRED	NA	NA	NA	NA	NA	NA	NA	NA	NA	dcc_compare	NA	NA	NA	NA	NA	NA	NA	NA	NA	NA	NA	public	NA	NA	fasp.sra.ebi.ac.uk:/vol1/fastq/SRR308/071/SRR30825771/SRR30825771_1.fastq.gz;fasp.sra.ebi.ac.uk:/vol1/fastq/SRR308/071/SRR30825771/SRR30825771_2.fastq.gz	1;131567;2;1783272;1239;91061;1385;90964;1279;1280	NA	NA	85b498-Wk28-Nasal	NA	2022-05-01	NA	NA	d22325_L001_R1_001.fastq.gz	NA	NA	NA	NA	NA	2022-05-02	85b498-Wk28-Nasal	NA	SUB14756112	NA	NA	NA	Homo sapiens	85b498-Wk28-Nasal	pathogen;pathogen:priority;pathogen:bacterium	2024-09-28	NA	NA	SRX26225195	Staphylococcus aureus	NA	1280	PRJNA1166327	NA	NA	NA	NA	NA	NA	Homo sapiens	NA	SRR30825771	SRS22766892	NA	NA	NA	NA	NA	NA	NA	NA	NA	NA	2024-09-28	NA	PRJNA1166327	NA	NA	NA	NA	NA	nasal
SRR30825770	Illumina MiSeq sequencing: Targeted AmpSeq of Staphylococcus aureus from human Nasal swab, Wk16, subject id: 85b498	SAMN43965056	NA	SRA1981390	NA	NA	NA	NA	PCR	NA	NA	NA	NA	NA	2024-09-28	NA	NA	NA	NA	NA	NA	5509549	NA	NA	NA	NA	NA	NA	85b498-Wk16-Nasal	2104472;2310150	ILLUMINA	NA	NA	NA	fasp.sra.ebi.ac.uk:/vol1/srr/SRR308/070/SRR30825770/SRR30825770	NA	NA	NA	NA	NA	NA	NA	NA	NA	NA	ftp.sra.ebi.ac.uk/vol1/fastq/SRR308/070/SRR30825770/SRR30825770_1.fastq.gz;ftp.sra.ebi.ac.uk/vol1/fastq/SRR308/070/SRR30825770/SRR30825770_2.fastq.gz	NA	NA	NA	NA	NA	NA	USA: Phoenix	Microbe, viral or environmental	85b498-Wk16-Nasal	ftp.sra.ebi.ac.uk/vol1/srr/SRR308/070/SRR30825770/SRR30825770	NA	383efa5259597852f3792368923ad605;ee16ca7a8d6110d964a8aac90398d143	SRP535378	NA	38443	Amplicon sequencing of Staphylococcus aureus from oral and nasal samples	NA	NA	NA	NA	NA	2022-02-07	NA	85b498-Wk16-Nasal	NA	NA	NA	NA	Illumina MiSeq	NA	NA	NA	NA	NA	NA	Illumina MiSeq sequencing: Targeted AmpSeq of Staphylococcus aureus from human Nasal swab, Wk16, subject id: 85b498	NA	NA	NA	9606	NA	NA	2aeaa05ae83350cfcacde6831cd03a79	NA	ftp.sra.ebi.ac.uk/vol1/fastq/SRR308/070/SRR30825770/SRR30825770_1.fastq.gz;ftp.sra.ebi.ac.uk/vol1/fastq/SRR308/070/SRR30825770/SRR30825770_2.fastq.gz	NA	NA	NA	NA	11609786	AMPLICON	NA	NA	NA	NA	GENOMIC	ftp.sra.ebi.ac.uk/vol1/srr/SRR308/070/SRR30825770/SRR30825770	NA	PAIRED	NA	NA	NA	NA	NA	NA	NA	NA	NA	dcc_compare	NA	NA	NA	NA	NA	NA	NA	NA	NA	NA	NA	public	NA	NA	fasp.sra.ebi.ac.uk:/vol1/fastq/SRR308/070/SRR30825770/SRR30825770_1.fastq.gz;fasp.sra.ebi.ac.uk:/vol1/fastq/SRR308/070/SRR30825770/SRR30825770_2.fastq.gz	1;131567;2;1783272;1239;91061;1385;90964;1279;1280	NA	NA	85b498-Wk16-Nasal	NA	2022-02-07	NA	NA	2f792f_L001_R1_001.fastq.gz	NA	NA	NA	NA	NA	2022-02-07	85b498-Wk16-Nasal	NA	SUB14756112	NA	NA	NA	Homo sapiens	85b498-Wk16-Nasal	pathogen;pathogen:priority;pathogen:bacterium	2024-09-28	NA	NA	SRX26225196	Staphylococcus aureus	NA	1280	PRJNA1166327	NA	NA	NA	NA	NA	NA	Homo sapiens	NA	SRR30825770	SRS22766894	NA	NA	NA	NA	NA	NA	NA	NA	NA	NA	2024-09-28	NA	PRJNA1166327	NA	NA	NA	NA	NA	nasal
SRR30825789	Illumina MiSeq sequencing: Targeted AmpSeq of Staphylococcus aureus from human Nasal swab, Wk14, subject id: 403ab1	SAMN43965039	NA	SRA1981390	NA	NA	NA	NA	PCR	NA	NA	NA	NA	NA	2024-09-28	NA	NA	NA	NA	NA	NA	9534262	NA	NA	NA	NA	NA	NA	403ab1-Wk14-Nasal	3882279;4285787	ILLUMINA	NA	NA	NA	fasp.sra.ebi.ac.uk:/vol1/srr/SRR308/089/SRR30825789/SRR30825789	NA	NA	NA	NA	NA	NA	NA	NA	NA	NA	ftp.sra.ebi.ac.uk/vol1/fastq/SRR308/089/SRR30825789/SRR30825789_1.fastq.gz;ftp.sra.ebi.ac.uk/vol1/fastq/SRR308/089/SRR30825789/SRR30825789_2.fastq.gz	NA	NA	NA	NA	NA	NA	USA: Phoenix	Microbe, viral or environmental	403ab1-Wk14-Nasal	ftp.sra.ebi.ac.uk/vol1/srr/SRR308/089/SRR30825789/SRR30825789	NA	20aeebcd0295a508389e4ead220b5f6a;6038f15b09dddfc937d653971a4db4b2	SRP535378	NA	63044	Amplicon sequencing of Staphylococcus aureus from oral and nasal samples	NA	NA	NA	NA	NA	2022-01-24	NA	403ab1-Wk14-Nasal	NA	NA	NA	NA	Illumina MiSeq	NA	NA	NA	NA	NA	NA	Illumina MiSeq sequencing: Targeted AmpSeq of Staphylococcus aureus from human Nasal swab, Wk14, subject id: 403ab1	NA	NA	NA	9606	NA	NA	c9ffe6a30ad2a8026cf642ae6bb61198	NA	ftp.sra.ebi.ac.uk/vol1/fastq/SRR308/089/SRR30825789/SRR30825789_1.fastq.gz;ftp.sra.ebi.ac.uk/vol1/fastq/SRR308/089/SRR30825789/SRR30825789_2.fastq.gz	NA	NA	NA	NA	19039288	AMPLICON	NA	NA	NA	NA	GENOMIC	ftp.sra.ebi.ac.uk/vol1/srr/SRR308/089/SRR30825789/SRR30825789	NA	PAIRED	NA	NA	NA	NA	NA	NA	NA	NA	NA	dcc_compare	NA	NA	NA	NA	NA	NA	NA	NA	NA	NA	NA	public	NA	NA	fasp.sra.ebi.ac.uk:/vol1/fastq/SRR308/089/SRR30825789/SRR30825789_1.fastq.gz;fasp.sra.ebi.ac.uk:/vol1/fastq/SRR308/089/SRR30825789/SRR30825789_2.fastq.gz	1;131567;2;1783272;1239;91061;1385;90964;1279;1280	NA	NA	403ab1-Wk14-Nasal	NA	2022-01-24	NA	NA	b641ef_L001_R1_001.fastq.gz	NA	NA	NA	NA	NA	2022-01-24	403ab1-Wk14-Nasal	NA	SUB14756112	NA	NA	NA	Homo sapiens	403ab1-Wk14-Nasal	pathogen;pathogen:priority;pathogen:bacterium	2024-09-28	NA	NA	SRX26225177	Staphylococcus aureus	NA	1280	PRJNA1166327	NA	NA	NA	NA	NA	NA	Homo sapiens	NA	SRR30825789	SRS22766875	NA	NA	NA	NA	NA	NA	NA	NA	NA	NA	2024-09-28	NA	PRJNA1166327	NA	NA	NA	NA	NA	nasal
SRR30825772	Illumina MiSeq sequencing: Targeted AmpSeq of Staphylococcus aureus from human Nasal swab, Wk12, subject id: 85b498	SAMN43965054	NA	SRA1981390	NA	NA	NA	NA	PCR	NA	NA	NA	NA	NA	2024-09-28	NA	NA	NA	NA	NA	NA	4228494	NA	NA	NA	NA	NA	NA	85b498-Wk12-Nasal	1610177;1724038	ILLUMINA	NA	NA	NA	fasp.sra.ebi.ac.uk:/vol1/srr/SRR308/072/SRR30825772/SRR30825772	NA	NA	NA	NA	NA	NA	NA	NA	NA	NA	ftp.sra.ebi.ac.uk/vol1/fastq/SRR308/072/SRR30825772/SRR30825772_1.fastq.gz;ftp.sra.ebi.ac.uk/vol1/fastq/SRR308/072/SRR30825772/SRR30825772_2.fastq.gz	NA	NA	NA	NA	NA	NA	USA: Phoenix	Microbe, viral or environmental	85b498-Wk12-Nasal	ftp.sra.ebi.ac.uk/vol1/srr/SRR308/072/SRR30825772/SRR30825772	NA	a10622bcc2c7a12e6170047df7c2e16c;2b0433e431b8da1f6a8ea0d309032560	SRP535378	NA	30199	Amplicon sequencing of Staphylococcus aureus from oral and nasal samples	NA	NA	NA	NA	NA	2022-01-10	NA	85b498-Wk12-Nasal	NA	NA	NA	NA	Illumina MiSeq	NA	NA	NA	NA	NA	NA	Illumina MiSeq sequencing: Targeted AmpSeq of Staphylococcus aureus from human Nasal swab, Wk12, subject id: 85b498	NA	NA	NA	9606	NA	NA	9bb1817b6eb651e52d21934bf6c0d2d0	NA	ftp.sra.ebi.ac.uk/vol1/fastq/SRR308/072/SRR30825772/SRR30825772_1.fastq.gz;ftp.sra.ebi.ac.uk/vol1/fastq/SRR308/072/SRR30825772/SRR30825772_2.fastq.gz	NA	NA	NA	NA	9120098	AMPLICON	NA	NA	NA	NA	GENOMIC	ftp.sra.ebi.ac.uk/vol1/srr/SRR308/072/SRR30825772/SRR30825772	NA	PAIRED	NA	NA	NA	NA	NA	NA	NA	NA	NA	dcc_compare	NA	NA	NA	NA	NA	NA	NA	NA	NA	NA	NA	public	NA	NA	fasp.sra.ebi.ac.uk:/vol1/fastq/SRR308/072/SRR30825772/SRR30825772_1.fastq.gz;fasp.sra.ebi.ac.uk:/vol1/fastq/SRR308/072/SRR30825772/SRR30825772_2.fastq.gz	1;131567;2;1783272;1239;91061;1385;90964;1279;1280	NA	NA	85b498-Wk12-Nasal	NA	2022-01-10	NA	NA	62d767_L001_R1_001.fastq.gz	NA	NA	NA	NA	NA	2022-01-10	85b498-Wk12-Nasal	NA	SUB14756112	NA	NA	NA	Homo sapiens	85b498-Wk12-Nasal	pathogen;pathogen:priority;pathogen:bacterium	2024-09-28	NA	NA	SRX26225194	Staphylococcus aureus	NA	1280	PRJNA1166327	NA	NA	NA	NA	NA	NA	Homo sapiens	NA	SRR30825772	SRS22766893	NA	NA	NA	NA	NA	NA	NA	NA	NA	NA	2024-09-28	NA	PRJNA1166327	NA	NA	NA	NA	NA	nasal
SRR30825774	Illumina MiSeq sequencing: Targeted AmpSeq of Staphylococcus aureus from human Nasal swab, Wk14, subject id: 85b498	SAMN43965052	NA	SRA1981390	NA	NA	NA	NA	PCR	NA	NA	NA	NA	NA	2024-09-28	NA	NA	NA	NA	NA	NA	5641241	NA	NA	NA	NA	NA	NA	85b498-Wk14-Nasal	2263863;2632001	ILLUMINA	NA	NA	NA	fasp.sra.ebi.ac.uk:/vol1/srr/SRR308/074/SRR30825774/SRR30825774	NA	NA	NA	NA	NA	NA	NA	NA	NA	NA	ftp.sra.ebi.ac.uk/vol1/fastq/SRR308/074/SRR30825774/SRR30825774_1.fastq.gz;ftp.sra.ebi.ac.uk/vol1/fastq/SRR308/074/SRR30825774/SRR30825774_2.fastq.gz	NA	NA	NA	NA	NA	NA	USA: Phoenix	Microbe, viral or environmental	85b498-Wk14-Nasal	ftp.sra.ebi.ac.uk/vol1/srr/SRR308/074/SRR30825774/SRR30825774	NA	9ced84568722e7c15af63f53ec9b762d;28e28e9a649b4171859c97dace1f4b8b	SRP535378	NA	35563	Amplicon sequencing of Staphylococcus aureus from oral and nasal samples	NA	NA	NA	NA	NA	2022-01-24	NA	85b498-Wk14-Nasal	NA	NA	NA	NA	Illumina MiSeq	NA	NA	NA	NA	NA	NA	Illumina MiSeq sequencing: Targeted AmpSeq of Staphylococcus aureus from human Nasal swab, Wk14, subject id: 85b498	NA	NA	NA	9606	NA	NA	b8fd8ae8f7306e43595f0b3e43c49220	NA	ftp.sra.ebi.ac.uk/vol1/fastq/SRR308/074/SRR30825774/SRR30825774_1.fastq.gz;ftp.sra.ebi.ac.uk/vol1/fastq/SRR308/074/SRR30825774/SRR30825774_2.fastq.gz	NA	NA	NA	NA	10740026	AMPLICON	NA	NA	NA	NA	GENOMIC	ftp.sra.ebi.ac.uk/vol1/srr/SRR308/074/SRR30825774/SRR30825774	NA	PAIRED	NA	NA	NA	NA	NA	NA	NA	NA	NA	dcc_compare	NA	NA	NA	NA	NA	NA	NA	NA	NA	NA	NA	public	NA	NA	fasp.sra.ebi.ac.uk:/vol1/fastq/SRR308/074/SRR30825774/SRR30825774_1.fastq.gz;fasp.sra.ebi.ac.uk:/vol1/fastq/SRR308/074/SRR30825774/SRR30825774_2.fastq.gz	1;131567;2;1783272;1239;91061;1385;90964;1279;1280	NA	NA	85b498-Wk14-Nasal	NA	2022-01-24	NA	NA	c12dc9_L001_R1_001.fastq.gz	NA	NA	NA	NA	NA	2022-01-24	85b498-Wk14-Nasal	NA	SUB14756112	NA	NA	NA	Homo sapiens	85b498-Wk14-Nasal	pathogen;pathogen:priority;pathogen:bacterium	2024-09-28	NA	NA	SRX26225192	Staphylococcus aureus	NA	1280	PRJNA1166327	NA	NA	NA	NA	NA	NA	Homo sapiens	NA	SRR30825774	SRS22766889	NA	NA	NA	NA	NA	NA	NA	NA	NA	NA	2024-09-28	NA	PRJNA1166327	NA	NA	NA	NA	NA	nasal
SRR30825791	Illumina MiSeq sequencing: Targeted AmpSeq of Staphylococcus aureus from human Nasal swab, Wk18, subject id: 403ab1	SAMN43965037	NA	SRA1981390	NA	NA	NA	NA	PCR	NA	NA	NA	NA	NA	2024-09-28	NA	NA	NA	NA	NA	NA	6642232	NA	NA	NA	NA	NA	NA	403ab1-Wk18-Nasal	2715450;2966005	ILLUMINA	NA	NA	NA	fasp.sra.ebi.ac.uk:/vol1/srr/SRR308/091/SRR30825791/SRR30825791	NA	NA	NA	NA	NA	NA	NA	NA	NA	NA	ftp.sra.ebi.ac.uk/vol1/fastq/SRR308/091/SRR30825791/SRR30825791_1.fastq.gz;ftp.sra.ebi.ac.uk/vol1/fastq/SRR308/091/SRR30825791/SRR30825791_2.fastq.gz	NA	NA	NA	NA	NA	NA	USA: Phoenix	Microbe, viral or environmental	403ab1-Wk18-Nasal	ftp.sra.ebi.ac.uk/vol1/srr/SRR308/091/SRR30825791/SRR30825791	NA	3df544e37c175fa6067486ea246d63fe;fcc6893b51a0828402a4c33646a2af90	SRP535378	NA	44083	Amplicon sequencing of Staphylococcus aureus from oral and nasal samples	NA	NA	NA	NA	NA	2022-02-21	NA	403ab1-Wk18-Nasal	NA	NA	NA	NA	Illumina MiSeq	NA	NA	NA	NA	NA	NA	Illumina MiSeq sequencing: Targeted AmpSeq of Staphylococcus aureus from human Nasal swab, Wk18, subject id: 403ab1	NA	NA	NA	9606	NA	NA	f2fdea6fadfafc2b34c7dd77bad3d6a6	NA	ftp.sra.ebi.ac.uk/vol1/fastq/SRR308/091/SRR30825791/SRR30825791_1.fastq.gz;ftp.sra.ebi.ac.uk/vol1/fastq/SRR308/091/SRR30825791/SRR30825791_2.fastq.gz	NA	NA	NA	NA	13313066	AMPLICON	NA	NA	NA	NA	GENOMIC	ftp.sra.ebi.ac.uk/vol1/srr/SRR308/091/SRR30825791/SRR30825791	NA	PAIRED	NA	NA	NA	NA	NA	NA	NA	NA	NA	dcc_compare	NA	NA	NA	NA	NA	NA	NA	NA	NA	NA	NA	public	NA	NA	fasp.sra.ebi.ac.uk:/vol1/fastq/SRR308/091/SRR30825791/SRR30825791_1.fastq.gz;fasp.sra.ebi.ac.uk:/vol1/fastq/SRR308/091/SRR30825791/SRR30825791_2.fastq.gz	1;131567;2;1783272;1239;91061;1385;90964;1279;1280	NA	NA	403ab1-Wk18-Nasal	NA	2022-02-21	NA	NA	f09e4f_L001_R1_001.fastq.gz	NA	NA	NA	NA	NA	2022-02-21	403ab1-Wk18-Nasal	NA	SUB14756112	NA	NA	NA	Homo sapiens	403ab1-Wk18-Nasal	pathogen;pathogen:priority;pathogen:bacterium	2024-09-28	NA	NA	SRX26225175	Staphylococcus aureus	NA	1280	PRJNA1166327	NA	NA	NA	NA	NA	NA	Homo sapiens	NA	SRR30825791	SRS22766872	NA	NA	NA	NA	NA	NA	NA	NA	NA	NA	2024-09-28	NA	PRJNA1166327	NA	NA	NA	NA	NA	nasal
SRR30825773	Illumina MiSeq sequencing: Targeted AmpSeq of Staphylococcus aureus from human Nasal swab, Wk20, subject id: 85b498	SAMN43965053	NA	SRA1981390	NA	NA	NA	NA	PCR	NA	NA	NA	NA	NA	2024-09-28	NA	NA	NA	NA	NA	NA	4560883	NA	NA	NA	NA	NA	NA	85b498-Wk20-Nasal	1762802;2078932	ILLUMINA	NA	NA	NA	fasp.sra.ebi.ac.uk:/vol1/srr/SRR308/073/SRR30825773/SRR30825773	NA	NA	NA	NA	NA	NA	NA	NA	NA	NA	ftp.sra.ebi.ac.uk/vol1/fastq/SRR308/073/SRR30825773/SRR30825773_1.fastq.gz;ftp.sra.ebi.ac.uk/vol1/fastq/SRR308/073/SRR30825773/SRR30825773_2.fastq.gz	NA	NA	NA	NA	NA	NA	USA: Phoenix	Microbe, viral or environmental	85b498-Wk20-Nasal	ftp.sra.ebi.ac.uk/vol1/srr/SRR308/073/SRR30825773/SRR30825773	NA	f73931e164c64c4e744643333cc0fcaa;97d21b7ee640614762367fc791147f78	SRP535378	NA	30040	Amplicon sequencing of Staphylococcus aureus from oral and nasal samples	NA	NA	NA	NA	NA	2022-03-07	NA	85b498-Wk20-Nasal	NA	NA	NA	NA	Illumina MiSeq	NA	NA	NA	NA	NA	NA	Illumina MiSeq sequencing: Targeted AmpSeq of Staphylococcus aureus from human Nasal swab, Wk20, subject id: 85b498	NA	NA	NA	9606	NA	NA	e495442a25afc48d65e108d5de2e508f	NA	ftp.sra.ebi.ac.uk/vol1/fastq/SRR308/073/SRR30825773/SRR30825773_1.fastq.gz;ftp.sra.ebi.ac.uk/vol1/fastq/SRR308/073/SRR30825773/SRR30825773_2.fastq.gz	NA	NA	NA	NA	9072080	AMPLICON	NA	NA	NA	NA	GENOMIC	ftp.sra.ebi.ac.uk/vol1/srr/SRR308/073/SRR30825773/SRR30825773	NA	PAIRED	NA	NA	NA	NA	NA	NA	NA	NA	NA	dcc_compare	NA	NA	NA	NA	NA	NA	NA	NA	NA	NA	NA	public	NA	NA	fasp.sra.ebi.ac.uk:/vol1/fastq/SRR308/073/SRR30825773/SRR30825773_1.fastq.gz;fasp.sra.ebi.ac.uk:/vol1/fastq/SRR308/073/SRR30825773/SRR30825773_2.fastq.gz	1;131567;2;1783272;1239;91061;1385;90964;1279;1280	NA	NA	85b498-Wk20-Nasal	NA	2022-03-07	NA	NA	06e5c2_L001_R1_001.fastq.gz	NA	NA	NA	NA	NA	2022-03-07	85b498-Wk20-Nasal	NA	SUB14756112	NA	NA	NA	Homo sapiens	85b498-Wk20-Nasal	pathogen;pathogen:priority;pathogen:bacterium	2024-09-28	NA	NA	SRX26225193	Staphylococcus aureus	NA	1280	PRJNA1166327	NA	NA	NA	NA	NA	NA	Homo sapiens	NA	SRR30825773	SRS22766891	NA	NA	NA	NA	NA	NA	NA	NA	NA	NA	2024-09-28	NA	PRJNA1166327	NA	NA	NA	NA	NA	nasal
SRR30825775	Illumina MiSeq sequencing: Targeted AmpSeq of Staphylococcus aureus from human Oral swab, Wk18, subject id: 65a5e4	SAMN43965007	NA	SRA1981390	NA	NA	NA	NA	PCR	NA	NA	NA	NA	NA	2024-09-28	NA	NA	NA	NA	NA	NA	7705210	NA	NA	NA	NA	NA	NA	65a5e4-Wk18-Oral	3099519;3785436	ILLUMINA	NA	NA	NA	fasp.sra.ebi.ac.uk:/vol1/srr/SRR308/075/SRR30825775/SRR30825775	NA	NA	NA	NA	NA	NA	NA	NA	NA	NA	ftp.sra.ebi.ac.uk/vol1/fastq/SRR308/075/SRR30825775/SRR30825775_1.fastq.gz;ftp.sra.ebi.ac.uk/vol1/fastq/SRR308/075/SRR30825775/SRR30825775_2.fastq.gz	NA	NA	NA	NA	NA	NA	USA: Phoenix	Microbe, viral or environmental	65a5e4-Wk18-Oral	ftp.sra.ebi.ac.uk/vol1/srr/SRR308/075/SRR30825775/SRR30825775	NA	a2480b1e8eba89cd2dee5b30f7e48987;9b0eca876c4b0b56db12c526b77c21f1	SRP535378	NA	43568	Amplicon sequencing of Staphylococcus aureus from oral and nasal samples	NA	NA	NA	NA	NA	2022-02-21	NA	65a5e4-Wk18-Oral	NA	NA	NA	NA	Illumina MiSeq	NA	NA	NA	NA	NA	NA	Illumina MiSeq sequencing: Targeted AmpSeq of Staphylococcus aureus from human Oral swab, Wk18, subject id: 65a5e4	NA	NA	NA	9606	NA	NA	a17a4703c08a9f021b7da9c02a04346c	NA	ftp.sra.ebi.ac.uk/vol1/fastq/SRR308/075/SRR30825775/SRR30825775_1.fastq.gz;ftp.sra.ebi.ac.uk/vol1/fastq/SRR308/075/SRR30825775/SRR30825775_2.fastq.gz	NA	NA	NA	NA	13157536	AMPLICON	NA	NA	NA	NA	GENOMIC	ftp.sra.ebi.ac.uk/vol1/srr/SRR308/075/SRR30825775/SRR30825775	NA	PAIRED	NA	NA	NA	NA	NA	NA	NA	NA	NA	dcc_compare	NA	NA	NA	NA	NA	NA	NA	NA	NA	NA	NA	public	NA	NA	fasp.sra.ebi.ac.uk:/vol1/fastq/SRR308/075/SRR30825775/SRR30825775_1.fastq.gz;fasp.sra.ebi.ac.uk:/vol1/fastq/SRR308/075/SRR30825775/SRR30825775_2.fastq.gz	1;131567;2;1783272;1239;91061;1385;90964;1279;1280	NA	NA	65a5e4-Wk18-Oral	NA	2022-02-21	NA	NA	906ccf_L001_R1_001.fastq.gz	NA	NA	NA	NA	NA	2022-02-21	65a5e4-Wk18-Oral	NA	SUB14756112	NA	NA	NA	Homo sapiens	65a5e4-Wk18-Oral	pathogen;pathogen:priority;pathogen:bacterium	2024-09-28	NA	NA	SRX26225191	Staphylococcus aureus	NA	1280	PRJNA1166327	NA	NA	NA	NA	NA	NA	Homo sapiens	NA	SRR30825775	SRS22766888	NA	NA	NA	NA	NA	NA	NA	NA	NA	NA	2024-09-28	NA	PRJNA1166327	NA	NA	NA	NA	NA	Oral
SRR30825794	Illumina MiSeq sequencing: Targeted AmpSeq of Staphylococcus aureus from human Nasal swab, Wk16, subject id: 729bcb	SAMN43965011	NA	SRA1981390	NA	NA	NA	NA	PCR	NA	NA	NA	NA	NA	2024-09-28	NA	NA	NA	NA	NA	NA	14639659	NA	NA	NA	NA	NA	NA	729bcb-Wk16-Nasal	6012831;6848305	ILLUMINA	NA	NA	NA	fasp.sra.ebi.ac.uk:/vol1/srr/SRR308/094/SRR30825794/SRR30825794	NA	NA	NA	NA	NA	NA	NA	NA	NA	NA	ftp.sra.ebi.ac.uk/vol1/fastq/SRR308/094/SRR30825794/SRR30825794_1.fastq.gz;ftp.sra.ebi.ac.uk/vol1/fastq/SRR308/094/SRR30825794/SRR30825794_2.fastq.gz	NA	NA	NA	NA	NA	NA	USA: Phoenix	Microbe, viral or environmental	729bcb-Wk16-Nasal	ftp.sra.ebi.ac.uk/vol1/srr/SRR308/094/SRR30825794/SRR30825794	NA	ac6aef60fb0ed0cf66de9a818ddbd149;06c4b8fe00b883edbbb3f7a95ccdbd67	SRP535378	NA	86553	Amplicon sequencing of Staphylococcus aureus from oral and nasal samples	NA	NA	NA	NA	NA	2022-02-07	NA	729bcb-Wk16-Nasal	NA	NA	NA	NA	Illumina MiSeq	NA	NA	NA	NA	NA	NA	Illumina MiSeq sequencing: Targeted AmpSeq of Staphylococcus aureus from human Nasal swab, Wk16, subject id: 729bcb	NA	NA	NA	9606	NA	NA	2aad228060fca85bd910fba7bb71170e	NA	ftp.sra.ebi.ac.uk/vol1/fastq/SRR308/094/SRR30825794/SRR30825794_1.fastq.gz;ftp.sra.ebi.ac.uk/vol1/fastq/SRR308/094/SRR30825794/SRR30825794_2.fastq.gz	NA	NA	NA	NA	26139006	AMPLICON	NA	NA	NA	NA	GENOMIC	ftp.sra.ebi.ac.uk/vol1/srr/SRR308/094/SRR30825794/SRR30825794	NA	PAIRED	NA	NA	NA	NA	NA	NA	NA	NA	NA	dcc_compare	NA	NA	NA	NA	NA	NA	NA	NA	NA	NA	NA	public	NA	NA	fasp.sra.ebi.ac.uk:/vol1/fastq/SRR308/094/SRR30825794/SRR30825794_1.fastq.gz;fasp.sra.ebi.ac.uk:/vol1/fastq/SRR308/094/SRR30825794/SRR30825794_2.fastq.gz	1;131567;2;1783272;1239;91061;1385;90964;1279;1280	NA	NA	729bcb-Wk16-Nasal	NA	2022-02-07	NA	NA	543156_L001_R1_001.fastq.gz	NA	NA	NA	NA	NA	2022-02-07	729bcb-Wk16-Nasal	NA	SUB14756112	NA	NA	NA	Homo sapiens	729bcb-Wk16-Nasal	pathogen;pathogen:priority;pathogen:bacterium	2024-09-28	NA	NA	SRX26225172	Staphylococcus aureus	NA	1280	PRJNA1166327	NA	NA	NA	NA	NA	NA	Homo sapiens	NA	SRR30825794	SRS22766870	NA	NA	NA	NA	NA	NA	NA	NA	NA	NA	2024-09-28	NA	PRJNA1166327	NA	NA	NA	NA	NA	nasal
SRR30825776	Illumina MiSeq sequencing: Targeted AmpSeq of Staphylococcus aureus from human Nasal swab, Wk26, subject id: 85b498	SAMN43965051	NA	SRA1981390	NA	NA	NA	NA	PCR	NA	NA	NA	NA	NA	2024-09-28	NA	NA	NA	NA	NA	NA	2908146	NA	NA	NA	NA	NA	NA	85b498-Wk26-Nasal	1092086;1175508	ILLUMINA	NA	NA	NA	fasp.sra.ebi.ac.uk:/vol1/srr/SRR308/076/SRR30825776/SRR30825776	NA	NA	NA	NA	NA	NA	NA	NA	NA	NA	ftp.sra.ebi.ac.uk/vol1/fastq/SRR308/076/SRR30825776/SRR30825776_1.fastq.gz;ftp.sra.ebi.ac.uk/vol1/fastq/SRR308/076/SRR30825776/SRR30825776_2.fastq.gz	NA	NA	NA	NA	NA	NA	USA: Phoenix	Microbe, viral or environmental	85b498-Wk26-Nasal	ftp.sra.ebi.ac.uk/vol1/srr/SRR308/076/SRR30825776/SRR30825776	NA	dcbb97ceb402094391b056138e35769e;82c072a442f5947c0aa0f740b39622d0	SRP535378	NA	20860	Amplicon sequencing of Staphylococcus aureus from oral and nasal samples	NA	NA	NA	NA	NA	2022-04-18	NA	85b498-Wk26-Nasal	NA	NA	NA	NA	Illumina MiSeq	NA	NA	NA	NA	NA	NA	Illumina MiSeq sequencing: Targeted AmpSeq of Staphylococcus aureus from human Nasal swab, Wk26, subject id: 85b498	NA	NA	NA	9606	NA	NA	9b0610391f8dec217c3f57b6e92083a6	NA	ftp.sra.ebi.ac.uk/vol1/fastq/SRR308/076/SRR30825776/SRR30825776_1.fastq.gz;ftp.sra.ebi.ac.uk/vol1/fastq/SRR308/076/SRR30825776/SRR30825776_2.fastq.gz	NA	NA	NA	NA	6299720	AMPLICON	NA	NA	NA	NA	GENOMIC	ftp.sra.ebi.ac.uk/vol1/srr/SRR308/076/SRR30825776/SRR30825776	NA	PAIRED	NA	NA	NA	NA	NA	NA	NA	NA	NA	dcc_compare	NA	NA	NA	NA	NA	NA	NA	NA	NA	NA	NA	public	NA	NA	fasp.sra.ebi.ac.uk:/vol1/fastq/SRR308/076/SRR30825776/SRR30825776_1.fastq.gz;fasp.sra.ebi.ac.uk:/vol1/fastq/SRR308/076/SRR30825776/SRR30825776_2.fastq.gz	1;131567;2;1783272;1239;91061;1385;90964;1279;1280	NA	NA	85b498-Wk26-Nasal	NA	2022-04-17	NA	NA	a6520e_L001_R1_001.fastq.gz	NA	NA	NA	NA	NA	2022-04-18	85b498-Wk26-Nasal	NA	SUB14756112	NA	NA	NA	Homo sapiens	85b498-Wk26-Nasal	pathogen;pathogen:priority;pathogen:bacterium	2024-09-28	NA	NA	SRX26225190	Staphylococcus aureus	NA	1280	PRJNA1166327	NA	NA	NA	NA	NA	NA	Homo sapiens	NA	SRR30825776	SRS22766887	NA	NA	NA	NA	NA	NA	NA	NA	NA	NA	2024-09-28	NA	PRJNA1166327	NA	NA	NA	NA	NA	nasal
SRR30825777	Illumina MiSeq sequencing: Targeted AmpSeq of Staphylococcus aureus from human Nasal swab, Wk18, subject id: 85b498	SAMN43965050	NA	SRA1981390	NA	NA	NA	NA	PCR	NA	NA	NA	NA	NA	2024-09-28	NA	NA	NA	NA	NA	NA	2415361	NA	NA	NA	NA	NA	NA	85b498-Wk18-Nasal	893827;1031270	ILLUMINA	NA	NA	NA	fasp.sra.ebi.ac.uk:/vol1/srr/SRR308/077/SRR30825777/SRR30825777	NA	NA	NA	NA	NA	NA	NA	NA	NA	NA	ftp.sra.ebi.ac.uk/vol1/fastq/SRR308/077/SRR30825777/SRR30825777_1.fastq.gz;ftp.sra.ebi.ac.uk/vol1/fastq/SRR308/077/SRR30825777/SRR30825777_2.fastq.gz	NA	NA	NA	NA	NA	NA	USA: Phoenix	Microbe, viral or environmental	85b498-Wk18-Nasal	ftp.sra.ebi.ac.uk/vol1/srr/SRR308/077/SRR30825777/SRR30825777	NA	91bb08f0f43d889a75d6bb562f84e7ff;f7bd57df60fa66cdda13924b159b992a	SRP535378	NA	16615	Amplicon sequencing of Staphylococcus aureus from oral and nasal samples	NA	NA	NA	NA	NA	2022-02-21	NA	85b498-Wk18-Nasal	NA	NA	NA	NA	Illumina MiSeq	NA	NA	NA	NA	NA	NA	Illumina MiSeq sequencing: Targeted AmpSeq of Staphylococcus aureus from human Nasal swab, Wk18, subject id: 85b498	NA	NA	NA	9606	NA	NA	0dd954bcd4228f45304c96a43e8eb148	NA	ftp.sra.ebi.ac.uk/vol1/fastq/SRR308/077/SRR30825777/SRR30825777_1.fastq.gz;ftp.sra.ebi.ac.uk/vol1/fastq/SRR308/077/SRR30825777/SRR30825777_2.fastq.gz	NA	NA	NA	NA	5017730	AMPLICON	NA	NA	NA	NA	GENOMIC	ftp.sra.ebi.ac.uk/vol1/srr/SRR308/077/SRR30825777/SRR30825777	NA	PAIRED	NA	NA	NA	NA	NA	NA	NA	NA	NA	dcc_compare	NA	NA	NA	NA	NA	NA	NA	NA	NA	NA	NA	public	NA	NA	fasp.sra.ebi.ac.uk:/vol1/fastq/SRR308/077/SRR30825777/SRR30825777_1.fastq.gz;fasp.sra.ebi.ac.uk:/vol1/fastq/SRR308/077/SRR30825777/SRR30825777_2.fastq.gz	1;131567;2;1783272;1239;91061;1385;90964;1279;1280	NA	NA	85b498-Wk18-Nasal	NA	2022-02-21	NA	NA	287cf7_L001_R1_001.fastq.gz	NA	NA	NA	NA	NA	2022-02-21	85b498-Wk18-Nasal	NA	SUB14756112	NA	NA	NA	Homo sapiens	85b498-Wk18-Nasal	pathogen;pathogen:priority;pathogen:bacterium	2024-09-28	NA	NA	SRX26225189	Staphylococcus aureus	NA	1280	PRJNA1166327	NA	NA	NA	NA	NA	NA	Homo sapiens	NA	SRR30825777	SRS22766890	NA	NA	NA	NA	NA	NA	NA	NA	NA	NA	2024-09-28	NA	PRJNA1166327	NA	NA	NA	NA	NA	nasal
SRR30825795	Illumina MiSeq sequencing: Targeted AmpSeq of Staphylococcus aureus from human Nasal swab, Wk20, subject id: 729bcb	SAMN43965010	NA	SRA1981390	NA	NA	NA	NA	PCR	NA	NA	NA	NA	NA	2024-09-28	NA	NA	NA	NA	NA	NA	13236395	NA	NA	NA	NA	NA	NA	729bcb-Wk20-Nasal	5453095;6144449	ILLUMINA	NA	NA	NA	fasp.sra.ebi.ac.uk:/vol1/srr/SRR308/095/SRR30825795/SRR30825795	NA	NA	NA	NA	NA	NA	NA	NA	NA	NA	ftp.sra.ebi.ac.uk/vol1/fastq/SRR308/095/SRR30825795/SRR30825795_1.fastq.gz;ftp.sra.ebi.ac.uk/vol1/fastq/SRR308/095/SRR30825795/SRR30825795_2.fastq.gz	NA	NA	NA	NA	NA	NA	USA: Phoenix	Microbe, viral or environmental	729bcb-Wk20-Nasal	ftp.sra.ebi.ac.uk/vol1/srr/SRR308/095/SRR30825795/SRR30825795	NA	ad7711cc70dae9235f742ea90e1ff310;106a8a95dee83abca3d4642e5f8829f7	SRP535378	NA	78486	Amplicon sequencing of Staphylococcus aureus from oral and nasal samples	NA	NA	NA	NA	NA	2022-03-07	NA	729bcb-Wk20-Nasal	NA	NA	NA	NA	Illumina MiSeq	NA	NA	NA	NA	NA	NA	Illumina MiSeq sequencing: Targeted AmpSeq of Staphylococcus aureus from human Nasal swab, Wk20, subject id: 729bcb	NA	NA	NA	9606	NA	NA	81681c123047a356edd62efe29aeecb3	NA	ftp.sra.ebi.ac.uk/vol1/fastq/SRR308/095/SRR30825795/SRR30825795_1.fastq.gz;ftp.sra.ebi.ac.uk/vol1/fastq/SRR308/095/SRR30825795/SRR30825795_2.fastq.gz	NA	NA	NA	NA	23702772	AMPLICON	NA	NA	NA	NA	GENOMIC	ftp.sra.ebi.ac.uk/vol1/srr/SRR308/095/SRR30825795/SRR30825795	NA	PAIRED	NA	NA	NA	NA	NA	NA	NA	NA	NA	dcc_compare	NA	NA	NA	NA	NA	NA	NA	NA	NA	NA	NA	public	NA	NA	fasp.sra.ebi.ac.uk:/vol1/fastq/SRR308/095/SRR30825795/SRR30825795_1.fastq.gz;fasp.sra.ebi.ac.uk:/vol1/fastq/SRR308/095/SRR30825795/SRR30825795_2.fastq.gz	1;131567;2;1783272;1239;91061;1385;90964;1279;1280	NA	NA	729bcb-Wk20-Nasal	NA	2022-03-07	NA	NA	06e704_L001_R1_001.fastq.gz	NA	NA	NA	NA	NA	2022-03-07	729bcb-Wk20-Nasal	NA	SUB14756112	NA	NA	NA	Homo sapiens	729bcb-Wk20-Nasal	pathogen;pathogen:priority;pathogen:bacterium	2024-09-28	NA	NA	SRX26225171	Staphylococcus aureus	NA	1280	PRJNA1166327	NA	NA	NA	NA	NA	NA	Homo sapiens	NA	SRR30825795	SRS22766868	NA	NA	NA	NA	NA	NA	NA	NA	NA	NA	2024-09-28	NA	PRJNA1166327	NA	NA	NA	NA	NA	nasal
SRR30825779	Illumina MiSeq sequencing: Targeted AmpSeq of Staphylococcus aureus from human Nasal swab, Wk24, subject id: 45e796	SAMN43965048	NA	SRA1981390	NA	NA	NA	NA	PCR	NA	NA	NA	NA	NA	2024-09-28	NA	NA	NA	NA	NA	NA	9818917	NA	NA	NA	NA	NA	NA	45e796-Wk24-Nasal	3860778;4147194	ILLUMINA	NA	NA	NA	fasp.sra.ebi.ac.uk:/vol1/srr/SRR308/079/SRR30825779/SRR30825779	NA	NA	NA	NA	NA	NA	NA	NA	NA	NA	ftp.sra.ebi.ac.uk/vol1/fastq/SRR308/079/SRR30825779/SRR30825779_1.fastq.gz;ftp.sra.ebi.ac.uk/vol1/fastq/SRR308/079/SRR30825779/SRR30825779_2.fastq.gz	NA	NA	NA	NA	NA	NA	USA: Phoenix	Microbe, viral or environmental	45e796-Wk24-Nasal	ftp.sra.ebi.ac.uk/vol1/srr/SRR308/079/SRR30825779/SRR30825779	NA	8562b672352051b7cdfd8f6cbeab9617;656ec45c0ff32b34bd17b17108792d9c	SRP535378	NA	69503	Amplicon sequencing of Staphylococcus aureus from oral and nasal samples	NA	NA	NA	NA	NA	2022-04-04	NA	45e796-Wk24-Nasal	NA	NA	NA	NA	Illumina MiSeq	NA	NA	NA	NA	NA	NA	Illumina MiSeq sequencing: Targeted AmpSeq of Staphylococcus aureus from human Nasal swab, Wk24, subject id: 45e796	NA	NA	NA	9606	NA	NA	45a9419748b8ae9dbaa8edeb211a92e1	NA	ftp.sra.ebi.ac.uk/vol1/fastq/SRR308/079/SRR30825779/SRR30825779_1.fastq.gz;ftp.sra.ebi.ac.uk/vol1/fastq/SRR308/079/SRR30825779/SRR30825779_2.fastq.gz	NA	NA	NA	NA	20989906	AMPLICON	NA	NA	NA	NA	GENOMIC	ftp.sra.ebi.ac.uk/vol1/srr/SRR308/079/SRR30825779/SRR30825779	NA	PAIRED	NA	NA	NA	NA	NA	NA	NA	NA	NA	dcc_compare	NA	NA	NA	NA	NA	NA	NA	NA	NA	NA	NA	public	NA	NA	fasp.sra.ebi.ac.uk:/vol1/fastq/SRR308/079/SRR30825779/SRR30825779_1.fastq.gz;fasp.sra.ebi.ac.uk:/vol1/fastq/SRR308/079/SRR30825779/SRR30825779_2.fastq.gz	1;131567;2;1783272;1239;91061;1385;90964;1279;1280	NA	NA	45e796-Wk24-Nasal	NA	2022-04-03	NA	NA	587480_L001_R1_001.fastq.gz	NA	NA	NA	NA	NA	2022-04-04	45e796-Wk24-Nasal	NA	SUB14756112	NA	NA	NA	Homo sapiens	45e796-Wk24-Nasal	pathogen;pathogen:priority;pathogen:bacterium	2024-09-28	NA	NA	SRX26225187	Staphylococcus aureus	NA	1280	PRJNA1166327	NA	NA	NA	NA	NA	NA	Homo sapiens	NA	SRR30825779	SRS22766883	NA	NA	NA	NA	NA	NA	NA	NA	NA	NA	2024-09-28	NA	PRJNA1166327	NA	NA	NA	NA	NA	nasal
SRR30825780	Illumina MiSeq sequencing: Targeted AmpSeq of Staphylococcus aureus from human Nasal swab, Wk18, subject id: 45e796	SAMN43965047	NA	SRA1981390	NA	NA	NA	NA	PCR	NA	NA	NA	NA	NA	2024-09-28	NA	NA	NA	NA	NA	NA	5104224	NA	NA	NA	NA	NA	NA	45e796-Wk18-Nasal	2040015;2161605	ILLUMINA	NA	NA	NA	fasp.sra.ebi.ac.uk:/vol1/srr/SRR308/080/SRR30825780/SRR30825780	NA	NA	NA	NA	NA	NA	NA	NA	NA	NA	ftp.sra.ebi.ac.uk/vol1/fastq/SRR308/080/SRR30825780/SRR30825780_1.fastq.gz;ftp.sra.ebi.ac.uk/vol1/fastq/SRR308/080/SRR30825780/SRR30825780_2.fastq.gz	NA	NA	NA	NA	NA	NA	USA: Phoenix	Microbe, viral or environmental	45e796-Wk18-Nasal	ftp.sra.ebi.ac.uk/vol1/srr/SRR308/080/SRR30825780/SRR30825780	NA	a8ec0c3d6559f401f990165d46567e83;8ae77290d2a0f83072abb8094909c996	SRP535378	NA	35323	Amplicon sequencing of Staphylococcus aureus from oral and nasal samples	NA	NA	NA	NA	NA	2022-02-21	NA	45e796-Wk18-Nasal	NA	NA	NA	NA	Illumina MiSeq	NA	NA	NA	NA	NA	NA	Illumina MiSeq sequencing: Targeted AmpSeq of Staphylococcus aureus from human Nasal swab, Wk18, subject id: 45e796	NA	NA	NA	9606	NA	NA	4ba2e33dce7de90623dbc2dab0dac2d3	NA	ftp.sra.ebi.ac.uk/vol1/fastq/SRR308/080/SRR30825780/SRR30825780_1.fastq.gz;ftp.sra.ebi.ac.uk/vol1/fastq/SRR308/080/SRR30825780/SRR30825780_2.fastq.gz	NA	NA	NA	NA	10667546	AMPLICON	NA	NA	NA	NA	GENOMIC	ftp.sra.ebi.ac.uk/vol1/srr/SRR308/080/SRR30825780/SRR30825780	NA	PAIRED	NA	NA	NA	NA	NA	NA	NA	NA	NA	dcc_compare	NA	NA	NA	NA	NA	NA	NA	NA	NA	NA	NA	public	NA	NA	fasp.sra.ebi.ac.uk:/vol1/fastq/SRR308/080/SRR30825780/SRR30825780_1.fastq.gz;fasp.sra.ebi.ac.uk:/vol1/fastq/SRR308/080/SRR30825780/SRR30825780_2.fastq.gz	1;131567;2;1783272;1239;91061;1385;90964;1279;1280	NA	NA	45e796-Wk18-Nasal	NA	2022-02-21	NA	NA	6d79cd_L001_R1_001.fastq.gz	NA	NA	NA	NA	NA	2022-02-21	45e796-Wk18-Nasal	NA	SUB14756112	NA	NA	NA	Homo sapiens	45e796-Wk18-Nasal	pathogen;pathogen:priority;pathogen:bacterium	2024-09-28	NA	NA	SRX26225186	Staphylococcus aureus	NA	1280	PRJNA1166327	NA	NA	NA	NA	NA	NA	Homo sapiens	NA	SRR30825780	SRS22766884	NA	NA	NA	NA	NA	NA	NA	NA	NA	NA	2024-09-28	NA	PRJNA1166327	NA	NA	NA	NA	NA	nasal
SRR30825803	Illumina MiSeq sequencing: Targeted AmpSeq of Staphylococcus aureus from human Oral swab, Wk12, subject id: 85b498	SAMN43965064	NA	SRA1981390	NA	NA	NA	NA	PCR	NA	NA	NA	NA	NA	2024-09-28	NA	NA	NA	NA	NA	NA	6403460	NA	NA	NA	NA	NA	NA	85b498-Wk12-Oral	2617997;3089933	ILLUMINA	NA	NA	NA	fasp.sra.ebi.ac.uk:/vol1/srr/SRR308/003/SRR30825803/SRR30825803	NA	NA	NA	NA	NA	NA	NA	NA	NA	NA	ftp.sra.ebi.ac.uk/vol1/fastq/SRR308/003/SRR30825803/SRR30825803_1.fastq.gz;ftp.sra.ebi.ac.uk/vol1/fastq/SRR308/003/SRR30825803/SRR30825803_2.fastq.gz	NA	NA	NA	NA	NA	NA	USA: Phoenix	Microbe, viral or environmental	85b498-Wk12-Oral	ftp.sra.ebi.ac.uk/vol1/srr/SRR308/003/SRR30825803/SRR30825803	NA	b6c4159187e86f80975cb6409f389285;7858457123475619a6155036da4bbaf7	SRP535378	NA	38263	Amplicon sequencing of Staphylococcus aureus from oral and nasal samples	NA	NA	NA	NA	NA	2022-01-10	NA	85b498-Wk12-Oral	NA	NA	NA	NA	Illumina MiSeq	NA	NA	NA	NA	NA	NA	Illumina MiSeq sequencing: Targeted AmpSeq of Staphylococcus aureus from human Oral swab, Wk12, subject id: 85b498	NA	NA	NA	9606	NA	NA	0d1e64aeac89b3e0d86928d9cc08384a	NA	ftp.sra.ebi.ac.uk/vol1/fastq/SRR308/003/SRR30825803/SRR30825803_1.fastq.gz;ftp.sra.ebi.ac.uk/vol1/fastq/SRR308/003/SRR30825803/SRR30825803_2.fastq.gz	NA	NA	NA	NA	11555426	AMPLICON	NA	NA	NA	NA	GENOMIC	ftp.sra.ebi.ac.uk/vol1/srr/SRR308/003/SRR30825803/SRR30825803	NA	PAIRED	NA	NA	NA	NA	NA	NA	NA	NA	NA	dcc_compare	NA	NA	NA	NA	NA	NA	NA	NA	NA	NA	NA	public	NA	NA	fasp.sra.ebi.ac.uk:/vol1/fastq/SRR308/003/SRR30825803/SRR30825803_1.fastq.gz;fasp.sra.ebi.ac.uk:/vol1/fastq/SRR308/003/SRR30825803/SRR30825803_2.fastq.gz	1;131567;2;1783272;1239;91061;1385;90964;1279;1280	NA	NA	85b498-Wk12-Oral	NA	2022-01-10	NA	NA	5c1f47_L001_R1_001.fastq.gz	NA	NA	NA	NA	NA	2022-01-10	85b498-Wk12-Oral	NA	SUB14756112	NA	NA	NA	Homo sapiens	85b498-Wk12-Oral	pathogen;pathogen:priority;pathogen:bacterium	2024-09-28	NA	NA	SRX26225163	Staphylococcus aureus	NA	1280	PRJNA1166327	NA	NA	NA	NA	NA	NA	Homo sapiens	NA	SRR30825803	SRS22766861	NA	NA	NA	NA	NA	NA	NA	NA	NA	NA	2024-09-28	NA	PRJNA1166327	NA	NA	NA	NA	NA	Oral
SRR30825787	Illumina MiSeq sequencing: Targeted AmpSeq of Staphylococcus aureus from human Nasal swab, Wk26, subject id: 45e796	SAMN43965041	NA	SRA1981390	NA	NA	NA	NA	PCR	NA	NA	NA	NA	NA	2024-09-28	NA	NA	NA	NA	NA	NA	2918729	NA	NA	NA	NA	NA	NA	45e796-Wk26-Nasal	1131332;1183557	ILLUMINA	NA	NA	NA	fasp.sra.ebi.ac.uk:/vol1/srr/SRR308/087/SRR30825787/SRR30825787	NA	NA	NA	NA	NA	NA	NA	NA	NA	NA	ftp.sra.ebi.ac.uk/vol1/fastq/SRR308/087/SRR30825787/SRR30825787_1.fastq.gz;ftp.sra.ebi.ac.uk/vol1/fastq/SRR308/087/SRR30825787/SRR30825787_2.fastq.gz	NA	NA	NA	NA	NA	NA	USA: Phoenix	Microbe, viral or environmental	45e796-Wk26-Nasal	ftp.sra.ebi.ac.uk/vol1/srr/SRR308/087/SRR30825787/SRR30825787	NA	41733b4b5f7f8493753aaf2bb14513ac;f6cf832bcf6959f5fe00de8928088646	SRP535378	NA	20811	Amplicon sequencing of Staphylococcus aureus from oral and nasal samples	NA	NA	NA	NA	NA	2022-04-18	NA	45e796-Wk26-Nasal	NA	NA	NA	NA	Illumina MiSeq	NA	NA	NA	NA	NA	NA	Illumina MiSeq sequencing: Targeted AmpSeq of Staphylococcus aureus from human Nasal swab, Wk26, subject id: 45e796	NA	NA	NA	9606	NA	NA	017c013081d50202e23a4ceb04c9b88e	NA	ftp.sra.ebi.ac.uk/vol1/fastq/SRR308/087/SRR30825787/SRR30825787_1.fastq.gz;ftp.sra.ebi.ac.uk/vol1/fastq/SRR308/087/SRR30825787/SRR30825787_2.fastq.gz	NA	NA	NA	NA	6284922	AMPLICON	NA	NA	NA	NA	GENOMIC	ftp.sra.ebi.ac.uk/vol1/srr/SRR308/087/SRR30825787/SRR30825787	NA	PAIRED	NA	NA	NA	NA	NA	NA	NA	NA	NA	dcc_compare	NA	NA	NA	NA	NA	NA	NA	NA	NA	NA	NA	public	NA	NA	fasp.sra.ebi.ac.uk:/vol1/fastq/SRR308/087/SRR30825787/SRR30825787_1.fastq.gz;fasp.sra.ebi.ac.uk:/vol1/fastq/SRR308/087/SRR30825787/SRR30825787_2.fastq.gz	1;131567;2;1783272;1239;91061;1385;90964;1279;1280	NA	NA	45e796-Wk26-Nasal	NA	2022-04-17	NA	NA	85d6bf_L001_R1_001.fastq.gz	NA	NA	NA	NA	NA	2022-04-18	45e796-Wk26-Nasal	NA	SUB14756112	NA	NA	NA	Homo sapiens	45e796-Wk26-Nasal	pathogen;pathogen:priority;pathogen:bacterium	2024-09-28	NA	NA	SRX26225179	Staphylococcus aureus	NA	1280	PRJNA1166327	NA	NA	NA	NA	NA	NA	Homo sapiens	NA	SRR30825787	SRS22766877	NA	NA	NA	NA	NA	NA	NA	NA	NA	NA	2024-09-28	NA	PRJNA1166327	NA	NA	NA	NA	NA	nasal
SRR30825781	Illumina MiSeq sequencing: Targeted AmpSeq of Staphylococcus aureus from human Nasal swab, Wk12, subject id: 45e796	SAMN43965046	NA	SRA1981390	NA	NA	NA	NA	PCR	NA	NA	NA	NA	NA	2024-09-28	NA	NA	NA	NA	NA	NA	5258202	NA	NA	NA	NA	NA	NA	45e796-Wk12-Nasal	2114675;2278980	ILLUMINA	NA	NA	NA	fasp.sra.ebi.ac.uk:/vol1/srr/SRR308/081/SRR30825781/SRR30825781	NA	NA	NA	NA	NA	NA	NA	NA	NA	NA	ftp.sra.ebi.ac.uk/vol1/fastq/SRR308/081/SRR30825781/SRR30825781_1.fastq.gz;ftp.sra.ebi.ac.uk/vol1/fastq/SRR308/081/SRR30825781/SRR30825781_2.fastq.gz	NA	NA	NA	NA	NA	NA	USA: Phoenix	Microbe, viral or environmental	45e796-Wk12-Nasal	ftp.sra.ebi.ac.uk/vol1/srr/SRR308/081/SRR30825781/SRR30825781	NA	a64444148de52c49b99e34f59915652b;13974b04d45fe54b5ac37bc74e4721bf	SRP535378	NA	35520	Amplicon sequencing of Staphylococcus aureus from oral and nasal samples	NA	NA	NA	NA	NA	2022-01-10	NA	45e796-Wk12-Nasal	NA	NA	NA	NA	Illumina MiSeq	NA	NA	NA	NA	NA	NA	Illumina MiSeq sequencing: Targeted AmpSeq of Staphylococcus aureus from human Nasal swab, Wk12, subject id: 45e796	NA	NA	NA	9606	NA	NA	ecd59d35a4334d307d60a543b289fb0c	NA	ftp.sra.ebi.ac.uk/vol1/fastq/SRR308/081/SRR30825781/SRR30825781_1.fastq.gz;ftp.sra.ebi.ac.uk/vol1/fastq/SRR308/081/SRR30825781/SRR30825781_2.fastq.gz	NA	NA	NA	NA	10727040	AMPLICON	NA	NA	NA	NA	GENOMIC	ftp.sra.ebi.ac.uk/vol1/srr/SRR308/081/SRR30825781/SRR30825781	NA	PAIRED	NA	NA	NA	NA	NA	NA	NA	NA	NA	dcc_compare	NA	NA	NA	NA	NA	NA	NA	NA	NA	NA	NA	public	NA	NA	fasp.sra.ebi.ac.uk:/vol1/fastq/SRR308/081/SRR30825781/SRR30825781_1.fastq.gz;fasp.sra.ebi.ac.uk:/vol1/fastq/SRR308/081/SRR30825781/SRR30825781_2.fastq.gz	1;131567;2;1783272;1239;91061;1385;90964;1279;1280	NA	NA	45e796-Wk12-Nasal	NA	2022-01-10	NA	NA	24b9a6_L001_R1_001.fastq.gz	NA	NA	NA	NA	NA	2022-01-10	45e796-Wk12-Nasal	NA	SUB14756112	NA	NA	NA	Homo sapiens	45e796-Wk12-Nasal	pathogen;pathogen:priority;pathogen:bacterium	2024-09-28	NA	NA	SRX26225185	Staphylococcus aureus	NA	1280	PRJNA1166327	NA	NA	NA	NA	NA	NA	Homo sapiens	NA	SRR30825781	SRS22766885	NA	NA	NA	NA	NA	NA	NA	NA	NA	NA	2024-09-28	NA	PRJNA1166327	NA	NA	NA	NA	NA	nasal
SRR30825812	Illumina MiSeq sequencing: Targeted AmpSeq of Staphylococcus aureus from human Oral swab, Wk18, subject id: ff60b4	SAMN43965034	NA	SRA1981390	NA	NA	NA	NA	PCR	NA	NA	NA	NA	NA	2024-09-28	NA	NA	NA	NA	NA	NA	13676054	NA	NA	NA	NA	NA	NA	ff60b4-Wk18-Oral	5466621;6716208	ILLUMINA	NA	NA	NA	fasp.sra.ebi.ac.uk:/vol1/srr/SRR308/012/SRR30825812/SRR30825812	NA	NA	NA	NA	NA	NA	NA	NA	NA	NA	ftp.sra.ebi.ac.uk/vol1/fastq/SRR308/012/SRR30825812/SRR30825812_1.fastq.gz;ftp.sra.ebi.ac.uk/vol1/fastq/SRR308/012/SRR30825812/SRR30825812_2.fastq.gz	NA	NA	NA	NA	NA	NA	USA: Phoenix	Microbe, viral or environmental	ff60b4-Wk18-Oral	ftp.sra.ebi.ac.uk/vol1/srr/SRR308/012/SRR30825812/SRR30825812	NA	4eccddbd05f397db572d5c4b0c84db12;7254f4ae743bd92393cb2a508a7f45c2	SRP535378	NA	79005	Amplicon sequencing of Staphylococcus aureus from oral and nasal samples	NA	NA	NA	NA	NA	2022-02-21	NA	ff60b4-Wk18-Oral	NA	NA	NA	NA	Illumina MiSeq	NA	NA	NA	NA	NA	NA	Illumina MiSeq sequencing: Targeted AmpSeq of Staphylococcus aureus from human Oral swab, Wk18, subject id: ff60b4	NA	NA	NA	9606	NA	NA	15aaee3b36081d05705bfd8c5d1d477e	NA	ftp.sra.ebi.ac.uk/vol1/fastq/SRR308/012/SRR30825812/SRR30825812_1.fastq.gz;ftp.sra.ebi.ac.uk/vol1/fastq/SRR308/012/SRR30825812/SRR30825812_2.fastq.gz	NA	NA	NA	NA	23859510	AMPLICON	NA	NA	NA	NA	GENOMIC	ftp.sra.ebi.ac.uk/vol1/srr/SRR308/012/SRR30825812/SRR30825812	NA	PAIRED	NA	NA	NA	NA	NA	NA	NA	NA	NA	dcc_compare	NA	NA	NA	NA	NA	NA	NA	NA	NA	NA	NA	public	NA	NA	fasp.sra.ebi.ac.uk:/vol1/fastq/SRR308/012/SRR30825812/SRR30825812_1.fastq.gz;fasp.sra.ebi.ac.uk:/vol1/fastq/SRR308/012/SRR30825812/SRR30825812_2.fastq.gz	1;131567;2;1783272;1239;91061;1385;90964;1279;1280	NA	NA	ff60b4-Wk18-Oral	NA	2022-02-21	NA	NA	7be396_L001_R1_001.fastq.gz	NA	NA	NA	NA	NA	2022-02-21	ff60b4-Wk18-Oral	NA	SUB14756112	NA	NA	NA	Homo sapiens	ff60b4-Wk18-Oral	pathogen;pathogen:priority;pathogen:bacterium	2024-09-28	NA	NA	SRX26225154	Staphylococcus aureus	NA	1280	PRJNA1166327	NA	NA	NA	NA	NA	NA	Homo sapiens	NA	SRR30825812	SRS22766852	NA	NA	NA	NA	NA	NA	NA	NA	NA	NA	2024-09-28	NA	PRJNA1166327	NA	NA	NA	NA	NA	Oral
SRR30825790	Illumina MiSeq sequencing: Targeted AmpSeq of Staphylococcus aureus from human Nasal swab, Wk20, subject id: 403ab1	SAMN43965038	NA	SRA1981390	NA	NA	NA	NA	PCR	NA	NA	NA	NA	NA	2024-09-28	NA	NA	NA	NA	NA	NA	7223857	NA	NA	NA	NA	NA	NA	403ab1-Wk20-Nasal	2858464;3055810	ILLUMINA	NA	NA	NA	fasp.sra.ebi.ac.uk:/vol1/srr/SRR308/090/SRR30825790/SRR30825790	NA	NA	NA	NA	NA	NA	NA	NA	NA	NA	ftp.sra.ebi.ac.uk/vol1/fastq/SRR308/090/SRR30825790/SRR30825790_1.fastq.gz;ftp.sra.ebi.ac.uk/vol1/fastq/SRR308/090/SRR30825790/SRR30825790_2.fastq.gz	NA	NA	NA	NA	NA	NA	USA: Phoenix	Microbe, viral or environmental	403ab1-Wk20-Nasal	ftp.sra.ebi.ac.uk/vol1/srr/SRR308/090/SRR30825790/SRR30825790	NA	4fda8e18da262685a3816fada96dcdfc;bdd91dfd692e5ab298b18d3f652e8927	SRP535378	NA	50521	Amplicon sequencing of Staphylococcus aureus from oral and nasal samples	NA	NA	NA	NA	NA	2022-03-07	NA	403ab1-Wk20-Nasal	NA	NA	NA	NA	Illumina MiSeq	NA	NA	NA	NA	NA	NA	Illumina MiSeq sequencing: Targeted AmpSeq of Staphylococcus aureus from human Nasal swab, Wk20, subject id: 403ab1	NA	NA	NA	9606	NA	NA	eb8cd2647b04772bdd2b29fbfa92fd65	NA	ftp.sra.ebi.ac.uk/vol1/fastq/SRR308/090/SRR30825790/SRR30825790_1.fastq.gz;ftp.sra.ebi.ac.uk/vol1/fastq/SRR308/090/SRR30825790/SRR30825790_2.fastq.gz	NA	NA	NA	NA	15257342	AMPLICON	NA	NA	NA	NA	GENOMIC	ftp.sra.ebi.ac.uk/vol1/srr/SRR308/090/SRR30825790/SRR30825790	NA	PAIRED	NA	NA	NA	NA	NA	NA	NA	NA	NA	dcc_compare	NA	NA	NA	NA	NA	NA	NA	NA	NA	NA	NA	public	NA	NA	fasp.sra.ebi.ac.uk:/vol1/fastq/SRR308/090/SRR30825790/SRR30825790_1.fastq.gz;fasp.sra.ebi.ac.uk:/vol1/fastq/SRR308/090/SRR30825790/SRR30825790_2.fastq.gz	1;131567;2;1783272;1239;91061;1385;90964;1279;1280	NA	NA	403ab1-Wk20-Nasal	NA	2022-03-07	NA	NA	b43f73_L001_R1_001.fastq.gz	NA	NA	NA	NA	NA	2022-03-07	403ab1-Wk20-Nasal	NA	SUB14756112	NA	NA	NA	Homo sapiens	403ab1-Wk20-Nasal	pathogen;pathogen:priority;pathogen:bacterium	2024-09-28	NA	NA	SRX26225176	Staphylococcus aureus	NA	1280	PRJNA1166327	NA	NA	NA	NA	NA	NA	Homo sapiens	NA	SRR30825790	SRS22766874	NA	NA	NA	NA	NA	NA	NA	NA	NA	NA	2024-09-28	NA	PRJNA1166327	NA	NA	NA	NA	NA	nasal
SRR30825783	Illumina MiSeq sequencing: Targeted AmpSeq of Staphylococcus aureus from human Nasal swab, Wk30, subject id: 45e796	SAMN43965044	NA	SRA1981390	NA	NA	NA	NA	PCR	NA	NA	NA	NA	NA	2024-09-28	NA	NA	NA	NA	NA	NA	3349437	NA	NA	NA	NA	NA	NA	45e796-Wk30-Nasal	1262353;1315244	ILLUMINA	NA	NA	NA	fasp.sra.ebi.ac.uk:/vol1/srr/SRR308/083/SRR30825783/SRR30825783	NA	NA	NA	NA	NA	NA	NA	NA	NA	NA	ftp.sra.ebi.ac.uk/vol1/fastq/SRR308/083/SRR30825783/SRR30825783_1.fastq.gz;ftp.sra.ebi.ac.uk/vol1/fastq/SRR308/083/SRR30825783/SRR30825783_2.fastq.gz	NA	NA	NA	NA	NA	NA	USA: Phoenix	Microbe, viral or environmental	45e796-Wk30-Nasal	ftp.sra.ebi.ac.uk/vol1/srr/SRR308/083/SRR30825783/SRR30825783	NA	fe94b627e992e1a1a588597c1eb48a22;50b88b50863272a3717671d9b2fa9ed5	SRP535378	NA	24591	Amplicon sequencing of Staphylococcus aureus from oral and nasal samples	NA	NA	NA	NA	NA	2022-05-16	NA	45e796-Wk30-Nasal	NA	NA	NA	NA	Illumina MiSeq	NA	NA	NA	NA	NA	NA	Illumina MiSeq sequencing: Targeted AmpSeq of Staphylococcus aureus from human Nasal swab, Wk30, subject id: 45e796	NA	NA	NA	9606	NA	NA	da24438f7f0ac48a81cba2930fc2091e	NA	ftp.sra.ebi.ac.uk/vol1/fastq/SRR308/083/SRR30825783/SRR30825783_1.fastq.gz;ftp.sra.ebi.ac.uk/vol1/fastq/SRR308/083/SRR30825783/SRR30825783_2.fastq.gz	NA	NA	NA	NA	7426482	AMPLICON	NA	NA	NA	NA	GENOMIC	ftp.sra.ebi.ac.uk/vol1/srr/SRR308/083/SRR30825783/SRR30825783	NA	PAIRED	NA	NA	NA	NA	NA	NA	NA	NA	NA	dcc_compare	NA	NA	NA	NA	NA	NA	NA	NA	NA	NA	NA	public	NA	NA	fasp.sra.ebi.ac.uk:/vol1/fastq/SRR308/083/SRR30825783/SRR30825783_1.fastq.gz;fasp.sra.ebi.ac.uk:/vol1/fastq/SRR308/083/SRR30825783/SRR30825783_2.fastq.gz	1;131567;2;1783272;1239;91061;1385;90964;1279;1280	NA	NA	45e796-Wk30-Nasal	NA	2022-05-15	NA	NA	190cf5_L001_R1_001.fastq.gz	NA	NA	NA	NA	NA	2022-05-16	45e796-Wk30-Nasal	NA	SUB14756112	NA	NA	NA	Homo sapiens	45e796-Wk30-Nasal	pathogen;pathogen:priority;pathogen:bacterium	2024-09-28	NA	NA	SRX26225183	Staphylococcus aureus	NA	1280	PRJNA1166327	NA	NA	NA	NA	NA	NA	Homo sapiens	NA	SRR30825783	SRS22766881	NA	NA	NA	NA	NA	NA	NA	NA	NA	NA	2024-09-28	NA	PRJNA1166327	NA	NA	NA	NA	NA	nasal
SRR30825819	Illumina MiSeq sequencing: Targeted AmpSeq of Staphylococcus aureus from human Nasal swab, Wk12, subject id: ff60b4	SAMN43965028	NA	SRA1981390	NA	NA	NA	NA	PCR	NA	NA	NA	NA	NA	2024-09-28	NA	NA	NA	NA	NA	NA	11558727	NA	NA	NA	NA	NA	NA	ff60b4-Wk12-Nasal	4759599;5494265	ILLUMINA	NA	NA	NA	fasp.sra.ebi.ac.uk:/vol1/srr/SRR308/019/SRR30825819/SRR30825819	NA	NA	NA	NA	NA	NA	NA	NA	NA	NA	ftp.sra.ebi.ac.uk/vol1/fastq/SRR308/019/SRR30825819/SRR30825819_1.fastq.gz;ftp.sra.ebi.ac.uk/vol1/fastq/SRR308/019/SRR30825819/SRR30825819_2.fastq.gz	NA	NA	NA	NA	NA	NA	USA: Phoenix	Microbe, viral or environmental	ff60b4-Wk12-Nasal	ftp.sra.ebi.ac.uk/vol1/srr/SRR308/019/SRR30825819/SRR30825819	NA	5b5a62ef4cc8ad4a35b42d8fd143cd85;b14eeda25e567812893f74798e36f0a2	SRP535378	NA	68975	Amplicon sequencing of Staphylococcus aureus from oral and nasal samples	NA	NA	NA	NA	NA	2022-01-10	NA	ff60b4-Wk12-Nasal	NA	NA	NA	NA	Illumina MiSeq	NA	NA	NA	NA	NA	NA	Illumina MiSeq sequencing: Targeted AmpSeq of Staphylococcus aureus from human Nasal swab, Wk12, subject id: ff60b4	NA	NA	NA	9606	NA	NA	0e90a71a184f1d4c50d88fa43764323e	NA	ftp.sra.ebi.ac.uk/vol1/fastq/SRR308/019/SRR30825819/SRR30825819_1.fastq.gz;ftp.sra.ebi.ac.uk/vol1/fastq/SRR308/019/SRR30825819/SRR30825819_2.fastq.gz	NA	NA	NA	NA	20830450	AMPLICON	NA	NA	NA	NA	GENOMIC	ftp.sra.ebi.ac.uk/vol1/srr/SRR308/019/SRR30825819/SRR30825819	NA	PAIRED	NA	NA	NA	NA	NA	NA	NA	NA	NA	dcc_compare	NA	NA	NA	NA	NA	NA	NA	NA	NA	NA	NA	public	NA	NA	fasp.sra.ebi.ac.uk:/vol1/fastq/SRR308/019/SRR30825819/SRR30825819_1.fastq.gz;fasp.sra.ebi.ac.uk:/vol1/fastq/SRR308/019/SRR30825819/SRR30825819_2.fastq.gz	1;131567;2;1783272;1239;91061;1385;90964;1279;1280	NA	NA	ff60b4-Wk12-Nasal	NA	2022-01-10	NA	NA	7e97d1_L001_R1_001.fastq.gz	NA	NA	NA	NA	NA	2022-01-10	ff60b4-Wk12-Nasal	NA	SUB14756112	NA	NA	NA	Homo sapiens	ff60b4-Wk12-Nasal	pathogen;pathogen:priority;pathogen:bacterium	2024-09-28	NA	NA	SRX26225147	Staphylococcus aureus	NA	1280	PRJNA1166327	NA	NA	NA	NA	NA	NA	Homo sapiens	NA	SRR30825819	SRS22766844	NA	NA	NA	NA	NA	NA	NA	NA	NA	NA	2024-09-28	NA	PRJNA1166327	NA	NA	NA	NA	NA	nasal
SRR30825798	Illumina MiSeq sequencing: Targeted AmpSeq of Staphylococcus aureus from human Nasal swab, Wk12, subject id: c2cd80	SAMN43965069	NA	SRA1981390	NA	NA	NA	NA	PCR	NA	NA	NA	NA	NA	2024-09-28	NA	NA	NA	NA	NA	NA	9877232	NA	NA	NA	NA	NA	NA	c2cd80-Wk12-Nasal	3873864;4459274	ILLUMINA	NA	NA	NA	fasp.sra.ebi.ac.uk:/vol1/srr/SRR308/098/SRR30825798/SRR30825798	NA	NA	NA	NA	NA	NA	NA	NA	NA	NA	ftp.sra.ebi.ac.uk/vol1/fastq/SRR308/098/SRR30825798/SRR30825798_1.fastq.gz;ftp.sra.ebi.ac.uk/vol1/fastq/SRR308/098/SRR30825798/SRR30825798_2.fastq.gz	NA	NA	NA	NA	NA	NA	USA: Phoenix	Microbe, viral or environmental	c2cd80-Wk12-Nasal	ftp.sra.ebi.ac.uk/vol1/srr/SRR308/098/SRR30825798/SRR30825798	NA	07c07da9c40ac2b88ba80767f0b392c2;6dcdef058def558adc8d7701fe8c4be7	SRP535378	NA	64150	Amplicon sequencing of Staphylococcus aureus from oral and nasal samples	NA	NA	NA	NA	NA	2022-01-11	NA	c2cd80-Wk12-Nasal	NA	NA	NA	NA	Illumina MiSeq	NA	NA	NA	NA	NA	NA	Illumina MiSeq sequencing: Targeted AmpSeq of Staphylococcus aureus from human Nasal swab, Wk12, subject id: c2cd80	NA	NA	NA	9606	NA	NA	04f0d42eec0db7bf04b36f6655cae362	NA	ftp.sra.ebi.ac.uk/vol1/fastq/SRR308/098/SRR30825798/SRR30825798_1.fastq.gz;ftp.sra.ebi.ac.uk/vol1/fastq/SRR308/098/SRR30825798/SRR30825798_2.fastq.gz	NA	NA	NA	NA	19373300	AMPLICON	NA	NA	NA	NA	GENOMIC	ftp.sra.ebi.ac.uk/vol1/srr/SRR308/098/SRR30825798/SRR30825798	NA	PAIRED	NA	NA	NA	NA	NA	NA	NA	NA	NA	dcc_compare	NA	NA	NA	NA	NA	NA	NA	NA	NA	NA	NA	public	NA	NA	fasp.sra.ebi.ac.uk:/vol1/fastq/SRR308/098/SRR30825798/SRR30825798_1.fastq.gz;fasp.sra.ebi.ac.uk:/vol1/fastq/SRR308/098/SRR30825798/SRR30825798_2.fastq.gz	1;131567;2;1783272;1239;91061;1385;90964;1279;1280	NA	NA	c2cd80-Wk12-Nasal	NA	2022-01-11	NA	NA	5642fb_L001_R1_001.fastq.gz	NA	NA	NA	NA	NA	2022-01-11	c2cd80-Wk12-Nasal	NA	SUB14756112	NA	NA	NA	Homo sapiens	c2cd80-Wk12-Nasal	pathogen;pathogen:priority;pathogen:bacterium	2024-09-28	NA	NA	SRX26225168	Staphylococcus aureus	NA	1280	PRJNA1166327	NA	NA	NA	NA	NA	NA	Homo sapiens	NA	SRR30825798	SRS22766866	NA	NA	NA	NA	NA	NA	NA	NA	NA	NA	2024-09-28	NA	PRJNA1166327	NA	NA	NA	NA	NA	nasal
SRR30825784	Illumina MiSeq sequencing: Targeted AmpSeq of Staphylococcus aureus from human Nasal swab, Wk14, subject id: 45e796	SAMN43965043	NA	SRA1981390	NA	NA	NA	NA	PCR	NA	NA	NA	NA	NA	2024-09-28	NA	NA	NA	NA	NA	NA	4647464	NA	NA	NA	NA	NA	NA	45e796-Wk14-Nasal	1871852;2089816	ILLUMINA	NA	NA	NA	fasp.sra.ebi.ac.uk:/vol1/srr/SRR308/084/SRR30825784/SRR30825784	NA	NA	NA	NA	NA	NA	NA	NA	NA	NA	ftp.sra.ebi.ac.uk/vol1/fastq/SRR308/084/SRR30825784/SRR30825784_1.fastq.gz;ftp.sra.ebi.ac.uk/vol1/fastq/SRR308/084/SRR30825784/SRR30825784_2.fastq.gz	NA	NA	NA	NA	NA	NA	USA: Phoenix	Microbe, viral or environmental	45e796-Wk14-Nasal	ftp.sra.ebi.ac.uk/vol1/srr/SRR308/084/SRR30825784/SRR30825784	NA	0b681b184d2cccabbcbdb74791b6b906;ae9e76eb64e5d3e8a6cad0ef5524680c	SRP535378	NA	30007	Amplicon sequencing of Staphylococcus aureus from oral and nasal samples	NA	NA	NA	NA	NA	2022-01-24	NA	45e796-Wk14-Nasal	NA	NA	NA	NA	Illumina MiSeq	NA	NA	NA	NA	NA	NA	Illumina MiSeq sequencing: Targeted AmpSeq of Staphylococcus aureus from human Nasal swab, Wk14, subject id: 45e796	NA	NA	NA	9606	NA	NA	11a6b9d4463da751ddf74291667fc30b	NA	ftp.sra.ebi.ac.uk/vol1/fastq/SRR308/084/SRR30825784/SRR30825784_1.fastq.gz;ftp.sra.ebi.ac.uk/vol1/fastq/SRR308/084/SRR30825784/SRR30825784_2.fastq.gz	NA	NA	NA	NA	9062114	AMPLICON	NA	NA	NA	NA	GENOMIC	ftp.sra.ebi.ac.uk/vol1/srr/SRR308/084/SRR30825784/SRR30825784	NA	PAIRED	NA	NA	NA	NA	NA	NA	NA	NA	NA	dcc_compare	NA	NA	NA	NA	NA	NA	NA	NA	NA	NA	NA	public	NA	NA	fasp.sra.ebi.ac.uk:/vol1/fastq/SRR308/084/SRR30825784/SRR30825784_1.fastq.gz;fasp.sra.ebi.ac.uk:/vol1/fastq/SRR308/084/SRR30825784/SRR30825784_2.fastq.gz	1;131567;2;1783272;1239;91061;1385;90964;1279;1280	NA	NA	45e796-Wk14-Nasal	NA	2022-01-24	NA	NA	41f27b_L001_R1_001.fastq.gz	NA	NA	NA	NA	NA	2022-01-24	45e796-Wk14-Nasal	NA	SUB14756112	NA	NA	NA	Homo sapiens	45e796-Wk14-Nasal	pathogen;pathogen:priority;pathogen:bacterium	2024-09-28	NA	NA	SRX26225182	Staphylococcus aureus	NA	1280	PRJNA1166327	NA	NA	NA	NA	NA	NA	Homo sapiens	NA	SRR30825784	SRS22766880	NA	NA	NA	NA	NA	NA	NA	NA	NA	NA	2024-09-28	NA	PRJNA1166327	NA	NA	NA	NA	NA	nasal
SRR30825820	Illumina MiSeq sequencing: Targeted AmpSeq of Staphylococcus aureus from human Nasal swab, Wk14, subject id: ff60b4	SAMN43965027	NA	SRA1981390	NA	NA	NA	NA	PCR	NA	NA	NA	NA	NA	2024-09-28	NA	NA	NA	NA	NA	NA	6220704	NA	NA	NA	NA	NA	NA	ff60b4-Wk14-Nasal	2504619;2969456	ILLUMINA	NA	NA	NA	fasp.sra.ebi.ac.uk:/vol1/srr/SRR308/020/SRR30825820/SRR30825820	NA	NA	NA	NA	NA	NA	NA	NA	NA	NA	ftp.sra.ebi.ac.uk/vol1/fastq/SRR308/020/SRR30825820/SRR30825820_1.fastq.gz;ftp.sra.ebi.ac.uk/vol1/fastq/SRR308/020/SRR30825820/SRR30825820_2.fastq.gz	NA	NA	NA	NA	NA	NA	USA: Phoenix	Microbe, viral or environmental	ff60b4-Wk14-Nasal	ftp.sra.ebi.ac.uk/vol1/srr/SRR308/020/SRR30825820/SRR30825820	NA	f469dbe090e9dda4a67588875a67cfe3;2e7d533b05ed18584f55beb565a338a5	SRP535378	NA	35877	Amplicon sequencing of Staphylococcus aureus from oral and nasal samples	NA	NA	NA	NA	NA	2022-01-24	NA	ff60b4-Wk14-Nasal	NA	NA	NA	NA	Illumina MiSeq	NA	NA	NA	NA	NA	NA	Illumina MiSeq sequencing: Targeted AmpSeq of Staphylococcus aureus from human Nasal swab, Wk14, subject id: ff60b4	NA	NA	NA	9606	NA	NA	d7494a2cb2ae617cde6e30f201041243	NA	ftp.sra.ebi.ac.uk/vol1/fastq/SRR308/020/SRR30825820/SRR30825820_1.fastq.gz;ftp.sra.ebi.ac.uk/vol1/fastq/SRR308/020/SRR30825820/SRR30825820_2.fastq.gz	NA	NA	NA	NA	10834854	AMPLICON	NA	NA	NA	NA	GENOMIC	ftp.sra.ebi.ac.uk/vol1/srr/SRR308/020/SRR30825820/SRR30825820	NA	PAIRED	NA	NA	NA	NA	NA	NA	NA	NA	NA	dcc_compare	NA	NA	NA	NA	NA	NA	NA	NA	NA	NA	NA	public	NA	NA	fasp.sra.ebi.ac.uk:/vol1/fastq/SRR308/020/SRR30825820/SRR30825820_1.fastq.gz;fasp.sra.ebi.ac.uk:/vol1/fastq/SRR308/020/SRR30825820/SRR30825820_2.fastq.gz	1;131567;2;1783272;1239;91061;1385;90964;1279;1280	NA	NA	ff60b4-Wk14-Nasal	NA	2022-01-24	NA	NA	3002fe_L001_R1_001.fastq.gz	NA	NA	NA	NA	NA	2022-01-24	ff60b4-Wk14-Nasal	NA	SUB14756112	NA	NA	NA	Homo sapiens	ff60b4-Wk14-Nasal	pathogen;pathogen:priority;pathogen:bacterium	2024-09-28	NA	NA	SRX26225146	Staphylococcus aureus	NA	1280	PRJNA1166327	NA	NA	NA	NA	NA	NA	Homo sapiens	NA	SRR30825820	SRS22766843	NA	NA	NA	NA	NA	NA	NA	NA	NA	NA	2024-09-28	NA	PRJNA1166327	NA	NA	NA	NA	NA	nasal
SRR30825799	Illumina MiSeq sequencing: Targeted AmpSeq of Staphylococcus aureus from human Nasal swab, Wk18, subject id: c2cd80	SAMN43965068	NA	SRA1981390	NA	NA	NA	NA	PCR	NA	NA	NA	NA	NA	2024-09-28	NA	NA	NA	NA	NA	NA	7734162	NA	NA	NA	NA	NA	NA	c2cd80-Wk18-Nasal	3112377;3529737	ILLUMINA	NA	NA	NA	fasp.sra.ebi.ac.uk:/vol1/srr/SRR308/099/SRR30825799/SRR30825799	NA	NA	NA	NA	NA	NA	NA	NA	NA	NA	ftp.sra.ebi.ac.uk/vol1/fastq/SRR308/099/SRR30825799/SRR30825799_1.fastq.gz;ftp.sra.ebi.ac.uk/vol1/fastq/SRR308/099/SRR30825799/SRR30825799_2.fastq.gz	NA	NA	NA	NA	NA	NA	USA: Phoenix	Microbe, viral or environmental	c2cd80-Wk18-Nasal	ftp.sra.ebi.ac.uk/vol1/srr/SRR308/099/SRR30825799/SRR30825799	NA	5aa991f0fdc1b78ce1b8b16c8653ff43;4d1eadb7a8933c3b57eb0c97efe26806	SRP535378	NA	49937	Amplicon sequencing of Staphylococcus aureus from oral and nasal samples	NA	NA	NA	NA	NA	2022-02-08	NA	c2cd80-Wk18-Nasal	NA	NA	NA	NA	Illumina MiSeq	NA	NA	NA	NA	NA	NA	Illumina MiSeq sequencing: Targeted AmpSeq of Staphylococcus aureus from human Nasal swab, Wk18, subject id: c2cd80	NA	NA	NA	9606	NA	NA	934ee43474a4c80e3e2ca41d154f24c1	NA	ftp.sra.ebi.ac.uk/vol1/fastq/SRR308/099/SRR30825799/SRR30825799_1.fastq.gz;ftp.sra.ebi.ac.uk/vol1/fastq/SRR308/099/SRR30825799/SRR30825799_2.fastq.gz	NA	NA	NA	NA	15080974	AMPLICON	NA	NA	NA	NA	GENOMIC	ftp.sra.ebi.ac.uk/vol1/srr/SRR308/099/SRR30825799/SRR30825799	NA	PAIRED	NA	NA	NA	NA	NA	NA	NA	NA	NA	dcc_compare	NA	NA	NA	NA	NA	NA	NA	NA	NA	NA	NA	public	NA	NA	fasp.sra.ebi.ac.uk:/vol1/fastq/SRR308/099/SRR30825799/SRR30825799_1.fastq.gz;fasp.sra.ebi.ac.uk:/vol1/fastq/SRR308/099/SRR30825799/SRR30825799_2.fastq.gz	1;131567;2;1783272;1239;91061;1385;90964;1279;1280	NA	NA	c2cd80-Wk18-Nasal	NA	2022-02-08	NA	NA	36aef9_L001_R1_001.fastq.gz	NA	NA	NA	NA	NA	2022-02-08	c2cd80-Wk18-Nasal	NA	SUB14756112	NA	NA	NA	Homo sapiens	c2cd80-Wk18-Nasal	pathogen;pathogen:priority;pathogen:bacterium	2024-09-28	NA	NA	SRX26225167	Staphylococcus aureus	NA	1280	PRJNA1166327	NA	NA	NA	NA	NA	NA	Homo sapiens	NA	SRR30825799	SRS22766864	NA	NA	NA	NA	NA	NA	NA	NA	NA	NA	2024-09-28	NA	PRJNA1166327	NA	NA	NA	NA	NA	nasal
SRR30825786	Illumina MiSeq sequencing: Targeted AmpSeq of Staphylococcus aureus from human Oral swab, Wk20, subject id: 65a5e4	SAMN43965006	NA	SRA1981390	NA	NA	NA	NA	PCR	NA	NA	NA	NA	NA	2024-09-28	NA	NA	NA	NA	NA	NA	21104629	NA	NA	NA	NA	NA	NA	65a5e4-Wk20-Oral	8714514;9836076	ILLUMINA	NA	NA	NA	fasp.sra.ebi.ac.uk:/vol1/srr/SRR308/086/SRR30825786/SRR30825786	NA	NA	NA	NA	NA	NA	NA	NA	NA	NA	ftp.sra.ebi.ac.uk/vol1/fastq/SRR308/086/SRR30825786/SRR30825786_1.fastq.gz;ftp.sra.ebi.ac.uk/vol1/fastq/SRR308/086/SRR30825786/SRR30825786_2.fastq.gz	NA	NA	NA	NA	NA	NA	USA: Phoenix	Microbe, viral or environmental	65a5e4-Wk20-Oral	ftp.sra.ebi.ac.uk/vol1/srr/SRR308/086/SRR30825786/SRR30825786	NA	e8356427e71d0d9ad80416a3261bbac1;9ae20beebba7a737921060ca1eb1b81a	SRP535378	NA	124910	Amplicon sequencing of Staphylococcus aureus from oral and nasal samples	NA	NA	NA	NA	NA	2022-03-07	NA	65a5e4-Wk20-Oral	NA	NA	NA	NA	Illumina MiSeq	NA	NA	NA	NA	NA	NA	Illumina MiSeq sequencing: Targeted AmpSeq of Staphylococcus aureus from human Oral swab, Wk20, subject id: 65a5e4	NA	NA	NA	9606	NA	NA	f3a484f9cd780a863c4aec176fbc22df	NA	ftp.sra.ebi.ac.uk/vol1/fastq/SRR308/086/SRR30825786/SRR30825786_1.fastq.gz;ftp.sra.ebi.ac.uk/vol1/fastq/SRR308/086/SRR30825786/SRR30825786_2.fastq.gz	NA	NA	NA	NA	37722820	AMPLICON	NA	NA	NA	NA	GENOMIC	ftp.sra.ebi.ac.uk/vol1/srr/SRR308/086/SRR30825786/SRR30825786	NA	PAIRED	NA	NA	NA	NA	NA	NA	NA	NA	NA	dcc_compare	NA	NA	NA	NA	NA	NA	NA	NA	NA	NA	NA	public	NA	NA	fasp.sra.ebi.ac.uk:/vol1/fastq/SRR308/086/SRR30825786/SRR30825786_1.fastq.gz;fasp.sra.ebi.ac.uk:/vol1/fastq/SRR308/086/SRR30825786/SRR30825786_2.fastq.gz	1;131567;2;1783272;1239;91061;1385;90964;1279;1280	NA	NA	65a5e4-Wk20-Oral	NA	2022-03-07	NA	NA	9ac5b7_L001_R1_001.fastq.gz	NA	NA	NA	NA	NA	2022-03-07	65a5e4-Wk20-Oral	NA	SUB14756112	NA	NA	NA	Homo sapiens	65a5e4-Wk20-Oral	pathogen;pathogen:priority;pathogen:bacterium	2024-09-28	NA	NA	SRX26225180	Staphylococcus aureus	NA	1280	PRJNA1166327	NA	NA	NA	NA	NA	NA	Homo sapiens	NA	SRR30825786	SRS22766879	NA	NA	NA	NA	NA	NA	NA	NA	NA	NA	2024-09-28	NA	PRJNA1166327	NA	NA	NA	NA	NA	Oral
SRR30825824	Illumina MiSeq sequencing: Targeted AmpSeq of Staphylococcus aureus from human Nasal swab, Wk18, subject id: ff5b0b	SAMN43965023	NA	SRA1981390	NA	NA	NA	NA	PCR	NA	NA	NA	NA	NA	2024-09-28	NA	NA	NA	NA	NA	NA	5638944	NA	NA	NA	NA	NA	NA	ff5b0b-Wk18-Nasal	2158660;2289543	ILLUMINA	NA	NA	NA	fasp.sra.ebi.ac.uk:/vol1/srr/SRR308/024/SRR30825824/SRR30825824	NA	NA	NA	NA	NA	NA	NA	NA	NA	NA	ftp.sra.ebi.ac.uk/vol1/fastq/SRR308/024/SRR30825824/SRR30825824_1.fastq.gz;ftp.sra.ebi.ac.uk/vol1/fastq/SRR308/024/SRR30825824/SRR30825824_2.fastq.gz	NA	NA	NA	NA	NA	NA	USA: Phoenix	Microbe, viral or environmental	ff5b0b-Wk18-Nasal	ftp.sra.ebi.ac.uk/vol1/srr/SRR308/024/SRR30825824/SRR30825824	NA	10953a649f46956fd64c9921e8dde715;3c2631696fab239e70bfaf5fdf923c41	SRP535378	NA	40951	Amplicon sequencing of Staphylococcus aureus from oral and nasal samples	NA	NA	NA	NA	NA	2022-02-21	NA	ff5b0b-Wk18-Nasal	NA	NA	NA	NA	Illumina MiSeq	NA	NA	NA	NA	NA	NA	Illumina MiSeq sequencing: Targeted AmpSeq of Staphylococcus aureus from human Nasal swab, Wk18, subject id: ff5b0b	NA	NA	NA	9606	NA	NA	f8626ee5b484789acc50d45e5bdfa9c3	NA	ftp.sra.ebi.ac.uk/vol1/fastq/SRR308/024/SRR30825824/SRR30825824_1.fastq.gz;ftp.sra.ebi.ac.uk/vol1/fastq/SRR308/024/SRR30825824/SRR30825824_2.fastq.gz	NA	NA	NA	NA	12367202	AMPLICON	NA	NA	NA	NA	GENOMIC	ftp.sra.ebi.ac.uk/vol1/srr/SRR308/024/SRR30825824/SRR30825824	NA	PAIRED	NA	NA	NA	NA	NA	NA	NA	NA	NA	dcc_compare	NA	NA	NA	NA	NA	NA	NA	NA	NA	NA	NA	public	NA	NA	fasp.sra.ebi.ac.uk:/vol1/fastq/SRR308/024/SRR30825824/SRR30825824_1.fastq.gz;fasp.sra.ebi.ac.uk:/vol1/fastq/SRR308/024/SRR30825824/SRR30825824_2.fastq.gz	1;131567;2;1783272;1239;91061;1385;90964;1279;1280	NA	NA	ff5b0b-Wk18-Nasal	NA	2022-02-21	NA	NA	a188ff_L001_R1_001.fastq.gz	NA	NA	NA	NA	NA	2022-02-21	ff5b0b-Wk18-Nasal	NA	SUB14756112	NA	NA	NA	Homo sapiens	ff5b0b-Wk18-Nasal	pathogen;pathogen:priority;pathogen:bacterium	2024-09-28	NA	NA	SRX26225142	Staphylococcus aureus	NA	1280	PRJNA1166327	NA	NA	NA	NA	NA	NA	Homo sapiens	NA	SRR30825824	SRS22766842	NA	NA	NA	NA	NA	NA	NA	NA	NA	NA	2024-09-28	NA	PRJNA1166327	NA	NA	NA	NA	NA	nasal
SRR30825800	Illumina MiSeq sequencing: Targeted AmpSeq of Staphylococcus aureus from human Nasal swab, Wk16, subject id: c2cd80	SAMN43965067	NA	SRA1981390	NA	NA	NA	NA	PCR	NA	NA	NA	NA	NA	2024-09-28	NA	NA	NA	NA	NA	NA	8595070	NA	NA	NA	NA	NA	NA	c2cd80-Wk16-Nasal	3454938;4012778	ILLUMINA	NA	NA	NA	fasp.sra.ebi.ac.uk:/vol1/srr/SRR308/000/SRR30825800/SRR30825800	NA	NA	NA	NA	NA	NA	NA	NA	NA	NA	ftp.sra.ebi.ac.uk/vol1/fastq/SRR308/000/SRR30825800/SRR30825800_1.fastq.gz;ftp.sra.ebi.ac.uk/vol1/fastq/SRR308/000/SRR30825800/SRR30825800_2.fastq.gz	NA	NA	NA	NA	NA	NA	USA: Phoenix	Microbe, viral or environmental	c2cd80-Wk16-Nasal	ftp.sra.ebi.ac.uk/vol1/srr/SRR308/000/SRR30825800/SRR30825800	NA	c51904d04e4405fb249b7ff378a427ff;20034897834754205fb80fe386c8e961	SRP535378	NA	53778	Amplicon sequencing of Staphylococcus aureus from oral and nasal samples	NA	NA	NA	NA	NA	2022-01-25	NA	c2cd80-Wk16-Nasal	NA	NA	NA	NA	Illumina MiSeq	NA	NA	NA	NA	NA	NA	Illumina MiSeq sequencing: Targeted AmpSeq of Staphylococcus aureus from human Nasal swab, Wk16, subject id: c2cd80	NA	NA	NA	9606	NA	NA	caf9fcfec2023ffb03c1373c0e06ab24	NA	ftp.sra.ebi.ac.uk/vol1/fastq/SRR308/000/SRR30825800/SRR30825800_1.fastq.gz;ftp.sra.ebi.ac.uk/vol1/fastq/SRR308/000/SRR30825800/SRR30825800_2.fastq.gz	NA	NA	NA	NA	16240956	AMPLICON	NA	NA	NA	NA	GENOMIC	ftp.sra.ebi.ac.uk/vol1/srr/SRR308/000/SRR30825800/SRR30825800	NA	PAIRED	NA	NA	NA	NA	NA	NA	NA	NA	NA	dcc_compare	NA	NA	NA	NA	NA	NA	NA	NA	NA	NA	NA	public	NA	NA	fasp.sra.ebi.ac.uk:/vol1/fastq/SRR308/000/SRR30825800/SRR30825800_1.fastq.gz;fasp.sra.ebi.ac.uk:/vol1/fastq/SRR308/000/SRR30825800/SRR30825800_2.fastq.gz	1;131567;2;1783272;1239;91061;1385;90964;1279;1280	NA	NA	c2cd80-Wk16-Nasal	NA	2022-01-25	NA	NA	4d3bd8_L001_R1_001.fastq.gz	NA	NA	NA	NA	NA	2022-01-25	c2cd80-Wk16-Nasal	NA	SUB14756112	NA	NA	NA	Homo sapiens	c2cd80-Wk16-Nasal	pathogen;pathogen:priority;pathogen:bacterium	2024-09-28	NA	NA	SRX26225166	Staphylococcus aureus	NA	1280	PRJNA1166327	NA	NA	NA	NA	NA	NA	Homo sapiens	NA	SRR30825800	SRS22766865	NA	NA	NA	NA	NA	NA	NA	NA	NA	NA	2024-09-28	NA	PRJNA1166327	NA	NA	NA	NA	NA	nasal
SRR30825792	Illumina MiSeq sequencing: Targeted AmpSeq of Staphylococcus aureus from human Nasal swab, Wk16, subject id: 403ab1	SAMN43965036	NA	SRA1981390	NA	NA	NA	NA	PCR	NA	NA	NA	NA	NA	2024-09-28	NA	NA	NA	NA	NA	NA	4137274	NA	NA	NA	NA	NA	NA	403ab1-Wk16-Nasal	1632832;1718868	ILLUMINA	NA	NA	NA	fasp.sra.ebi.ac.uk:/vol1/srr/SRR308/092/SRR30825792/SRR30825792	NA	NA	NA	NA	NA	NA	NA	NA	NA	NA	ftp.sra.ebi.ac.uk/vol1/fastq/SRR308/092/SRR30825792/SRR30825792_1.fastq.gz;ftp.sra.ebi.ac.uk/vol1/fastq/SRR308/092/SRR30825792/SRR30825792_2.fastq.gz	NA	NA	NA	NA	NA	NA	USA: Phoenix	Microbe, viral or environmental	403ab1-Wk16-Nasal	ftp.sra.ebi.ac.uk/vol1/srr/SRR308/092/SRR30825792/SRR30825792	NA	dffe0e1cb832ba81d73d3d4ad348abd8;b3d1a34194856acdb76eaa6c4f7db4b5	SRP535378	NA	29074	Amplicon sequencing of Staphylococcus aureus from oral and nasal samples	NA	NA	NA	NA	NA	2022-02-07	NA	403ab1-Wk16-Nasal	NA	NA	NA	NA	Illumina MiSeq	NA	NA	NA	NA	NA	NA	Illumina MiSeq sequencing: Targeted AmpSeq of Staphylococcus aureus from human Nasal swab, Wk16, subject id: 403ab1	NA	NA	NA	9606	NA	NA	976b778b8f3706a3aed35ad2b8795dce	NA	ftp.sra.ebi.ac.uk/vol1/fastq/SRR308/092/SRR30825792/SRR30825792_1.fastq.gz;ftp.sra.ebi.ac.uk/vol1/fastq/SRR308/092/SRR30825792/SRR30825792_2.fastq.gz	NA	NA	NA	NA	8780348	AMPLICON	NA	NA	NA	NA	GENOMIC	ftp.sra.ebi.ac.uk/vol1/srr/SRR308/092/SRR30825792/SRR30825792	NA	PAIRED	NA	NA	NA	NA	NA	NA	NA	NA	NA	dcc_compare	NA	NA	NA	NA	NA	NA	NA	NA	NA	NA	NA	public	NA	NA	fasp.sra.ebi.ac.uk:/vol1/fastq/SRR308/092/SRR30825792/SRR30825792_1.fastq.gz;fasp.sra.ebi.ac.uk:/vol1/fastq/SRR308/092/SRR30825792/SRR30825792_2.fastq.gz	1;131567;2;1783272;1239;91061;1385;90964;1279;1280	NA	NA	403ab1-Wk16-Nasal	NA	2022-02-07	NA	NA	e399d7_L001_R1_001.fastq.gz	NA	NA	NA	NA	NA	2022-02-07	403ab1-Wk16-Nasal	NA	SUB14756112	NA	NA	NA	Homo sapiens	403ab1-Wk16-Nasal	pathogen;pathogen:priority;pathogen:bacterium	2024-09-28	NA	NA	SRX26225174	Staphylococcus aureus	NA	1280	PRJNA1166327	NA	NA	NA	NA	NA	NA	Homo sapiens	NA	SRR30825792	SRS22766873	NA	NA	NA	NA	NA	NA	NA	NA	NA	NA	2024-09-28	NA	PRJNA1166327	NA	NA	NA	NA	NA	nasal
SRR30825828	Illumina MiSeq sequencing: Targeted AmpSeq of Staphylococcus aureus from human Nasal swab, Wk30, subject id: ff5b0b	SAMN43965020	NA	SRA1981390	NA	NA	NA	NA	PCR	NA	NA	NA	NA	NA	2024-09-28	NA	NA	NA	NA	NA	NA	4795658	NA	NA	NA	NA	NA	NA	ff5b0b-Wk30-Nasal	1809932;1931682	ILLUMINA	NA	NA	NA	fasp.sra.ebi.ac.uk:/vol1/srr/SRR308/028/SRR30825828/SRR30825828	NA	NA	NA	NA	NA	NA	NA	NA	NA	NA	ftp.sra.ebi.ac.uk/vol1/fastq/SRR308/028/SRR30825828/SRR30825828_1.fastq.gz;ftp.sra.ebi.ac.uk/vol1/fastq/SRR308/028/SRR30825828/SRR30825828_2.fastq.gz	NA	NA	NA	NA	NA	NA	USA: Phoenix	Microbe, viral or environmental	ff5b0b-Wk30-Nasal	ftp.sra.ebi.ac.uk/vol1/srr/SRR308/028/SRR30825828/SRR30825828	NA	518b92f351e2cc95c4f709e47a51a498;43b4f129beec29cb280383caca9f8001	SRP535378	NA	35048	Amplicon sequencing of Staphylococcus aureus from oral and nasal samples	NA	NA	NA	NA	NA	2022-05-16	NA	ff5b0b-Wk30-Nasal	NA	NA	NA	NA	Illumina MiSeq	NA	NA	NA	NA	NA	NA	Illumina MiSeq sequencing: Targeted AmpSeq of Staphylococcus aureus from human Nasal swab, Wk30, subject id: ff5b0b	NA	NA	NA	9606	NA	NA	1f542196746b880061590d885859d087	NA	ftp.sra.ebi.ac.uk/vol1/fastq/SRR308/028/SRR30825828/SRR30825828_1.fastq.gz;ftp.sra.ebi.ac.uk/vol1/fastq/SRR308/028/SRR30825828/SRR30825828_2.fastq.gz	NA	NA	NA	NA	10584496	AMPLICON	NA	NA	NA	NA	GENOMIC	ftp.sra.ebi.ac.uk/vol1/srr/SRR308/028/SRR30825828/SRR30825828	NA	PAIRED	NA	NA	NA	NA	NA	NA	NA	NA	NA	dcc_compare	NA	NA	NA	NA	NA	NA	NA	NA	NA	NA	NA	public	NA	NA	fasp.sra.ebi.ac.uk:/vol1/fastq/SRR308/028/SRR30825828/SRR30825828_1.fastq.gz;fasp.sra.ebi.ac.uk:/vol1/fastq/SRR308/028/SRR30825828/SRR30825828_2.fastq.gz	1;131567;2;1783272;1239;91061;1385;90964;1279;1280	NA	NA	ff5b0b-Wk30-Nasal	NA	2022-05-15	NA	NA	93eab2_L001_R1_001.fastq.gz	NA	NA	NA	NA	NA	2022-05-16	ff5b0b-Wk30-Nasal	NA	SUB14756112	NA	NA	NA	Homo sapiens	ff5b0b-Wk30-Nasal	pathogen;pathogen:priority;pathogen:bacterium	2024-09-28	NA	NA	SRX26225138	Staphylococcus aureus	NA	1280	PRJNA1166327	NA	NA	NA	NA	NA	NA	Homo sapiens	NA	SRR30825828	SRS22766838	NA	NA	NA	NA	NA	NA	NA	NA	NA	NA	2024-09-28	NA	PRJNA1166327	NA	NA	NA	NA	NA	nasal
SRR30825801	Illumina MiSeq sequencing: Targeted AmpSeq of Staphylococcus aureus from human Nasal swab, Wk14, subject id: c2cd80	SAMN43965066	NA	SRA1981390	NA	NA	NA	NA	PCR	NA	NA	NA	NA	NA	2024-09-28	NA	NA	NA	NA	NA	NA	5540167	NA	NA	NA	NA	NA	NA	c2cd80-Wk14-Nasal	2208985;2545553	ILLUMINA	NA	NA	NA	fasp.sra.ebi.ac.uk:/vol1/srr/SRR308/001/SRR30825801/SRR30825801	NA	NA	NA	NA	NA	NA	NA	NA	NA	NA	ftp.sra.ebi.ac.uk/vol1/fastq/SRR308/001/SRR30825801/SRR30825801_1.fastq.gz;ftp.sra.ebi.ac.uk/vol1/fastq/SRR308/001/SRR30825801/SRR30825801_2.fastq.gz	NA	NA	NA	NA	NA	NA	USA: Phoenix	Microbe, viral or environmental	c2cd80-Wk14-Nasal	ftp.sra.ebi.ac.uk/vol1/srr/SRR308/001/SRR30825801/SRR30825801	NA	3cdcfe04ba2525c1b641274e09144164;cd57c097913cc25db025a1af88a8eaec	SRP535378	NA	35474	Amplicon sequencing of Staphylococcus aureus from oral and nasal samples	NA	NA	NA	NA	NA	2022-01-25	NA	c2cd80-Wk14-Nasal	NA	NA	NA	NA	Illumina MiSeq	NA	NA	NA	NA	NA	NA	Illumina MiSeq sequencing: Targeted AmpSeq of Staphylococcus aureus from human Nasal swab, Wk14, subject id: c2cd80	NA	NA	NA	9606	NA	NA	596c0ab44443750ae33692c2eb8a2823	NA	ftp.sra.ebi.ac.uk/vol1/fastq/SRR308/001/SRR30825801/SRR30825801_1.fastq.gz;ftp.sra.ebi.ac.uk/vol1/fastq/SRR308/001/SRR30825801/SRR30825801_2.fastq.gz	NA	NA	NA	NA	10713148	AMPLICON	NA	NA	NA	NA	GENOMIC	ftp.sra.ebi.ac.uk/vol1/srr/SRR308/001/SRR30825801/SRR30825801	NA	PAIRED	NA	NA	NA	NA	NA	NA	NA	NA	NA	dcc_compare	NA	NA	NA	NA	NA	NA	NA	NA	NA	NA	NA	public	NA	NA	fasp.sra.ebi.ac.uk:/vol1/fastq/SRR308/001/SRR30825801/SRR30825801_1.fastq.gz;fasp.sra.ebi.ac.uk:/vol1/fastq/SRR308/001/SRR30825801/SRR30825801_2.fastq.gz	1;131567;2;1783272;1239;91061;1385;90964;1279;1280	NA	NA	c2cd80-Wk14-Nasal	NA	2022-01-25	NA	NA	8f2bef_L001_R1_001.fastq.gz	NA	NA	NA	NA	NA	2022-01-25	c2cd80-Wk14-Nasal	NA	SUB14756112	NA	NA	NA	Homo sapiens	c2cd80-Wk14-Nasal	pathogen;pathogen:priority;pathogen:bacterium	2024-09-28	NA	NA	SRX26225165	Staphylococcus aureus	NA	1280	PRJNA1166327	NA	NA	NA	NA	NA	NA	Homo sapiens	NA	SRR30825801	SRS22766863	NA	NA	NA	NA	NA	NA	NA	NA	NA	NA	2024-09-28	NA	PRJNA1166327	NA	NA	NA	NA	NA	nasal
SRR30825793	Illumina MiSeq sequencing: Targeted AmpSeq of Staphylococcus aureus from human Nasal swab, Wk12, subject id: 403ab1	SAMN43965035	NA	SRA1981390	NA	NA	NA	NA	PCR	NA	NA	NA	NA	NA	2024-09-28	NA	NA	NA	NA	NA	NA	3488573	NA	NA	NA	NA	NA	NA	403ab1-Wk12-Nasal	1352476;1411516	ILLUMINA	NA	NA	NA	fasp.sra.ebi.ac.uk:/vol1/srr/SRR308/093/SRR30825793/SRR30825793	NA	NA	NA	NA	NA	NA	NA	NA	NA	NA	ftp.sra.ebi.ac.uk/vol1/fastq/SRR308/093/SRR30825793/SRR30825793_1.fastq.gz;ftp.sra.ebi.ac.uk/vol1/fastq/SRR308/093/SRR30825793/SRR30825793_2.fastq.gz	NA	NA	NA	NA	NA	NA	USA: Phoenix	Microbe, viral or environmental	403ab1-Wk12-Nasal	ftp.sra.ebi.ac.uk/vol1/srr/SRR308/093/SRR30825793/SRR30825793	NA	2a324540b1ccb159e2f0e233d1dd0a00;c74792e5585c09878cd82fba837762d6	SRP535378	NA	24593	Amplicon sequencing of Staphylococcus aureus from oral and nasal samples	NA	NA	NA	NA	NA	2022-01-10	NA	403ab1-Wk12-Nasal	NA	NA	NA	NA	Illumina MiSeq	NA	NA	NA	NA	NA	NA	Illumina MiSeq sequencing: Targeted AmpSeq of Staphylococcus aureus from human Nasal swab, Wk12, subject id: 403ab1	NA	NA	NA	9606	NA	NA	aee156c09e286d68acf172e5ef30a9b8	NA	ftp.sra.ebi.ac.uk/vol1/fastq/SRR308/093/SRR30825793/SRR30825793_1.fastq.gz;ftp.sra.ebi.ac.uk/vol1/fastq/SRR308/093/SRR30825793/SRR30825793_2.fastq.gz	NA	NA	NA	NA	7427086	AMPLICON	NA	NA	NA	NA	GENOMIC	ftp.sra.ebi.ac.uk/vol1/srr/SRR308/093/SRR30825793/SRR30825793	NA	PAIRED	NA	NA	NA	NA	NA	NA	NA	NA	NA	dcc_compare	NA	NA	NA	NA	NA	NA	NA	NA	NA	NA	NA	public	NA	NA	fasp.sra.ebi.ac.uk:/vol1/fastq/SRR308/093/SRR30825793/SRR30825793_1.fastq.gz;fasp.sra.ebi.ac.uk:/vol1/fastq/SRR308/093/SRR30825793/SRR30825793_2.fastq.gz	1;131567;2;1783272;1239;91061;1385;90964;1279;1280	NA	NA	403ab1-Wk12-Nasal	NA	2022-01-10	NA	NA	6681b1_L001_R1_001.fastq.gz	NA	NA	NA	NA	NA	2022-01-10	403ab1-Wk12-Nasal	NA	SUB14756112	NA	NA	NA	Homo sapiens	403ab1-Wk12-Nasal	pathogen;pathogen:priority;pathogen:bacterium	2024-09-28	NA	NA	SRX26225173	Staphylococcus aureus	NA	1280	PRJNA1166327	NA	NA	NA	NA	NA	NA	Homo sapiens	NA	SRR30825793	SRS22766871	NA	NA	NA	NA	NA	NA	NA	NA	NA	NA	2024-09-28	NA	PRJNA1166327	NA	NA	NA	NA	NA	nasal
SRR30825834	Illumina MiSeq sequencing: Targeted AmpSeq of Staphylococcus aureus from human Nasal swab, Wk12, subject id: cf90c5	SAMN43965014	NA	SRA1981390	NA	NA	NA	NA	PCR	NA	NA	NA	NA	NA	2024-09-28	NA	NA	NA	NA	NA	NA	5658262	NA	NA	NA	NA	NA	NA	cf90c5-Wk12-Nasal	2315780;2578126	ILLUMINA	NA	NA	NA	fasp.sra.ebi.ac.uk:/vol1/srr/SRR308/034/SRR30825834/SRR30825834	NA	NA	NA	NA	NA	NA	NA	NA	NA	NA	ftp.sra.ebi.ac.uk/vol1/fastq/SRR308/034/SRR30825834/SRR30825834_1.fastq.gz;ftp.sra.ebi.ac.uk/vol1/fastq/SRR308/034/SRR30825834/SRR30825834_2.fastq.gz	NA	NA	NA	NA	NA	NA	USA: Phoenix	Microbe, viral or environmental	cf90c5-Wk12-Nasal	ftp.sra.ebi.ac.uk/vol1/srr/SRR308/034/SRR30825834/SRR30825834	NA	0e131682090567c140368753a375f724;1878f6288f670ca1d813aa98067e1ed8	SRP535378	NA	36155	Amplicon sequencing of Staphylococcus aureus from oral and nasal samples	NA	NA	NA	NA	NA	2022-01-10	NA	cf90c5-Wk12-Nasal	NA	NA	NA	NA	Illumina MiSeq	NA	NA	NA	NA	NA	NA	Illumina MiSeq sequencing: Targeted AmpSeq of Staphylococcus aureus from human Nasal swab, Wk12, subject id: cf90c5	NA	NA	NA	9606	NA	NA	16ce36d5c4d3c7b668546a953ecfaeb1	NA	ftp.sra.ebi.ac.uk/vol1/fastq/SRR308/034/SRR30825834/SRR30825834_1.fastq.gz;ftp.sra.ebi.ac.uk/vol1/fastq/SRR308/034/SRR30825834/SRR30825834_2.fastq.gz	NA	NA	NA	NA	10918810	AMPLICON	NA	NA	NA	NA	GENOMIC	ftp.sra.ebi.ac.uk/vol1/srr/SRR308/034/SRR30825834/SRR30825834	NA	PAIRED	NA	NA	NA	NA	NA	NA	NA	NA	NA	dcc_compare	NA	NA	NA	NA	NA	NA	NA	NA	NA	NA	NA	public	NA	NA	fasp.sra.ebi.ac.uk:/vol1/fastq/SRR308/034/SRR30825834/SRR30825834_1.fastq.gz;fasp.sra.ebi.ac.uk:/vol1/fastq/SRR308/034/SRR30825834/SRR30825834_2.fastq.gz	1;131567;2;1783272;1239;91061;1385;90964;1279;1280	NA	NA	cf90c5-Wk12-Nasal	NA	2022-01-10	NA	NA	19747f_L001_R1_001.fastq.gz	NA	NA	NA	NA	NA	2022-01-10	cf90c5-Wk12-Nasal	NA	SUB14756112	NA	NA	NA	Homo sapiens	cf90c5-Wk12-Nasal	pathogen;pathogen:priority;pathogen:bacterium	2024-09-28	NA	NA	SRX26225132	Staphylococcus aureus	NA	1280	PRJNA1166327	NA	NA	NA	NA	NA	NA	Homo sapiens	NA	SRR30825834	SRS22766829	NA	NA	NA	NA	NA	NA	NA	NA	NA	NA	2024-09-28	NA	PRJNA1166327	NA	NA	NA	NA	NA	nasal
SRR30825804	Illumina MiSeq sequencing: Targeted AmpSeq of Staphylococcus aureus from human Oral swab, Wk24, subject id: 85b498	SAMN43965063	NA	SRA1981390	NA	NA	NA	NA	PCR	NA	NA	NA	NA	NA	2024-09-28	NA	NA	NA	NA	NA	NA	6314793	NA	NA	NA	NA	NA	NA	85b498-Wk24-Oral	2665098;2902566	ILLUMINA	NA	NA	NA	fasp.sra.ebi.ac.uk:/vol1/srr/SRR308/004/SRR30825804/SRR30825804	NA	NA	NA	NA	NA	NA	NA	NA	NA	NA	ftp.sra.ebi.ac.uk/vol1/fastq/SRR308/004/SRR30825804/SRR30825804_1.fastq.gz;ftp.sra.ebi.ac.uk/vol1/fastq/SRR308/004/SRR30825804/SRR30825804_2.fastq.gz	NA	NA	NA	NA	NA	NA	USA: Phoenix	Microbe, viral or environmental	85b498-Wk24-Oral	ftp.sra.ebi.ac.uk/vol1/srr/SRR308/004/SRR30825804/SRR30825804	NA	97f8591df22ab6d93380828adb31cfa9;33fa9b8bead9a78966dd93f504944287	SRP535378	NA	38675	Amplicon sequencing of Staphylococcus aureus from oral and nasal samples	NA	NA	NA	NA	NA	2022-04-04	NA	85b498-Wk24-Oral	NA	NA	NA	NA	Illumina MiSeq	NA	NA	NA	NA	NA	NA	Illumina MiSeq sequencing: Targeted AmpSeq of Staphylococcus aureus from human Oral swab, Wk24, subject id: 85b498	NA	NA	NA	9606	NA	NA	5b07255b2a39abcabc3530b414637174	NA	ftp.sra.ebi.ac.uk/vol1/fastq/SRR308/004/SRR30825804/SRR30825804_1.fastq.gz;ftp.sra.ebi.ac.uk/vol1/fastq/SRR308/004/SRR30825804/SRR30825804_2.fastq.gz	NA	NA	NA	NA	11679850	AMPLICON	NA	NA	NA	NA	GENOMIC	ftp.sra.ebi.ac.uk/vol1/srr/SRR308/004/SRR30825804/SRR30825804	NA	PAIRED	NA	NA	NA	NA	NA	NA	NA	NA	NA	dcc_compare	NA	NA	NA	NA	NA	NA	NA	NA	NA	NA	NA	public	NA	NA	fasp.sra.ebi.ac.uk:/vol1/fastq/SRR308/004/SRR30825804/SRR30825804_1.fastq.gz;fasp.sra.ebi.ac.uk:/vol1/fastq/SRR308/004/SRR30825804/SRR30825804_2.fastq.gz	1;131567;2;1783272;1239;91061;1385;90964;1279;1280	NA	NA	85b498-Wk24-Oral	NA	2022-04-03	NA	NA	c6ca1c_L001_R1_001.fastq.gz	NA	NA	NA	NA	NA	2022-04-04	85b498-Wk24-Oral	NA	SUB14756112	NA	NA	NA	Homo sapiens	85b498-Wk24-Oral	pathogen;pathogen:priority;pathogen:bacterium	2024-09-28	NA	NA	SRX26225162	Staphylococcus aureus	NA	1280	PRJNA1166327	NA	NA	NA	NA	NA	NA	Homo sapiens	NA	SRR30825804	SRS22766862	NA	NA	NA	NA	NA	NA	NA	NA	NA	NA	2024-09-28	NA	PRJNA1166327	NA	NA	NA	NA	NA	Oral
SRR30825796	Illumina MiSeq sequencing: Targeted AmpSeq of Staphylococcus aureus from human Nasal swab, Wk14, subject id: 729bcb	SAMN43965009	NA	SRA1981390	NA	NA	NA	NA	PCR	NA	NA	NA	NA	NA	2024-09-28	NA	NA	NA	NA	NA	NA	7418029	NA	NA	NA	NA	NA	NA	729bcb-Wk14-Nasal	3051030;3529523	ILLUMINA	NA	NA	NA	fasp.sra.ebi.ac.uk:/vol1/srr/SRR308/096/SRR30825796/SRR30825796	NA	NA	NA	NA	NA	NA	NA	NA	NA	NA	ftp.sra.ebi.ac.uk/vol1/fastq/SRR308/096/SRR30825796/SRR30825796_1.fastq.gz;ftp.sra.ebi.ac.uk/vol1/fastq/SRR308/096/SRR30825796/SRR30825796_2.fastq.gz	NA	NA	NA	NA	NA	NA	USA: Phoenix	Microbe, viral or environmental	729bcb-Wk14-Nasal	ftp.sra.ebi.ac.uk/vol1/srr/SRR308/096/SRR30825796/SRR30825796	NA	356a20e3b85eaf5c26def09422c568f4;b4fe81867403b271b3595c0dc27e07e0	SRP535378	NA	43908	Amplicon sequencing of Staphylococcus aureus from oral and nasal samples	NA	NA	NA	NA	NA	2022-01-24	NA	729bcb-Wk14-Nasal	NA	NA	NA	NA	Illumina MiSeq	NA	NA	NA	NA	NA	NA	Illumina MiSeq sequencing: Targeted AmpSeq of Staphylococcus aureus from human Nasal swab, Wk14, subject id: 729bcb	NA	NA	NA	9606	NA	NA	2d7a58c3041d08606e1610e2da1ee0f3	NA	ftp.sra.ebi.ac.uk/vol1/fastq/SRR308/096/SRR30825796/SRR30825796_1.fastq.gz;ftp.sra.ebi.ac.uk/vol1/fastq/SRR308/096/SRR30825796/SRR30825796_2.fastq.gz	NA	NA	NA	NA	13260216	AMPLICON	NA	NA	NA	NA	GENOMIC	ftp.sra.ebi.ac.uk/vol1/srr/SRR308/096/SRR30825796/SRR30825796	NA	PAIRED	NA	NA	NA	NA	NA	NA	NA	NA	NA	dcc_compare	NA	NA	NA	NA	NA	NA	NA	NA	NA	NA	NA	public	NA	NA	fasp.sra.ebi.ac.uk:/vol1/fastq/SRR308/096/SRR30825796/SRR30825796_1.fastq.gz;fasp.sra.ebi.ac.uk:/vol1/fastq/SRR308/096/SRR30825796/SRR30825796_2.fastq.gz	1;131567;2;1783272;1239;91061;1385;90964;1279;1280	NA	NA	729bcb-Wk14-Nasal	NA	2022-01-24	NA	NA	b67e38_L001_R1_001.fastq.gz	NA	NA	NA	NA	NA	2022-01-24	729bcb-Wk14-Nasal	NA	SUB14756112	NA	NA	NA	Homo sapiens	729bcb-Wk14-Nasal	pathogen;pathogen:priority;pathogen:bacterium	2024-09-28	NA	NA	SRX26225170	Staphylococcus aureus	NA	1280	PRJNA1166327	NA	NA	NA	NA	NA	NA	Homo sapiens	NA	SRR30825796	SRS22766869	NA	NA	NA	NA	NA	NA	NA	NA	NA	NA	2024-09-28	NA	PRJNA1166327	NA	NA	NA	NA	NA	nasal
SRR30825836	Illumina MiSeq sequencing: Targeted AmpSeq of Staphylococcus aureus from human Nasal swab, Wk12, subject id: 729bcb	SAMN43965012	NA	SRA1981390	NA	NA	NA	NA	PCR	NA	NA	NA	NA	NA	2024-09-28	NA	NA	NA	NA	NA	NA	17847938	NA	NA	NA	NA	NA	NA	729bcb-Wk12-Nasal	7372327;8345683	ILLUMINA	NA	NA	NA	fasp.sra.ebi.ac.uk:/vol1/srr/SRR308/036/SRR30825836/SRR30825836	NA	NA	NA	NA	NA	NA	NA	NA	NA	NA	ftp.sra.ebi.ac.uk/vol1/fastq/SRR308/036/SRR30825836/SRR30825836_1.fastq.gz;ftp.sra.ebi.ac.uk/vol1/fastq/SRR308/036/SRR30825836/SRR30825836_2.fastq.gz	NA	NA	NA	NA	NA	NA	USA: Phoenix	Microbe, viral or environmental	729bcb-Wk12-Nasal	ftp.sra.ebi.ac.uk/vol1/srr/SRR308/036/SRR30825836/SRR30825836	NA	787dbde5602794f9d743c5597f5d94f4;b4d4f003fddcb0eaa2f6c98c648d215d	SRP535378	NA	106576	Amplicon sequencing of Staphylococcus aureus from oral and nasal samples	NA	NA	NA	NA	NA	2022-01-10	NA	729bcb-Wk12-Nasal	NA	NA	NA	NA	Illumina MiSeq	NA	NA	NA	NA	NA	NA	Illumina MiSeq sequencing: Targeted AmpSeq of Staphylococcus aureus from human Nasal swab, Wk12, subject id: 729bcb	NA	NA	NA	9606	NA	NA	981d970fb0953d6d73bfb8709f58914f	NA	ftp.sra.ebi.ac.uk/vol1/fastq/SRR308/036/SRR30825836/SRR30825836_1.fastq.gz;ftp.sra.ebi.ac.uk/vol1/fastq/SRR308/036/SRR30825836/SRR30825836_2.fastq.gz	NA	NA	NA	NA	32185952	AMPLICON	NA	NA	NA	NA	GENOMIC	ftp.sra.ebi.ac.uk/vol1/srr/SRR308/036/SRR30825836/SRR30825836	NA	PAIRED	NA	NA	NA	NA	NA	NA	NA	NA	NA	dcc_compare	NA	NA	NA	NA	NA	NA	NA	NA	NA	NA	NA	public	NA	NA	fasp.sra.ebi.ac.uk:/vol1/fastq/SRR308/036/SRR30825836/SRR30825836_1.fastq.gz;fasp.sra.ebi.ac.uk:/vol1/fastq/SRR308/036/SRR30825836/SRR30825836_2.fastq.gz	1;131567;2;1783272;1239;91061;1385;90964;1279;1280	NA	NA	729bcb-Wk12-Nasal	NA	2022-01-10	NA	NA	8fae54_L001_R1_001.fastq.gz	NA	NA	NA	NA	NA	2022-01-10	729bcb-Wk12-Nasal	NA	SUB14756112	NA	NA	NA	Homo sapiens	729bcb-Wk12-Nasal	pathogen;pathogen:priority;pathogen:bacterium	2024-09-28	NA	NA	SRX26225130	Staphylococcus aureus	NA	1280	PRJNA1166327	NA	NA	NA	NA	NA	NA	Homo sapiens	NA	SRR30825836	SRS22766828	NA	NA	NA	NA	NA	NA	NA	NA	NA	NA	2024-09-28	NA	PRJNA1166327	NA	NA	NA	NA	NA	nasal
SRR30825805	Illumina MiSeq sequencing: Targeted AmpSeq of Staphylococcus aureus from human Oral swab, Wk16, subject id: 85b498	SAMN43965062	NA	SRA1981390	NA	NA	NA	NA	PCR	NA	NA	NA	NA	NA	2024-09-28	NA	NA	NA	NA	NA	NA	10912602	NA	NA	NA	NA	NA	NA	85b498-Wk16-Oral	4432510;5098956	ILLUMINA	NA	NA	NA	fasp.sra.ebi.ac.uk:/vol1/srr/SRR308/005/SRR30825805/SRR30825805	NA	NA	NA	NA	NA	NA	NA	NA	NA	NA	ftp.sra.ebi.ac.uk/vol1/fastq/SRR308/005/SRR30825805/SRR30825805_1.fastq.gz;ftp.sra.ebi.ac.uk/vol1/fastq/SRR308/005/SRR30825805/SRR30825805_2.fastq.gz	NA	NA	NA	NA	NA	NA	USA: Phoenix	Microbe, viral or environmental	85b498-Wk16-Oral	ftp.sra.ebi.ac.uk/vol1/srr/SRR308/005/SRR30825805/SRR30825805	NA	de112f82d8db9812549da766c5bd1842;c517805a0b3bad5f9638128566ad8e10	SRP535378	NA	64410	Amplicon sequencing of Staphylococcus aureus from oral and nasal samples	NA	NA	NA	NA	NA	2022-02-07	NA	85b498-Wk16-Oral	NA	NA	NA	NA	Illumina MiSeq	NA	NA	NA	NA	NA	NA	Illumina MiSeq sequencing: Targeted AmpSeq of Staphylococcus aureus from human Oral swab, Wk16, subject id: 85b498	NA	NA	NA	9606	NA	NA	48ec54bc720877e9ead23be6559c0a89	NA	ftp.sra.ebi.ac.uk/vol1/fastq/SRR308/005/SRR30825805/SRR30825805_1.fastq.gz;ftp.sra.ebi.ac.uk/vol1/fastq/SRR308/005/SRR30825805/SRR30825805_2.fastq.gz	NA	NA	NA	NA	19451820	AMPLICON	NA	NA	NA	NA	GENOMIC	ftp.sra.ebi.ac.uk/vol1/srr/SRR308/005/SRR30825805/SRR30825805	NA	PAIRED	NA	NA	NA	NA	NA	NA	NA	NA	NA	dcc_compare	NA	NA	NA	NA	NA	NA	NA	NA	NA	NA	NA	public	NA	NA	fasp.sra.ebi.ac.uk:/vol1/fastq/SRR308/005/SRR30825805/SRR30825805_1.fastq.gz;fasp.sra.ebi.ac.uk:/vol1/fastq/SRR308/005/SRR30825805/SRR30825805_2.fastq.gz	1;131567;2;1783272;1239;91061;1385;90964;1279;1280	NA	NA	85b498-Wk16-Oral	NA	2022-02-07	NA	NA	134508_L001_R1_001.fastq.gz	NA	NA	NA	NA	NA	2022-02-07	85b498-Wk16-Oral	NA	SUB14756112	NA	NA	NA	Homo sapiens	85b498-Wk16-Oral	pathogen;pathogen:priority;pathogen:bacterium	2024-09-28	NA	NA	SRX26225161	Staphylococcus aureus	NA	1280	PRJNA1166327	NA	NA	NA	NA	NA	NA	Homo sapiens	NA	SRR30825805	SRS22766858	NA	NA	NA	NA	NA	NA	NA	NA	NA	NA	2024-09-28	NA	PRJNA1166327	NA	NA	NA	NA	NA	Oral
SRR30825797	Illumina MiSeq sequencing: Targeted AmpSeq of Staphylococcus aureus from human Oral swab, Wk30, subject id: c2cd80	SAMN43965070	NA	SRA1981390	NA	NA	NA	NA	PCR	NA	NA	NA	NA	NA	2024-09-28	NA	NA	NA	NA	NA	NA	15186788	NA	NA	NA	NA	NA	NA	c2cd80-Wk30-Oral	6310464;7359823	ILLUMINA	NA	NA	NA	fasp.sra.ebi.ac.uk:/vol1/srr/SRR308/097/SRR30825797/SRR30825797	NA	NA	NA	NA	NA	NA	NA	NA	NA	NA	ftp.sra.ebi.ac.uk/vol1/fastq/SRR308/097/SRR30825797/SRR30825797_1.fastq.gz;ftp.sra.ebi.ac.uk/vol1/fastq/SRR308/097/SRR30825797/SRR30825797_2.fastq.gz	NA	NA	NA	NA	NA	NA	USA: Phoenix	Microbe, viral or environmental	c2cd80-Wk30-Oral	ftp.sra.ebi.ac.uk/vol1/srr/SRR308/097/SRR30825797/SRR30825797	NA	780ad5627e4437f74a062b9907810172;f9860756eb2a6958832a1a2cb067c1df	SRP535378	NA	90479	Amplicon sequencing of Staphylococcus aureus from oral and nasal samples	NA	NA	NA	NA	NA	2022-05-17	NA	c2cd80-Wk30-Oral	NA	NA	NA	NA	Illumina MiSeq	NA	NA	NA	NA	NA	NA	Illumina MiSeq sequencing: Targeted AmpSeq of Staphylococcus aureus from human Oral swab, Wk30, subject id: c2cd80	NA	NA	NA	9606	NA	NA	d10d466165caecbddf991a15507a6f4a	NA	ftp.sra.ebi.ac.uk/vol1/fastq/SRR308/097/SRR30825797/SRR30825797_1.fastq.gz;ftp.sra.ebi.ac.uk/vol1/fastq/SRR308/097/SRR30825797/SRR30825797_2.fastq.gz	NA	NA	NA	NA	27324658	AMPLICON	NA	NA	NA	NA	GENOMIC	ftp.sra.ebi.ac.uk/vol1/srr/SRR308/097/SRR30825797/SRR30825797	NA	PAIRED	NA	NA	NA	NA	NA	NA	NA	NA	NA	dcc_compare	NA	NA	NA	NA	NA	NA	NA	NA	NA	NA	NA	public	NA	NA	fasp.sra.ebi.ac.uk:/vol1/fastq/SRR308/097/SRR30825797/SRR30825797_1.fastq.gz;fasp.sra.ebi.ac.uk:/vol1/fastq/SRR308/097/SRR30825797/SRR30825797_2.fastq.gz	1;131567;2;1783272;1239;91061;1385;90964;1279;1280	NA	NA	c2cd80-Wk30-Oral	NA	2022-05-16	NA	NA	2d66ad_L001_R1_001.fastq.gz	NA	NA	NA	NA	NA	2022-05-17	c2cd80-Wk30-Oral	NA	SUB14756112	NA	NA	NA	Homo sapiens	c2cd80-Wk30-Oral	pathogen;pathogen:priority;pathogen:bacterium	2024-09-28	NA	NA	SRX26225169	Staphylococcus aureus	NA	1280	PRJNA1166327	NA	NA	NA	NA	NA	NA	Homo sapiens	NA	SRR30825797	SRS22766867	NA	NA	NA	NA	NA	NA	NA	NA	NA	NA	2024-09-28	NA	PRJNA1166327	NA	NA	NA	NA	NA	Oral
SRR30825806	Illumina MiSeq sequencing: Targeted AmpSeq of Staphylococcus aureus from human Oral swab, Wk14, subject id: 65a5e4	SAMN43965008	NA	SRA1981390	NA	NA	NA	NA	PCR	NA	NA	NA	NA	NA	2024-09-28	NA	NA	NA	NA	NA	NA	5946455	NA	NA	NA	NA	NA	NA	65a5e4-Wk14-Oral	2264790;2446112	ILLUMINA	NA	NA	NA	fasp.sra.ebi.ac.uk:/vol1/srr/SRR308/006/SRR30825806/SRR30825806	NA	NA	NA	NA	NA	NA	NA	NA	NA	NA	ftp.sra.ebi.ac.uk/vol1/fastq/SRR308/006/SRR30825806/SRR30825806_1.fastq.gz;ftp.sra.ebi.ac.uk/vol1/fastq/SRR308/006/SRR30825806/SRR30825806_2.fastq.gz	NA	NA	NA	NA	NA	NA	USA: Phoenix	Microbe, viral or environmental	65a5e4-Wk14-Oral	ftp.sra.ebi.ac.uk/vol1/srr/SRR308/006/SRR30825806/SRR30825806	NA	a83b6a6ccdd968bf9f69065b4237e9f9;48b0f6a5ded3ae6778f5645791ae7169	SRP535378	NA	42491	Amplicon sequencing of Staphylococcus aureus from oral and nasal samples	NA	NA	NA	NA	NA	2022-01-24	NA	65a5e4-Wk14-Oral	NA	NA	NA	NA	Illumina MiSeq	NA	NA	NA	NA	NA	NA	Illumina MiSeq sequencing: Targeted AmpSeq of Staphylococcus aureus from human Oral swab, Wk14, subject id: 65a5e4	NA	NA	NA	9606	NA	NA	e1a7e7ae7819103f89e74d45a22ee459	NA	ftp.sra.ebi.ac.uk/vol1/fastq/SRR308/006/SRR30825806/SRR30825806_1.fastq.gz;ftp.sra.ebi.ac.uk/vol1/fastq/SRR308/006/SRR30825806/SRR30825806_2.fastq.gz	NA	NA	NA	NA	12832282	AMPLICON	NA	NA	NA	NA	GENOMIC	ftp.sra.ebi.ac.uk/vol1/srr/SRR308/006/SRR30825806/SRR30825806	NA	PAIRED	NA	NA	NA	NA	NA	NA	NA	NA	NA	dcc_compare	NA	NA	NA	NA	NA	NA	NA	NA	NA	NA	NA	public	NA	NA	fasp.sra.ebi.ac.uk:/vol1/fastq/SRR308/006/SRR30825806/SRR30825806_1.fastq.gz;fasp.sra.ebi.ac.uk:/vol1/fastq/SRR308/006/SRR30825806/SRR30825806_2.fastq.gz	1;131567;2;1783272;1239;91061;1385;90964;1279;1280	NA	NA	65a5e4-Wk14-Oral	NA	2022-01-24	NA	NA	c06657_L001_R1_001.fastq.gz	NA	NA	NA	NA	NA	2022-01-24	65a5e4-Wk14-Oral	NA	SUB14756112	NA	NA	NA	Homo sapiens	65a5e4-Wk14-Oral	pathogen;pathogen:priority;pathogen:bacterium	2024-09-28	NA	NA	SRX26225160	Staphylococcus aureus	NA	1280	PRJNA1166327	NA	NA	NA	NA	NA	NA	Homo sapiens	NA	SRR30825806	SRS22766859	NA	NA	NA	NA	NA	NA	NA	NA	NA	NA	2024-09-28	NA	PRJNA1166327	NA	NA	NA	NA	NA	Oral
SRR30825802	Illumina MiSeq sequencing: Targeted AmpSeq of Staphylococcus aureus from human Oral swab, Wk14, subject id: 85b498	SAMN43965065	NA	SRA1981390	NA	NA	NA	NA	PCR	NA	NA	NA	NA	NA	2024-09-28	NA	NA	NA	NA	NA	NA	7956875	NA	NA	NA	NA	NA	NA	85b498-Wk14-Oral	3303887;3772911	ILLUMINA	NA	NA	NA	fasp.sra.ebi.ac.uk:/vol1/srr/SRR308/002/SRR30825802/SRR30825802	NA	NA	NA	NA	NA	NA	NA	NA	NA	NA	ftp.sra.ebi.ac.uk/vol1/fastq/SRR308/002/SRR30825802/SRR30825802_1.fastq.gz;ftp.sra.ebi.ac.uk/vol1/fastq/SRR308/002/SRR30825802/SRR30825802_2.fastq.gz	NA	NA	NA	NA	NA	NA	USA: Phoenix	Microbe, viral or environmental	85b498-Wk14-Oral	ftp.sra.ebi.ac.uk/vol1/srr/SRR308/002/SRR30825802/SRR30825802	NA	8f10398e11687ef7bd810b70a6456f65;4bc97114649ecf03d58f43a78a695ed4	SRP535378	NA	48301	Amplicon sequencing of Staphylococcus aureus from oral and nasal samples	NA	NA	NA	NA	NA	2022-01-24	NA	85b498-Wk14-Oral	NA	NA	NA	NA	Illumina MiSeq	NA	NA	NA	NA	NA	NA	Illumina MiSeq sequencing: Targeted AmpSeq of Staphylococcus aureus from human Oral swab, Wk14, subject id: 85b498	NA	NA	NA	9606	NA	NA	b2531b404c6cbc3b7216f33b4e71053b	NA	ftp.sra.ebi.ac.uk/vol1/fastq/SRR308/002/SRR30825802/SRR30825802_1.fastq.gz;ftp.sra.ebi.ac.uk/vol1/fastq/SRR308/002/SRR30825802/SRR30825802_2.fastq.gz	NA	NA	NA	NA	14586902	AMPLICON	NA	NA	NA	NA	GENOMIC	ftp.sra.ebi.ac.uk/vol1/srr/SRR308/002/SRR30825802/SRR30825802	NA	PAIRED	NA	NA	NA	NA	NA	NA	NA	NA	NA	dcc_compare	NA	NA	NA	NA	NA	NA	NA	NA	NA	NA	NA	public	NA	NA	fasp.sra.ebi.ac.uk:/vol1/fastq/SRR308/002/SRR30825802/SRR30825802_1.fastq.gz;fasp.sra.ebi.ac.uk:/vol1/fastq/SRR308/002/SRR30825802/SRR30825802_2.fastq.gz	1;131567;2;1783272;1239;91061;1385;90964;1279;1280	NA	NA	85b498-Wk14-Oral	NA	2022-01-24	NA	NA	015ff4_L001_R1_001.fastq.gz	NA	NA	NA	NA	NA	2022-01-24	85b498-Wk14-Oral	NA	SUB14756112	NA	NA	NA	Homo sapiens	85b498-Wk14-Oral	pathogen;pathogen:priority;pathogen:bacterium	2024-09-28	NA	NA	SRX26225164	Staphylococcus aureus	NA	1280	PRJNA1166327	NA	NA	NA	NA	NA	NA	Homo sapiens	NA	SRR30825802	SRS22766860	NA	NA	NA	NA	NA	NA	NA	NA	NA	NA	2024-09-28	NA	PRJNA1166327	NA	NA	NA	NA	NA	Oral
SRR30825808	Illumina MiSeq sequencing: Targeted AmpSeq of Staphylococcus aureus from human Oral swab, Wk18, subject id: 85b498	SAMN43965060	NA	SRA1981390	NA	NA	NA	NA	PCR	NA	NA	NA	NA	NA	2024-09-28	NA	NA	NA	NA	NA	NA	10847800	NA	NA	NA	NA	NA	NA	85b498-Wk18-Oral	4214351;5307022	ILLUMINA	NA	NA	NA	fasp.sra.ebi.ac.uk:/vol1/srr/SRR308/008/SRR30825808/SRR30825808	NA	NA	NA	NA	NA	NA	NA	NA	NA	NA	ftp.sra.ebi.ac.uk/vol1/fastq/SRR308/008/SRR30825808/SRR30825808_1.fastq.gz;ftp.sra.ebi.ac.uk/vol1/fastq/SRR308/008/SRR30825808/SRR30825808_2.fastq.gz	NA	NA	NA	NA	NA	NA	USA: Phoenix	Microbe, viral or environmental	85b498-Wk18-Oral	ftp.sra.ebi.ac.uk/vol1/srr/SRR308/008/SRR30825808/SRR30825808	NA	8565f7be2ea04a2c24c315f0819fc8f1;4b852494633068e92693ca9727f1dc34	SRP535378	NA	60829	Amplicon sequencing of Staphylococcus aureus from oral and nasal samples	NA	NA	NA	NA	NA	2022-02-21	NA	85b498-Wk18-Oral	NA	NA	NA	NA	Illumina MiSeq	NA	NA	NA	NA	NA	NA	Illumina MiSeq sequencing: Targeted AmpSeq of Staphylococcus aureus from human Oral swab, Wk18, subject id: 85b498	NA	NA	NA	9606	NA	NA	12f173f3d132f326a24053be03040bcb	NA	ftp.sra.ebi.ac.uk/vol1/fastq/SRR308/008/SRR30825808/SRR30825808_1.fastq.gz;ftp.sra.ebi.ac.uk/vol1/fastq/SRR308/008/SRR30825808/SRR30825808_2.fastq.gz	NA	NA	NA	NA	18370358	AMPLICON	NA	NA	NA	NA	GENOMIC	ftp.sra.ebi.ac.uk/vol1/srr/SRR308/008/SRR30825808/SRR30825808	NA	PAIRED	NA	NA	NA	NA	NA	NA	NA	NA	NA	dcc_compare	NA	NA	NA	NA	NA	NA	NA	NA	NA	NA	NA	public	NA	NA	fasp.sra.ebi.ac.uk:/vol1/fastq/SRR308/008/SRR30825808/SRR30825808_1.fastq.gz;fasp.sra.ebi.ac.uk:/vol1/fastq/SRR308/008/SRR30825808/SRR30825808_2.fastq.gz	1;131567;2;1783272;1239;91061;1385;90964;1279;1280	NA	NA	85b498-Wk18-Oral	NA	2022-02-21	NA	NA	44fff5_L001_R1_001.fastq.gz	NA	NA	NA	NA	NA	2022-02-21	85b498-Wk18-Oral	NA	SUB14756112	NA	NA	NA	Homo sapiens	85b498-Wk18-Oral	pathogen;pathogen:priority;pathogen:bacterium	2024-09-28	NA	NA	SRX26225158	Staphylococcus aureus	NA	1280	PRJNA1166327	NA	NA	NA	NA	NA	NA	Homo sapiens	NA	SRR30825808	SRS22766853	NA	NA	NA	NA	NA	NA	NA	NA	NA	NA	2024-09-28	NA	PRJNA1166327	NA	NA	NA	NA	NA	Oral
SRR30825811	Illumina MiSeq sequencing: Targeted AmpSeq of Staphylococcus aureus from human Nasal swab, Wk30, subject id: 85b498	SAMN43965057	NA	SRA1981390	NA	NA	NA	NA	PCR	NA	NA	NA	NA	NA	2024-09-28	NA	NA	NA	NA	NA	NA	5769394	NA	NA	NA	NA	NA	NA	85b498-Wk30-Nasal	2165900;2333555	ILLUMINA	NA	NA	NA	fasp.sra.ebi.ac.uk:/vol1/srr/SRR308/011/SRR30825811/SRR30825811	NA	NA	NA	NA	NA	NA	NA	NA	NA	NA	ftp.sra.ebi.ac.uk/vol1/fastq/SRR308/011/SRR30825811/SRR30825811_1.fastq.gz;ftp.sra.ebi.ac.uk/vol1/fastq/SRR308/011/SRR30825811/SRR30825811_2.fastq.gz	NA	NA	NA	NA	NA	NA	USA: Phoenix	Microbe, viral or environmental	85b498-Wk30-Nasal	ftp.sra.ebi.ac.uk/vol1/srr/SRR308/011/SRR30825811/SRR30825811	NA	73f8b8342a68b847515463dc333f3ec2;1147fddc5c911bc052a4e5be6ccb9405	SRP535378	NA	42173	Amplicon sequencing of Staphylococcus aureus from oral and nasal samples	NA	NA	NA	NA	NA	2022-05-16	NA	85b498-Wk30-Nasal	NA	NA	NA	NA	Illumina MiSeq	NA	NA	NA	NA	NA	NA	Illumina MiSeq sequencing: Targeted AmpSeq of Staphylococcus aureus from human Nasal swab, Wk30, subject id: 85b498	NA	NA	NA	9606	NA	NA	81ef961c4dc9302145e018c474f63aac	NA	ftp.sra.ebi.ac.uk/vol1/fastq/SRR308/011/SRR30825811/SRR30825811_1.fastq.gz;ftp.sra.ebi.ac.uk/vol1/fastq/SRR308/011/SRR30825811/SRR30825811_2.fastq.gz	NA	NA	NA	NA	12736246	AMPLICON	NA	NA	NA	NA	GENOMIC	ftp.sra.ebi.ac.uk/vol1/srr/SRR308/011/SRR30825811/SRR30825811	NA	PAIRED	NA	NA	NA	NA	NA	NA	NA	NA	NA	dcc_compare	NA	NA	NA	NA	NA	NA	NA	NA	NA	NA	NA	public	NA	NA	fasp.sra.ebi.ac.uk:/vol1/fastq/SRR308/011/SRR30825811/SRR30825811_1.fastq.gz;fasp.sra.ebi.ac.uk:/vol1/fastq/SRR308/011/SRR30825811/SRR30825811_2.fastq.gz	1;131567;2;1783272;1239;91061;1385;90964;1279;1280	NA	NA	85b498-Wk30-Nasal	NA	2022-05-15	NA	NA	d9860a_L001_R1_001.fastq.gz	NA	NA	NA	NA	NA	2022-05-16	85b498-Wk30-Nasal	NA	SUB14756112	NA	NA	NA	Homo sapiens	85b498-Wk30-Nasal	pathogen;pathogen:priority;pathogen:bacterium	2024-09-28	NA	NA	SRX26225155	Staphylococcus aureus	NA	1280	PRJNA1166327	NA	NA	NA	NA	NA	NA	Homo sapiens	NA	SRR30825811	SRS22766855	NA	NA	NA	NA	NA	NA	NA	NA	NA	NA	2024-09-28	NA	PRJNA1166327	NA	NA	NA	NA	NA	nasal
SRR30825807	Illumina MiSeq sequencing: Targeted AmpSeq of Staphylococcus aureus from human Oral swab, Wk28, subject id: 85b498	SAMN43965061	NA	SRA1981390	NA	NA	NA	NA	PCR	NA	NA	NA	NA	NA	2024-09-28	NA	NA	NA	NA	NA	NA	7647647	NA	NA	NA	NA	NA	NA	85b498-Wk28-Oral	3079946;3743824	ILLUMINA	NA	NA	NA	fasp.sra.ebi.ac.uk:/vol1/srr/SRR308/007/SRR30825807/SRR30825807	NA	NA	NA	NA	NA	NA	NA	NA	NA	NA	ftp.sra.ebi.ac.uk/vol1/fastq/SRR308/007/SRR30825807/SRR30825807_1.fastq.gz;ftp.sra.ebi.ac.uk/vol1/fastq/SRR308/007/SRR30825807/SRR30825807_2.fastq.gz	NA	NA	NA	NA	NA	NA	USA: Phoenix	Microbe, viral or environmental	85b498-Wk28-Oral	ftp.sra.ebi.ac.uk/vol1/srr/SRR308/007/SRR30825807/SRR30825807	NA	6c760af4cf1ba72a403abb46400d2c78;bdd6c4396e9fb2629603ffa1c078b819	SRP535378	NA	44139	Amplicon sequencing of Staphylococcus aureus from oral and nasal samples	NA	NA	NA	NA	NA	2022-05-02	NA	85b498-Wk28-Oral	NA	NA	NA	NA	Illumina MiSeq	NA	NA	NA	NA	NA	NA	Illumina MiSeq sequencing: Targeted AmpSeq of Staphylococcus aureus from human Oral swab, Wk28, subject id: 85b498	NA	NA	NA	9606	NA	NA	d8851a5a946af58d4f28a7f7bebdad3d	NA	ftp.sra.ebi.ac.uk/vol1/fastq/SRR308/007/SRR30825807/SRR30825807_1.fastq.gz;ftp.sra.ebi.ac.uk/vol1/fastq/SRR308/007/SRR30825807/SRR30825807_2.fastq.gz	NA	NA	NA	NA	13329978	AMPLICON	NA	NA	NA	NA	GENOMIC	ftp.sra.ebi.ac.uk/vol1/srr/SRR308/007/SRR30825807/SRR30825807	NA	PAIRED	NA	NA	NA	NA	NA	NA	NA	NA	NA	dcc_compare	NA	NA	NA	NA	NA	NA	NA	NA	NA	NA	NA	public	NA	NA	fasp.sra.ebi.ac.uk:/vol1/fastq/SRR308/007/SRR30825807/SRR30825807_1.fastq.gz;fasp.sra.ebi.ac.uk:/vol1/fastq/SRR308/007/SRR30825807/SRR30825807_2.fastq.gz	1;131567;2;1783272;1239;91061;1385;90964;1279;1280	NA	NA	85b498-Wk28-Oral	NA	2022-05-01	NA	NA	6a7231_L001_R1_001.fastq.gz	NA	NA	NA	NA	NA	2022-05-02	85b498-Wk28-Oral	NA	SUB14756112	NA	NA	NA	Homo sapiens	85b498-Wk28-Oral	pathogen;pathogen:priority;pathogen:bacterium	2024-09-28	NA	NA	SRX26225159	Staphylococcus aureus	NA	1280	PRJNA1166327	NA	NA	NA	NA	NA	NA	Homo sapiens	NA	SRR30825807	SRS22766857	NA	NA	NA	NA	NA	NA	NA	NA	NA	NA	2024-09-28	NA	PRJNA1166327	NA	NA	NA	NA	NA	Oral
SRR30825814	Illumina MiSeq sequencing: Targeted AmpSeq of Staphylococcus aureus from human Oral swab, Wk16, subject id: ff60b4	SAMN43965032	NA	SRA1981390	NA	NA	NA	NA	PCR	NA	NA	NA	NA	NA	2024-09-28	NA	NA	NA	NA	NA	NA	7462335	NA	NA	NA	NA	NA	NA	ff60b4-Wk16-Oral	3103737;3527669	ILLUMINA	NA	NA	NA	fasp.sra.ebi.ac.uk:/vol1/srr/SRR308/014/SRR30825814/SRR30825814	NA	NA	NA	NA	NA	NA	NA	NA	NA	NA	ftp.sra.ebi.ac.uk/vol1/fastq/SRR308/014/SRR30825814/SRR30825814_1.fastq.gz;ftp.sra.ebi.ac.uk/vol1/fastq/SRR308/014/SRR30825814/SRR30825814_2.fastq.gz	NA	NA	NA	NA	NA	NA	USA: Phoenix	Microbe, viral or environmental	ff60b4-Wk16-Oral	ftp.sra.ebi.ac.uk/vol1/srr/SRR308/014/SRR30825814/SRR30825814	NA	bdd5d83ba6bbfbbdbf62b3dfa3d745e8;bf3e3aaf8819a54a1954e6a879cb4788	SRP535378	NA	44015	Amplicon sequencing of Staphylococcus aureus from oral and nasal samples	NA	NA	NA	NA	NA	2022-02-07	NA	ff60b4-Wk16-Oral	NA	NA	NA	NA	Illumina MiSeq	NA	NA	NA	NA	NA	NA	Illumina MiSeq sequencing: Targeted AmpSeq of Staphylococcus aureus from human Oral swab, Wk16, subject id: ff60b4	NA	NA	NA	9606	NA	NA	57c150da763289c4cc3ff79f316a2937	NA	ftp.sra.ebi.ac.uk/vol1/fastq/SRR308/014/SRR30825814/SRR30825814_1.fastq.gz;ftp.sra.ebi.ac.uk/vol1/fastq/SRR308/014/SRR30825814/SRR30825814_2.fastq.gz	NA	NA	NA	NA	13292530	AMPLICON	NA	NA	NA	NA	GENOMIC	ftp.sra.ebi.ac.uk/vol1/srr/SRR308/014/SRR30825814/SRR30825814	NA	PAIRED	NA	NA	NA	NA	NA	NA	NA	NA	NA	dcc_compare	NA	NA	NA	NA	NA	NA	NA	NA	NA	NA	NA	public	NA	NA	fasp.sra.ebi.ac.uk:/vol1/fastq/SRR308/014/SRR30825814/SRR30825814_1.fastq.gz;fasp.sra.ebi.ac.uk:/vol1/fastq/SRR308/014/SRR30825814/SRR30825814_2.fastq.gz	1;131567;2;1783272;1239;91061;1385;90964;1279;1280	NA	NA	ff60b4-Wk16-Oral	NA	2022-02-07	NA	NA	440e4c_L001_R1_001.fastq.gz	NA	NA	NA	NA	NA	2022-02-07	ff60b4-Wk16-Oral	NA	SUB14756112	NA	NA	NA	Homo sapiens	ff60b4-Wk16-Oral	pathogen;pathogen:priority;pathogen:bacterium	2024-09-28	NA	NA	SRX26225152	Staphylococcus aureus	NA	1280	PRJNA1166327	NA	NA	NA	NA	NA	NA	Homo sapiens	NA	SRR30825814	SRS22766851	NA	NA	NA	NA	NA	NA	NA	NA	NA	NA	2024-09-28	NA	PRJNA1166327	NA	NA	NA	NA	NA	Oral
SRR30825809	Illumina MiSeq sequencing: Targeted AmpSeq of Staphylococcus aureus from human Oral swab, Wk26, subject id: 85b498	SAMN43965059	NA	SRA1981390	NA	NA	NA	NA	PCR	NA	NA	NA	NA	NA	2024-09-28	NA	NA	NA	NA	NA	NA	6992424	NA	NA	NA	NA	NA	NA	85b498-Wk26-Oral	2775245;3446145	ILLUMINA	NA	NA	NA	fasp.sra.ebi.ac.uk:/vol1/srr/SRR308/009/SRR30825809/SRR30825809	NA	NA	NA	NA	NA	NA	NA	NA	NA	NA	ftp.sra.ebi.ac.uk/vol1/fastq/SRR308/009/SRR30825809/SRR30825809_1.fastq.gz;ftp.sra.ebi.ac.uk/vol1/fastq/SRR308/009/SRR30825809/SRR30825809_2.fastq.gz	NA	NA	NA	NA	NA	NA	USA: Phoenix	Microbe, viral or environmental	85b498-Wk26-Oral	ftp.sra.ebi.ac.uk/vol1/srr/SRR308/009/SRR30825809/SRR30825809	NA	804e4e2934502419939b7bd4d361fa08;563ac0e31292ce2fecf1e008afaa7adb	SRP535378	NA	39693	Amplicon sequencing of Staphylococcus aureus from oral and nasal samples	NA	NA	NA	NA	NA	2022-04-18	NA	85b498-Wk26-Oral	NA	NA	NA	NA	Illumina MiSeq	NA	NA	NA	NA	NA	NA	Illumina MiSeq sequencing: Targeted AmpSeq of Staphylococcus aureus from human Oral swab, Wk26, subject id: 85b498	NA	NA	NA	9606	NA	NA	777d8ac0bcace529aa05a9a9ac9869a6	NA	ftp.sra.ebi.ac.uk/vol1/fastq/SRR308/009/SRR30825809/SRR30825809_1.fastq.gz;ftp.sra.ebi.ac.uk/vol1/fastq/SRR308/009/SRR30825809/SRR30825809_2.fastq.gz	NA	NA	NA	NA	11987286	AMPLICON	NA	NA	NA	NA	GENOMIC	ftp.sra.ebi.ac.uk/vol1/srr/SRR308/009/SRR30825809/SRR30825809	NA	PAIRED	NA	NA	NA	NA	NA	NA	NA	NA	NA	dcc_compare	NA	NA	NA	NA	NA	NA	NA	NA	NA	NA	NA	public	NA	NA	fasp.sra.ebi.ac.uk:/vol1/fastq/SRR308/009/SRR30825809/SRR30825809_1.fastq.gz;fasp.sra.ebi.ac.uk:/vol1/fastq/SRR308/009/SRR30825809/SRR30825809_2.fastq.gz	1;131567;2;1783272;1239;91061;1385;90964;1279;1280	NA	NA	85b498-Wk26-Oral	NA	2022-04-17	NA	NA	905b9e_L001_R1_001.fastq.gz	NA	NA	NA	NA	NA	2022-04-18	85b498-Wk26-Oral	NA	SUB14756112	NA	NA	NA	Homo sapiens	85b498-Wk26-Oral	pathogen;pathogen:priority;pathogen:bacterium	2024-09-28	NA	NA	SRX26225157	Staphylococcus aureus	NA	1280	PRJNA1166327	NA	NA	NA	NA	NA	NA	Homo sapiens	NA	SRR30825809	SRS22766856	NA	NA	NA	NA	NA	NA	NA	NA	NA	NA	2024-09-28	NA	PRJNA1166327	NA	NA	NA	NA	NA	Oral
SRR30825815	Illumina MiSeq sequencing: Targeted AmpSeq of Staphylococcus aureus from human Nasal swab, Wk20, subject id: 65a5e4	SAMN43965005	NA	SRA1981390	NA	NA	NA	NA	PCR	NA	NA	NA	NA	NA	2024-09-28	NA	NA	NA	NA	NA	NA	10483169	NA	NA	NA	NA	NA	NA	65a5e4-Wk20-Nasal	4132083;4272833	ILLUMINA	NA	NA	NA	fasp.sra.ebi.ac.uk:/vol1/srr/SRR308/015/SRR30825815/SRR30825815	NA	NA	NA	NA	NA	NA	NA	NA	NA	NA	ftp.sra.ebi.ac.uk/vol1/fastq/SRR308/015/SRR30825815/SRR30825815_1.fastq.gz;ftp.sra.ebi.ac.uk/vol1/fastq/SRR308/015/SRR30825815/SRR30825815_2.fastq.gz	NA	NA	NA	NA	NA	NA	USA: Phoenix	Microbe, viral or environmental	65a5e4-Wk20-Nasal	ftp.sra.ebi.ac.uk/vol1/srr/SRR308/015/SRR30825815/SRR30825815	NA	17fe5a8dd48afe5985e12407e6e09626;669e6523d5c87ef4d22cb5d59005f778	SRP535378	NA	75942	Amplicon sequencing of Staphylococcus aureus from oral and nasal samples	NA	NA	NA	NA	NA	2022-03-07	NA	65a5e4-Wk20-Nasal	NA	NA	NA	NA	Illumina MiSeq	NA	NA	NA	NA	NA	NA	Illumina MiSeq sequencing: Targeted AmpSeq of Staphylococcus aureus from human Nasal swab, Wk20, subject id: 65a5e4	NA	NA	NA	9606	NA	NA	b932a6b2f6167414e4cc7a680b2c506b	NA	ftp.sra.ebi.ac.uk/vol1/fastq/SRR308/015/SRR30825815/SRR30825815_1.fastq.gz;ftp.sra.ebi.ac.uk/vol1/fastq/SRR308/015/SRR30825815/SRR30825815_2.fastq.gz	NA	NA	NA	NA	22934484	AMPLICON	NA	NA	NA	NA	GENOMIC	ftp.sra.ebi.ac.uk/vol1/srr/SRR308/015/SRR30825815/SRR30825815	NA	PAIRED	NA	NA	NA	NA	NA	NA	NA	NA	NA	dcc_compare	NA	NA	NA	NA	NA	NA	NA	NA	NA	NA	NA	public	NA	NA	fasp.sra.ebi.ac.uk:/vol1/fastq/SRR308/015/SRR30825815/SRR30825815_1.fastq.gz;fasp.sra.ebi.ac.uk:/vol1/fastq/SRR308/015/SRR30825815/SRR30825815_2.fastq.gz	1;131567;2;1783272;1239;91061;1385;90964;1279;1280	NA	NA	65a5e4-Wk20-Nasal	NA	2022-03-07	NA	NA	e0a3a9_L001_R1_001.fastq.gz	NA	NA	NA	NA	NA	2022-03-07	65a5e4-Wk20-Nasal	NA	SUB14756112	NA	NA	NA	Homo sapiens	65a5e4-Wk20-Nasal	pathogen;pathogen:priority;pathogen:bacterium	2024-09-28	NA	NA	SRX26225151	Staphylococcus aureus	NA	1280	PRJNA1166327	NA	NA	NA	NA	NA	NA	Homo sapiens	NA	SRR30825815	SRS22766849	NA	NA	NA	NA	NA	NA	NA	NA	NA	NA	2024-09-28	NA	PRJNA1166327	NA	NA	NA	NA	NA	nasal
SRR30825810	Illumina MiSeq sequencing: Targeted AmpSeq of Staphylococcus aureus from human Nasal swab, Wk24, subject id: 85b498	SAMN43965058	NA	SRA1981390	NA	NA	NA	NA	PCR	NA	NA	NA	NA	NA	2024-09-28	NA	NA	NA	NA	NA	NA	9452026	NA	NA	NA	NA	NA	NA	85b498-Wk24-Nasal	3523591;3987101	ILLUMINA	NA	NA	NA	fasp.sra.ebi.ac.uk:/vol1/srr/SRR308/010/SRR30825810/SRR30825810	NA	NA	NA	NA	NA	NA	NA	NA	NA	NA	ftp.sra.ebi.ac.uk/vol1/fastq/SRR308/010/SRR30825810/SRR30825810_1.fastq.gz;ftp.sra.ebi.ac.uk/vol1/fastq/SRR308/010/SRR30825810/SRR30825810_2.fastq.gz	NA	NA	NA	NA	NA	NA	USA: Phoenix	Microbe, viral or environmental	85b498-Wk24-Nasal	ftp.sra.ebi.ac.uk/vol1/srr/SRR308/010/SRR30825810/SRR30825810	NA	7b3d1268c84c2bff2fb488e538687eb8;942122f84b3fadce296a55d83d25346a	SRP535378	NA	67754	Amplicon sequencing of Staphylococcus aureus from oral and nasal samples	NA	NA	NA	NA	NA	2022-04-04	NA	85b498-Wk24-Nasal	NA	NA	NA	NA	Illumina MiSeq	NA	NA	NA	NA	NA	NA	Illumina MiSeq sequencing: Targeted AmpSeq of Staphylococcus aureus from human Nasal swab, Wk24, subject id: 85b498	NA	NA	NA	9606	NA	NA	dc0e61d979e6f2e33a7228ad8a39e244	NA	ftp.sra.ebi.ac.uk/vol1/fastq/SRR308/010/SRR30825810/SRR30825810_1.fastq.gz;ftp.sra.ebi.ac.uk/vol1/fastq/SRR308/010/SRR30825810/SRR30825810_2.fastq.gz	NA	NA	NA	NA	20461708	AMPLICON	NA	NA	NA	NA	GENOMIC	ftp.sra.ebi.ac.uk/vol1/srr/SRR308/010/SRR30825810/SRR30825810	NA	PAIRED	NA	NA	NA	NA	NA	NA	NA	NA	NA	dcc_compare	NA	NA	NA	NA	NA	NA	NA	NA	NA	NA	NA	public	NA	NA	fasp.sra.ebi.ac.uk:/vol1/fastq/SRR308/010/SRR30825810/SRR30825810_1.fastq.gz;fasp.sra.ebi.ac.uk:/vol1/fastq/SRR308/010/SRR30825810/SRR30825810_2.fastq.gz	1;131567;2;1783272;1239;91061;1385;90964;1279;1280	NA	NA	85b498-Wk24-Nasal	NA	2022-04-03	NA	NA	942686_L001_R1_001.fastq.gz	NA	NA	NA	NA	NA	2022-04-04	85b498-Wk24-Nasal	NA	SUB14756112	NA	NA	NA	Homo sapiens	85b498-Wk24-Nasal	pathogen;pathogen:priority;pathogen:bacterium	2024-09-28	NA	NA	SRX26225156	Staphylococcus aureus	NA	1280	PRJNA1166327	NA	NA	NA	NA	NA	NA	Homo sapiens	NA	SRR30825810	SRS22766854	NA	NA	NA	NA	NA	NA	NA	NA	NA	NA	2024-09-28	NA	PRJNA1166327	NA	NA	NA	NA	NA	nasal
SRR30825823	Illumina MiSeq sequencing: Targeted AmpSeq of Staphylococcus aureus from human Nasal swab, Wk26, subject id: ff5b0b	SAMN43965024	NA	SRA1981390	NA	NA	NA	NA	PCR	NA	NA	NA	NA	NA	2024-09-28	NA	NA	NA	NA	NA	NA	7377615	NA	NA	NA	NA	NA	NA	ff5b0b-Wk26-Nasal	2977790;3184007	ILLUMINA	NA	NA	NA	fasp.sra.ebi.ac.uk:/vol1/srr/SRR308/023/SRR30825823/SRR30825823	NA	NA	NA	NA	NA	NA	NA	NA	NA	NA	ftp.sra.ebi.ac.uk/vol1/fastq/SRR308/023/SRR30825823/SRR30825823_1.fastq.gz;ftp.sra.ebi.ac.uk/vol1/fastq/SRR308/023/SRR30825823/SRR30825823_2.fastq.gz	NA	NA	NA	NA	NA	NA	USA: Phoenix	Microbe, viral or environmental	ff5b0b-Wk26-Nasal	ftp.sra.ebi.ac.uk/vol1/srr/SRR308/023/SRR30825823/SRR30825823	NA	3fa504a163dcda215a740fe8d6e0ef7a;299b6a72a030546819116d5bce6efe54	SRP535378	NA	50633	Amplicon sequencing of Staphylococcus aureus from oral and nasal samples	NA	NA	NA	NA	NA	2022-04-18	NA	ff5b0b-Wk26-Nasal	NA	NA	NA	NA	Illumina MiSeq	NA	NA	NA	NA	NA	NA	Illumina MiSeq sequencing: Targeted AmpSeq of Staphylococcus aureus from human Nasal swab, Wk26, subject id: ff5b0b	NA	NA	NA	9606	NA	NA	e244c61ff1d64a098cc6cba18cc24a9a	NA	ftp.sra.ebi.ac.uk/vol1/fastq/SRR308/023/SRR30825823/SRR30825823_1.fastq.gz;ftp.sra.ebi.ac.uk/vol1/fastq/SRR308/023/SRR30825823/SRR30825823_2.fastq.gz	NA	NA	NA	NA	15291166	AMPLICON	NA	NA	NA	NA	GENOMIC	ftp.sra.ebi.ac.uk/vol1/srr/SRR308/023/SRR30825823/SRR30825823	NA	PAIRED	NA	NA	NA	NA	NA	NA	NA	NA	NA	dcc_compare	NA	NA	NA	NA	NA	NA	NA	NA	NA	NA	NA	public	NA	NA	fasp.sra.ebi.ac.uk:/vol1/fastq/SRR308/023/SRR30825823/SRR30825823_1.fastq.gz;fasp.sra.ebi.ac.uk:/vol1/fastq/SRR308/023/SRR30825823/SRR30825823_2.fastq.gz	1;131567;2;1783272;1239;91061;1385;90964;1279;1280	NA	NA	ff5b0b-Wk26-Nasal	NA	2022-04-17	NA	NA	6552dc_L001_R1_001.fastq.gz	NA	NA	NA	NA	NA	2022-04-18	ff5b0b-Wk26-Nasal	NA	SUB14756112	NA	NA	NA	Homo sapiens	ff5b0b-Wk26-Nasal	pathogen;pathogen:priority;pathogen:bacterium	2024-09-28	NA	NA	SRX26225143	Staphylococcus aureus	NA	1280	PRJNA1166327	NA	NA	NA	NA	NA	NA	Homo sapiens	NA	SRR30825823	SRS22766841	NA	NA	NA	NA	NA	NA	NA	NA	NA	NA	2024-09-28	NA	PRJNA1166327	NA	NA	NA	NA	NA	nasal
SRR30825813	Illumina MiSeq sequencing: Targeted AmpSeq of Staphylococcus aureus from human Oral swab, Wk20, subject id: ff60b4	SAMN43965033	NA	SRA1981390	NA	NA	NA	NA	PCR	NA	NA	NA	NA	NA	2024-09-28	NA	NA	NA	NA	NA	NA	10281381	NA	NA	NA	NA	NA	NA	ff60b4-Wk20-Oral	4157777;4967012	ILLUMINA	NA	NA	NA	fasp.sra.ebi.ac.uk:/vol1/srr/SRR308/013/SRR30825813/SRR30825813	NA	NA	NA	NA	NA	NA	NA	NA	NA	NA	ftp.sra.ebi.ac.uk/vol1/fastq/SRR308/013/SRR30825813/SRR30825813_1.fastq.gz;ftp.sra.ebi.ac.uk/vol1/fastq/SRR308/013/SRR30825813/SRR30825813_2.fastq.gz	NA	NA	NA	NA	NA	NA	USA: Phoenix	Microbe, viral or environmental	ff60b4-Wk20-Oral	ftp.sra.ebi.ac.uk/vol1/srr/SRR308/013/SRR30825813/SRR30825813	NA	49968a9815b37efe577393d55168bc3e;037c39a631530db509f46fabfed30ee8	SRP535378	NA	58722	Amplicon sequencing of Staphylococcus aureus from oral and nasal samples	NA	NA	NA	NA	NA	2022-03-07	NA	ff60b4-Wk20-Oral	NA	NA	NA	NA	Illumina MiSeq	NA	NA	NA	NA	NA	NA	Illumina MiSeq sequencing: Targeted AmpSeq of Staphylococcus aureus from human Oral swab, Wk20, subject id: ff60b4	NA	NA	NA	9606	NA	NA	446c7f54f9a2e09f4f77297c1c7d316c	NA	ftp.sra.ebi.ac.uk/vol1/fastq/SRR308/013/SRR30825813/SRR30825813_1.fastq.gz;ftp.sra.ebi.ac.uk/vol1/fastq/SRR308/013/SRR30825813/SRR30825813_2.fastq.gz	NA	NA	NA	NA	17734044	AMPLICON	NA	NA	NA	NA	GENOMIC	ftp.sra.ebi.ac.uk/vol1/srr/SRR308/013/SRR30825813/SRR30825813	NA	PAIRED	NA	NA	NA	NA	NA	NA	NA	NA	NA	dcc_compare	NA	NA	NA	NA	NA	NA	NA	NA	NA	NA	NA	public	NA	NA	fasp.sra.ebi.ac.uk:/vol1/fastq/SRR308/013/SRR30825813/SRR30825813_1.fastq.gz;fasp.sra.ebi.ac.uk:/vol1/fastq/SRR308/013/SRR30825813/SRR30825813_2.fastq.gz	1;131567;2;1783272;1239;91061;1385;90964;1279;1280	NA	NA	ff60b4-Wk20-Oral	NA	2022-03-07	NA	NA	8e329f_L001_R1_001.fastq.gz	NA	NA	NA	NA	NA	2022-03-07	ff60b4-Wk20-Oral	NA	SUB14756112	NA	NA	NA	Homo sapiens	ff60b4-Wk20-Oral	pathogen;pathogen:priority;pathogen:bacterium	2024-09-28	NA	NA	SRX26225153	Staphylococcus aureus	NA	1280	PRJNA1166327	NA	NA	NA	NA	NA	NA	Homo sapiens	NA	SRR30825813	SRS22766850	NA	NA	NA	NA	NA	NA	NA	NA	NA	NA	2024-09-28	NA	PRJNA1166327	NA	NA	NA	NA	NA	Oral
SRR30825827	Illumina MiSeq sequencing: Targeted AmpSeq of Staphylococcus aureus from human Nasal swab, Wk28, subject id: ff5b0b	SAMN43965021	NA	SRA1981390	NA	NA	NA	NA	PCR	NA	NA	NA	NA	NA	2024-09-28	NA	NA	NA	NA	NA	NA	5152419	NA	NA	NA	NA	NA	NA	ff5b0b-Wk28-Nasal	1957702;2075199	ILLUMINA	NA	NA	NA	fasp.sra.ebi.ac.uk:/vol1/srr/SRR308/027/SRR30825827/SRR30825827	NA	NA	NA	NA	NA	NA	NA	NA	NA	NA	ftp.sra.ebi.ac.uk/vol1/fastq/SRR308/027/SRR30825827/SRR30825827_1.fastq.gz;ftp.sra.ebi.ac.uk/vol1/fastq/SRR308/027/SRR30825827/SRR30825827_2.fastq.gz	NA	NA	NA	NA	NA	NA	USA: Phoenix	Microbe, viral or environmental	ff5b0b-Wk28-Nasal	ftp.sra.ebi.ac.uk/vol1/srr/SRR308/027/SRR30825827/SRR30825827	NA	151de292b360de268507b1eab6d952e6;e4c9a44897456d0db178ee8c852a8dae	SRP535378	NA	37643	Amplicon sequencing of Staphylococcus aureus from oral and nasal samples	NA	NA	NA	NA	NA	2022-05-02	NA	ff5b0b-Wk28-Nasal	NA	NA	NA	NA	Illumina MiSeq	NA	NA	NA	NA	NA	NA	Illumina MiSeq sequencing: Targeted AmpSeq of Staphylococcus aureus from human Nasal swab, Wk28, subject id: ff5b0b	NA	NA	NA	9606	NA	NA	96b1cdec42e630518167cb3ad6ecead2	NA	ftp.sra.ebi.ac.uk/vol1/fastq/SRR308/027/SRR30825827/SRR30825827_1.fastq.gz;ftp.sra.ebi.ac.uk/vol1/fastq/SRR308/027/SRR30825827/SRR30825827_2.fastq.gz	NA	NA	NA	NA	11368186	AMPLICON	NA	NA	NA	NA	GENOMIC	ftp.sra.ebi.ac.uk/vol1/srr/SRR308/027/SRR30825827/SRR30825827	NA	PAIRED	NA	NA	NA	NA	NA	NA	NA	NA	NA	dcc_compare	NA	NA	NA	NA	NA	NA	NA	NA	NA	NA	NA	public	NA	NA	fasp.sra.ebi.ac.uk:/vol1/fastq/SRR308/027/SRR30825827/SRR30825827_1.fastq.gz;fasp.sra.ebi.ac.uk:/vol1/fastq/SRR308/027/SRR30825827/SRR30825827_2.fastq.gz	1;131567;2;1783272;1239;91061;1385;90964;1279;1280	NA	NA	ff5b0b-Wk28-Nasal	NA	2022-05-01	NA	NA	02129b_L001_R1_001.fastq.gz	NA	NA	NA	NA	NA	2022-05-02	ff5b0b-Wk28-Nasal	NA	SUB14756112	NA	NA	NA	Homo sapiens	ff5b0b-Wk28-Nasal	pathogen;pathogen:priority;pathogen:bacterium	2024-09-28	NA	NA	SRX26225139	Staphylococcus aureus	NA	1280	PRJNA1166327	NA	NA	NA	NA	NA	NA	Homo sapiens	NA	SRR30825827	SRS22766836	NA	NA	NA	NA	NA	NA	NA	NA	NA	NA	2024-09-28	NA	PRJNA1166327	NA	NA	NA	NA	NA	nasal
SRR30825816	Illumina MiSeq sequencing: Targeted AmpSeq of Staphylococcus aureus from human Nasal swab, Wk20, subject id: ff60b4	SAMN43965031	NA	SRA1981390	NA	NA	NA	NA	PCR	NA	NA	NA	NA	NA	2024-09-28	NA	NA	NA	NA	NA	NA	17739806	NA	NA	NA	NA	NA	NA	ff60b4-Wk20-Nasal	7172884;7905931	ILLUMINA	NA	NA	NA	fasp.sra.ebi.ac.uk:/vol1/srr/SRR308/016/SRR30825816/SRR30825816	NA	NA	NA	NA	NA	NA	NA	NA	NA	NA	ftp.sra.ebi.ac.uk/vol1/fastq/SRR308/016/SRR30825816/SRR30825816_1.fastq.gz;ftp.sra.ebi.ac.uk/vol1/fastq/SRR308/016/SRR30825816/SRR30825816_2.fastq.gz	NA	NA	NA	NA	NA	NA	USA: Phoenix	Microbe, viral or environmental	ff60b4-Wk20-Nasal	ftp.sra.ebi.ac.uk/vol1/srr/SRR308/016/SRR30825816/SRR30825816	NA	f4dde512feb6d909f903df6a7fa2802f;679094247728611e401ae885f8ae381a	SRP535378	NA	119209	Amplicon sequencing of Staphylococcus aureus from oral and nasal samples	NA	NA	NA	NA	NA	2022-03-07	NA	ff60b4-Wk20-Nasal	NA	NA	NA	NA	Illumina MiSeq	NA	NA	NA	NA	NA	NA	Illumina MiSeq sequencing: Targeted AmpSeq of Staphylococcus aureus from human Nasal swab, Wk20, subject id: ff60b4	NA	NA	NA	9606	NA	NA	6ade5d40c7ff7ce9873af9e618f09225	NA	ftp.sra.ebi.ac.uk/vol1/fastq/SRR308/016/SRR30825816/SRR30825816_1.fastq.gz;ftp.sra.ebi.ac.uk/vol1/fastq/SRR308/016/SRR30825816/SRR30825816_2.fastq.gz	NA	NA	NA	NA	36001118	AMPLICON	NA	NA	NA	NA	GENOMIC	ftp.sra.ebi.ac.uk/vol1/srr/SRR308/016/SRR30825816/SRR30825816	NA	PAIRED	NA	NA	NA	NA	NA	NA	NA	NA	NA	dcc_compare	NA	NA	NA	NA	NA	NA	NA	NA	NA	NA	NA	public	NA	NA	fasp.sra.ebi.ac.uk:/vol1/fastq/SRR308/016/SRR30825816/SRR30825816_1.fastq.gz;fasp.sra.ebi.ac.uk:/vol1/fastq/SRR308/016/SRR30825816/SRR30825816_2.fastq.gz	1;131567;2;1783272;1239;91061;1385;90964;1279;1280	NA	NA	ff60b4-Wk20-Nasal	NA	2022-03-07	NA	NA	50dab4_L001_R1_001.fastq.gz	NA	NA	NA	NA	NA	2022-03-07	ff60b4-Wk20-Nasal	NA	SUB14756112	NA	NA	NA	Homo sapiens	ff60b4-Wk20-Nasal	pathogen;pathogen:priority;pathogen:bacterium	2024-09-28	NA	NA	SRX26225150	Staphylococcus aureus	NA	1280	PRJNA1166327	NA	NA	NA	NA	NA	NA	Homo sapiens	NA	SRR30825816	SRS22766848	NA	NA	NA	NA	NA	NA	NA	NA	NA	NA	2024-09-28	NA	PRJNA1166327	NA	NA	NA	NA	NA	nasal
SRR30825831	Illumina MiSeq sequencing: Targeted AmpSeq of Staphylococcus aureus from human Nasal swab, Wk20, subject id: cf90c5	SAMN43965017	NA	SRA1981390	NA	NA	NA	NA	PCR	NA	NA	NA	NA	NA	2024-09-28	NA	NA	NA	NA	NA	NA	9593515	NA	NA	NA	NA	NA	NA	cf90c5-Wk20-Nasal	3715992;4091953	ILLUMINA	NA	NA	NA	fasp.sra.ebi.ac.uk:/vol1/srr/SRR308/031/SRR30825831/SRR30825831	NA	NA	NA	NA	NA	NA	NA	NA	NA	NA	ftp.sra.ebi.ac.uk/vol1/fastq/SRR308/031/SRR30825831/SRR30825831_1.fastq.gz;ftp.sra.ebi.ac.uk/vol1/fastq/SRR308/031/SRR30825831/SRR30825831_2.fastq.gz	NA	NA	NA	NA	NA	NA	USA: Phoenix	Microbe, viral or environmental	cf90c5-Wk20-Nasal	ftp.sra.ebi.ac.uk/vol1/srr/SRR308/031/SRR30825831/SRR30825831	NA	83d47908ab4f4fc07e0487ad29bb3c9d;778763f4382ce4adc7e20a25cb4a49e9	SRP535378	NA	66355	Amplicon sequencing of Staphylococcus aureus from oral and nasal samples	NA	NA	NA	NA	NA	2022-03-07	NA	cf90c5-Wk20-Nasal	NA	NA	NA	NA	Illumina MiSeq	NA	NA	NA	NA	NA	NA	Illumina MiSeq sequencing: Targeted AmpSeq of Staphylococcus aureus from human Nasal swab, Wk20, subject id: cf90c5	NA	NA	NA	9606	NA	NA	a41d38e5113f7ace0c39e01375b65f21	NA	ftp.sra.ebi.ac.uk/vol1/fastq/SRR308/031/SRR30825831/SRR30825831_1.fastq.gz;ftp.sra.ebi.ac.uk/vol1/fastq/SRR308/031/SRR30825831/SRR30825831_2.fastq.gz	NA	NA	NA	NA	20039210	AMPLICON	NA	NA	NA	NA	GENOMIC	ftp.sra.ebi.ac.uk/vol1/srr/SRR308/031/SRR30825831/SRR30825831	NA	PAIRED	NA	NA	NA	NA	NA	NA	NA	NA	NA	dcc_compare	NA	NA	NA	NA	NA	NA	NA	NA	NA	NA	NA	public	NA	NA	fasp.sra.ebi.ac.uk:/vol1/fastq/SRR308/031/SRR30825831/SRR30825831_1.fastq.gz;fasp.sra.ebi.ac.uk:/vol1/fastq/SRR308/031/SRR30825831/SRR30825831_2.fastq.gz	1;131567;2;1783272;1239;91061;1385;90964;1279;1280	NA	NA	cf90c5-Wk20-Nasal	NA	2022-03-07	NA	NA	5fb111_L001_R1_001.fastq.gz	NA	NA	NA	NA	NA	2022-03-07	cf90c5-Wk20-Nasal	NA	SUB14756112	NA	NA	NA	Homo sapiens	cf90c5-Wk20-Nasal	pathogen;pathogen:priority;pathogen:bacterium	2024-09-28	NA	NA	SRX26225135	Staphylococcus aureus	NA	1280	PRJNA1166327	NA	NA	NA	NA	NA	NA	Homo sapiens	NA	SRR30825831	SRS22766832	NA	NA	NA	NA	NA	NA	NA	NA	NA	NA	2024-09-28	NA	PRJNA1166327	NA	NA	NA	NA	NA	nasal
SRR30825817	Illumina MiSeq sequencing: Targeted AmpSeq of Staphylococcus aureus from human Nasal swab, Wk18, subject id: ff60b4	SAMN43965030	NA	SRA1981390	NA	NA	NA	NA	PCR	NA	NA	NA	NA	NA	2024-09-28	NA	NA	NA	NA	NA	NA	4845278	NA	NA	NA	NA	NA	NA	ff60b4-Wk18-Nasal	1870293;2118880	ILLUMINA	NA	NA	NA	fasp.sra.ebi.ac.uk:/vol1/srr/SRR308/017/SRR30825817/SRR30825817	NA	NA	NA	NA	NA	NA	NA	NA	NA	NA	ftp.sra.ebi.ac.uk/vol1/fastq/SRR308/017/SRR30825817/SRR30825817_1.fastq.gz;ftp.sra.ebi.ac.uk/vol1/fastq/SRR308/017/SRR30825817/SRR30825817_2.fastq.gz	NA	NA	NA	NA	NA	NA	USA: Phoenix	Microbe, viral or environmental	ff60b4-Wk18-Nasal	ftp.sra.ebi.ac.uk/vol1/srr/SRR308/017/SRR30825817/SRR30825817	NA	408ce269e3c657ee54519cd5fca6c4a9;6009c0b9832dcc8c1379364882c55b63	SRP535378	NA	33086	Amplicon sequencing of Staphylococcus aureus from oral and nasal samples	NA	NA	NA	NA	NA	2022-02-21	NA	ff60b4-Wk18-Nasal	NA	NA	NA	NA	Illumina MiSeq	NA	NA	NA	NA	NA	NA	Illumina MiSeq sequencing: Targeted AmpSeq of Staphylococcus aureus from human Nasal swab, Wk18, subject id: ff60b4	NA	NA	NA	9606	NA	NA	250bf17cadff5633857c45efb38b1a7d	NA	ftp.sra.ebi.ac.uk/vol1/fastq/SRR308/017/SRR30825817/SRR30825817_1.fastq.gz;ftp.sra.ebi.ac.uk/vol1/fastq/SRR308/017/SRR30825817/SRR30825817_2.fastq.gz	NA	NA	NA	NA	9991972	AMPLICON	NA	NA	NA	NA	GENOMIC	ftp.sra.ebi.ac.uk/vol1/srr/SRR308/017/SRR30825817/SRR30825817	NA	PAIRED	NA	NA	NA	NA	NA	NA	NA	NA	NA	dcc_compare	NA	NA	NA	NA	NA	NA	NA	NA	NA	NA	NA	public	NA	NA	fasp.sra.ebi.ac.uk:/vol1/fastq/SRR308/017/SRR30825817/SRR30825817_1.fastq.gz;fasp.sra.ebi.ac.uk:/vol1/fastq/SRR308/017/SRR30825817/SRR30825817_2.fastq.gz	1;131567;2;1783272;1239;91061;1385;90964;1279;1280	NA	NA	ff60b4-Wk18-Nasal	NA	2022-02-21	NA	NA	ef05af_L001_R1_001.fastq.gz	NA	NA	NA	NA	NA	2022-02-21	ff60b4-Wk18-Nasal	NA	SUB14756112	NA	NA	NA	Homo sapiens	ff60b4-Wk18-Nasal	pathogen;pathogen:priority;pathogen:bacterium	2024-09-28	NA	NA	SRX26225149	Staphylococcus aureus	NA	1280	PRJNA1166327	NA	NA	NA	NA	NA	NA	Homo sapiens	NA	SRR30825817	SRS22766846	NA	NA	NA	NA	NA	NA	NA	NA	NA	NA	2024-09-28	NA	PRJNA1166327	NA	NA	NA	NA	NA	nasal
SRR30825833	Illumina MiSeq sequencing: Targeted AmpSeq of Staphylococcus aureus from human Nasal swab, Wk18, subject id: cf90c5	SAMN43965015	NA	SRA1981390	NA	NA	NA	NA	PCR	NA	NA	NA	NA	NA	2024-09-28	NA	NA	NA	NA	NA	NA	8879116	NA	NA	NA	NA	NA	NA	cf90c5-Wk18-Nasal	3695020;4020854	ILLUMINA	NA	NA	NA	fasp.sra.ebi.ac.uk:/vol1/srr/SRR308/033/SRR30825833/SRR30825833	NA	NA	NA	NA	NA	NA	NA	NA	NA	NA	ftp.sra.ebi.ac.uk/vol1/fastq/SRR308/033/SRR30825833/SRR30825833_1.fastq.gz;ftp.sra.ebi.ac.uk/vol1/fastq/SRR308/033/SRR30825833/SRR30825833_2.fastq.gz	NA	NA	NA	NA	NA	NA	USA: Phoenix	Microbe, viral or environmental	cf90c5-Wk18-Nasal	ftp.sra.ebi.ac.uk/vol1/srr/SRR308/033/SRR30825833/SRR30825833	NA	aa03a3af7d306511ace46b7001177333;5c747a53b44121ce77c0aaf289e72672	SRP535378	NA	57587	Amplicon sequencing of Staphylococcus aureus from oral and nasal samples	NA	NA	NA	NA	NA	2022-02-21	NA	cf90c5-Wk18-Nasal	NA	NA	NA	NA	Illumina MiSeq	NA	NA	NA	NA	NA	NA	Illumina MiSeq sequencing: Targeted AmpSeq of Staphylococcus aureus from human Nasal swab, Wk18, subject id: cf90c5	NA	NA	NA	9606	NA	NA	9c458ce0af2266cad5208739de183403	NA	ftp.sra.ebi.ac.uk/vol1/fastq/SRR308/033/SRR30825833/SRR30825833_1.fastq.gz;ftp.sra.ebi.ac.uk/vol1/fastq/SRR308/033/SRR30825833/SRR30825833_2.fastq.gz	NA	NA	NA	NA	17391274	AMPLICON	NA	NA	NA	NA	GENOMIC	ftp.sra.ebi.ac.uk/vol1/srr/SRR308/033/SRR30825833/SRR30825833	NA	PAIRED	NA	NA	NA	NA	NA	NA	NA	NA	NA	dcc_compare	NA	NA	NA	NA	NA	NA	NA	NA	NA	NA	NA	public	NA	NA	fasp.sra.ebi.ac.uk:/vol1/fastq/SRR308/033/SRR30825833/SRR30825833_1.fastq.gz;fasp.sra.ebi.ac.uk:/vol1/fastq/SRR308/033/SRR30825833/SRR30825833_2.fastq.gz	1;131567;2;1783272;1239;91061;1385;90964;1279;1280	NA	NA	cf90c5-Wk18-Nasal	NA	2022-02-21	NA	NA	579c34_L001_R1_001.fastq.gz	NA	NA	NA	NA	NA	2022-02-21	cf90c5-Wk18-Nasal	NA	SUB14756112	NA	NA	NA	Homo sapiens	cf90c5-Wk18-Nasal	pathogen;pathogen:priority;pathogen:bacterium	2024-09-28	NA	NA	SRX26225133	Staphylococcus aureus	NA	1280	PRJNA1166327	NA	NA	NA	NA	NA	NA	Homo sapiens	NA	SRR30825833	SRS22766835	NA	NA	NA	NA	NA	NA	NA	NA	NA	NA	2024-09-28	NA	PRJNA1166327	NA	NA	NA	NA	NA	nasal
SRR30825818	Illumina MiSeq sequencing: Targeted AmpSeq of Staphylococcus aureus from human Nasal swab, Wk16, subject id: ff60b4	SAMN43965029	NA	SRA1981390	NA	NA	NA	NA	PCR	NA	NA	NA	NA	NA	2024-09-28	NA	NA	NA	NA	NA	NA	4789425	NA	NA	NA	NA	NA	NA	ff60b4-Wk16-Nasal	1847968;2210970	ILLUMINA	NA	NA	NA	fasp.sra.ebi.ac.uk:/vol1/srr/SRR308/018/SRR30825818/SRR30825818	NA	NA	NA	NA	NA	NA	NA	NA	NA	NA	ftp.sra.ebi.ac.uk/vol1/fastq/SRR308/018/SRR30825818/SRR30825818_1.fastq.gz;ftp.sra.ebi.ac.uk/vol1/fastq/SRR308/018/SRR30825818/SRR30825818_2.fastq.gz	NA	NA	NA	NA	NA	NA	USA: Phoenix	Microbe, viral or environmental	ff60b4-Wk16-Nasal	ftp.sra.ebi.ac.uk/vol1/srr/SRR308/018/SRR30825818/SRR30825818	NA	4d6827070d6973d864972685af07d2ee;844b307a39ea74996a96b56bf3b8a481	SRP535378	NA	31206	Amplicon sequencing of Staphylococcus aureus from oral and nasal samples	NA	NA	NA	NA	NA	2022-02-07	NA	ff60b4-Wk16-Nasal	NA	NA	NA	NA	Illumina MiSeq	NA	NA	NA	NA	NA	NA	Illumina MiSeq sequencing: Targeted AmpSeq of Staphylococcus aureus from human Nasal swab, Wk16, subject id: ff60b4	NA	NA	NA	9606	NA	NA	49db60d74d758d027e3265376dc098e4	NA	ftp.sra.ebi.ac.uk/vol1/fastq/SRR308/018/SRR30825818/SRR30825818_1.fastq.gz;ftp.sra.ebi.ac.uk/vol1/fastq/SRR308/018/SRR30825818/SRR30825818_2.fastq.gz	NA	NA	NA	NA	9424212	AMPLICON	NA	NA	NA	NA	GENOMIC	ftp.sra.ebi.ac.uk/vol1/srr/SRR308/018/SRR30825818/SRR30825818	NA	PAIRED	NA	NA	NA	NA	NA	NA	NA	NA	NA	dcc_compare	NA	NA	NA	NA	NA	NA	NA	NA	NA	NA	NA	public	NA	NA	fasp.sra.ebi.ac.uk:/vol1/fastq/SRR308/018/SRR30825818/SRR30825818_1.fastq.gz;fasp.sra.ebi.ac.uk:/vol1/fastq/SRR308/018/SRR30825818/SRR30825818_2.fastq.gz	1;131567;2;1783272;1239;91061;1385;90964;1279;1280	NA	NA	ff60b4-Wk16-Nasal	NA	2022-02-07	NA	NA	b3942e_L001_R1_001.fastq.gz	NA	NA	NA	NA	NA	2022-02-07	ff60b4-Wk16-Nasal	NA	SUB14756112	NA	NA	NA	Homo sapiens	ff60b4-Wk16-Nasal	pathogen;pathogen:priority;pathogen:bacterium	2024-09-28	NA	NA	SRX26225148	Staphylococcus aureus	NA	1280	PRJNA1166327	NA	NA	NA	NA	NA	NA	Homo sapiens	NA	SRR30825818	SRS22766847	NA	NA	NA	NA	NA	NA	NA	NA	NA	NA	2024-09-28	NA	PRJNA1166327	NA	NA	NA	NA	NA	nasal
SRR30825835	Illumina MiSeq sequencing: Targeted AmpSeq of Staphylococcus aureus from human Nasal swab, Wk18, subject id: 729bcb	SAMN43965013	NA	SRA1981390	NA	NA	NA	NA	PCR	NA	NA	NA	NA	NA	2024-09-28	NA	NA	NA	NA	NA	NA	6551226	NA	NA	NA	NA	NA	NA	729bcb-Wk18-Nasal	2678012;3028904	ILLUMINA	NA	NA	NA	fasp.sra.ebi.ac.uk:/vol1/srr/SRR308/035/SRR30825835/SRR30825835	NA	NA	NA	NA	NA	NA	NA	NA	NA	NA	ftp.sra.ebi.ac.uk/vol1/fastq/SRR308/035/SRR30825835/SRR30825835_1.fastq.gz;ftp.sra.ebi.ac.uk/vol1/fastq/SRR308/035/SRR30825835/SRR30825835_2.fastq.gz	NA	NA	NA	NA	NA	NA	USA: Phoenix	Microbe, viral or environmental	729bcb-Wk18-Nasal	ftp.sra.ebi.ac.uk/vol1/srr/SRR308/035/SRR30825835/SRR30825835	NA	8e02de359dc6948680380eb4328547b0;f922a43d7e7a5b705b3249d1a2889129	SRP535378	NA	41383	Amplicon sequencing of Staphylococcus aureus from oral and nasal samples	NA	NA	NA	NA	NA	2022-02-21	NA	729bcb-Wk18-Nasal	NA	NA	NA	NA	Illumina MiSeq	NA	NA	NA	NA	NA	NA	Illumina MiSeq sequencing: Targeted AmpSeq of Staphylococcus aureus from human Nasal swab, Wk18, subject id: 729bcb	NA	NA	NA	9606	NA	NA	326346f977eb22e668500beaff463c94	NA	ftp.sra.ebi.ac.uk/vol1/fastq/SRR308/035/SRR30825835/SRR30825835_1.fastq.gz;ftp.sra.ebi.ac.uk/vol1/fastq/SRR308/035/SRR30825835/SRR30825835_2.fastq.gz	NA	NA	NA	NA	12497666	AMPLICON	NA	NA	NA	NA	GENOMIC	ftp.sra.ebi.ac.uk/vol1/srr/SRR308/035/SRR30825835/SRR30825835	NA	PAIRED	NA	NA	NA	NA	NA	NA	NA	NA	NA	dcc_compare	NA	NA	NA	NA	NA	NA	NA	NA	NA	NA	NA	public	NA	NA	fasp.sra.ebi.ac.uk:/vol1/fastq/SRR308/035/SRR30825835/SRR30825835_1.fastq.gz;fasp.sra.ebi.ac.uk:/vol1/fastq/SRR308/035/SRR30825835/SRR30825835_2.fastq.gz	1;131567;2;1783272;1239;91061;1385;90964;1279;1280	NA	NA	729bcb-Wk18-Nasal	NA	2022-02-21	NA	NA	2573e4_L001_R1_001.fastq.gz	NA	NA	NA	NA	NA	2022-02-21	729bcb-Wk18-Nasal	NA	SUB14756112	NA	NA	NA	Homo sapiens	729bcb-Wk18-Nasal	pathogen;pathogen:priority;pathogen:bacterium	2024-09-28	NA	NA	SRX26225131	Staphylococcus aureus	NA	1280	PRJNA1166327	NA	NA	NA	NA	NA	NA	Homo sapiens	NA	SRR30825835	SRS22766830	NA	NA	NA	NA	NA	NA	NA	NA	NA	NA	2024-09-28	NA	PRJNA1166327	NA	NA	NA	NA	NA	nasal
SRR30825821	Illumina MiSeq sequencing: Targeted AmpSeq of Staphylococcus aureus from human Nasal swab, Wk24, subject id: ff5b0b	SAMN43965026	NA	SRA1981390	NA	NA	NA	NA	PCR	NA	NA	NA	NA	NA	2024-09-28	NA	NA	NA	NA	NA	NA	16975363	NA	NA	NA	NA	NA	NA	ff5b0b-Wk24-Nasal	6533852;6853034	ILLUMINA	NA	NA	NA	fasp.sra.ebi.ac.uk:/vol1/srr/SRR308/021/SRR30825821/SRR30825821	NA	NA	NA	NA	NA	NA	NA	NA	NA	NA	ftp.sra.ebi.ac.uk/vol1/fastq/SRR308/021/SRR30825821/SRR30825821_1.fastq.gz;ftp.sra.ebi.ac.uk/vol1/fastq/SRR308/021/SRR30825821/SRR30825821_2.fastq.gz	NA	NA	NA	NA	NA	NA	USA: Phoenix	Microbe, viral or environmental	ff5b0b-Wk24-Nasal	ftp.sra.ebi.ac.uk/vol1/srr/SRR308/021/SRR30825821/SRR30825821	NA	c77813d6c1246c8f35ccaa7ab477bdf7;dd46b5cb09bf2ea4157f5c6c8e39cbff	SRP535378	NA	124394	Amplicon sequencing of Staphylococcus aureus from oral and nasal samples	NA	NA	NA	NA	NA	2022-04-04	NA	ff5b0b-Wk24-Nasal	NA	NA	NA	NA	Illumina MiSeq	NA	NA	NA	NA	NA	NA	Illumina MiSeq sequencing: Targeted AmpSeq of Staphylococcus aureus from human Nasal swab, Wk24, subject id: ff5b0b	NA	NA	NA	9606	NA	NA	c538406b4f9433e1ba62a48382f60cd2	NA	ftp.sra.ebi.ac.uk/vol1/fastq/SRR308/021/SRR30825821/SRR30825821_1.fastq.gz;ftp.sra.ebi.ac.uk/vol1/fastq/SRR308/021/SRR30825821/SRR30825821_2.fastq.gz	NA	NA	NA	NA	37566988	AMPLICON	NA	NA	NA	NA	GENOMIC	ftp.sra.ebi.ac.uk/vol1/srr/SRR308/021/SRR30825821/SRR30825821	NA	PAIRED	NA	NA	NA	NA	NA	NA	NA	NA	NA	dcc_compare	NA	NA	NA	NA	NA	NA	NA	NA	NA	NA	NA	public	NA	NA	fasp.sra.ebi.ac.uk:/vol1/fastq/SRR308/021/SRR30825821/SRR30825821_1.fastq.gz;fasp.sra.ebi.ac.uk:/vol1/fastq/SRR308/021/SRR30825821/SRR30825821_2.fastq.gz	1;131567;2;1783272;1239;91061;1385;90964;1279;1280	NA	NA	ff5b0b-Wk24-Nasal	NA	2022-04-03	NA	NA	260444_L001_R1_001.fastq.gz	NA	NA	NA	NA	NA	2022-04-04	ff5b0b-Wk24-Nasal	NA	SUB14756112	NA	NA	NA	Homo sapiens	ff5b0b-Wk24-Nasal	pathogen;pathogen:priority;pathogen:bacterium	2024-09-28	NA	NA	SRX26225145	Staphylococcus aureus	NA	1280	PRJNA1166327	NA	NA	NA	NA	NA	NA	Homo sapiens	NA	SRR30825821	SRS22766839	NA	NA	NA	NA	NA	NA	NA	NA	NA	NA	2024-09-28	NA	PRJNA1166327	NA	NA	NA	NA	NA	nasal
SRR30825837	Illumina MiSeq sequencing: Targeted AmpSeq of Staphylococcus aureus from human Nasal swab, Wk16, subject id: 65a5e4	SAMN43965003	NA	SRA1981390	NA	NA	NA	NA	PCR	NA	NA	NA	NA	NA	2024-09-28	NA	NA	NA	NA	NA	NA	6467107	NA	NA	NA	NA	NA	NA	65a5e4-Wk16-Nasal	2514516;2747274	ILLUMINA	NA	NA	NA	fasp.sra.ebi.ac.uk:/vol1/srr/SRR308/037/SRR30825837/SRR30825837	NA	NA	NA	NA	NA	NA	NA	NA	NA	NA	ftp.sra.ebi.ac.uk/vol1/fastq/SRR308/037/SRR30825837/SRR30825837_1.fastq.gz;ftp.sra.ebi.ac.uk/vol1/fastq/SRR308/037/SRR30825837/SRR30825837_2.fastq.gz	NA	NA	NA	NA	NA	NA	USA: Phoenix	Microbe, viral or environmental	65a5e4-Wk16-Nasal	ftp.sra.ebi.ac.uk/vol1/srr/SRR308/037/SRR30825837/SRR30825837	NA	e5630bc91a7f37340799fbf5cfc009d1;81f3e2dc0032342b9d0f0468e6d2ff4d	SRP535378	NA	44483	Amplicon sequencing of Staphylococcus aureus from oral and nasal samples	NA	NA	NA	NA	NA	2022-02-07	NA	65a5e4-Wk16-Nasal	NA	NA	NA	NA	Illumina MiSeq	NA	NA	NA	NA	NA	NA	Illumina MiSeq sequencing: Targeted AmpSeq of Staphylococcus aureus from human Nasal swab, Wk16, subject id: 65a5e4	NA	NA	NA	9606	NA	NA	2147b752ceba775d57cc16e3d4baae58	NA	ftp.sra.ebi.ac.uk/vol1/fastq/SRR308/037/SRR30825837/SRR30825837_1.fastq.gz;ftp.sra.ebi.ac.uk/vol1/fastq/SRR308/037/SRR30825837/SRR30825837_2.fastq.gz	NA	NA	NA	NA	13433866	AMPLICON	NA	NA	NA	NA	GENOMIC	ftp.sra.ebi.ac.uk/vol1/srr/SRR308/037/SRR30825837/SRR30825837	NA	PAIRED	NA	NA	NA	NA	NA	NA	NA	NA	NA	dcc_compare	NA	NA	NA	NA	NA	NA	NA	NA	NA	NA	NA	public	NA	NA	fasp.sra.ebi.ac.uk:/vol1/fastq/SRR308/037/SRR30825837/SRR30825837_1.fastq.gz;fasp.sra.ebi.ac.uk:/vol1/fastq/SRR308/037/SRR30825837/SRR30825837_2.fastq.gz	1;131567;2;1783272;1239;91061;1385;90964;1279;1280	NA	NA	65a5e4-Wk16-Nasal	NA	2022-02-07	NA	NA	511254_L001_R1_001.fastq.gz	NA	NA	NA	NA	NA	2022-02-07	65a5e4-Wk16-Nasal	NA	SUB14756112	NA	NA	NA	Homo sapiens	65a5e4-Wk16-Nasal	pathogen;pathogen:priority;pathogen:bacterium	2024-09-28	NA	NA	SRX26225129	Staphylococcus aureus	NA	1280	PRJNA1166327	NA	NA	NA	NA	NA	NA	Homo sapiens	NA	SRR30825837	SRS22766826	NA	NA	NA	NA	NA	NA	NA	NA	NA	NA	2024-09-28	NA	PRJNA1166327	NA	NA	NA	NA	NA	nasal
SRR30825822	Illumina MiSeq sequencing: Targeted AmpSeq of Staphylococcus aureus from human Nasal swab, Wk22, subject id: ff5b0b	SAMN43965025	NA	SRA1981390	NA	NA	NA	NA	PCR	NA	NA	NA	NA	NA	2024-09-28	NA	NA	NA	NA	NA	NA	8030031	NA	NA	NA	NA	NA	NA	ff5b0b-Wk22-Nasal	3111815;3326909	ILLUMINA	NA	NA	NA	fasp.sra.ebi.ac.uk:/vol1/srr/SRR308/022/SRR30825822/SRR30825822	NA	NA	NA	NA	NA	NA	NA	NA	NA	NA	ftp.sra.ebi.ac.uk/vol1/fastq/SRR308/022/SRR30825822/SRR30825822_1.fastq.gz;ftp.sra.ebi.ac.uk/vol1/fastq/SRR308/022/SRR30825822/SRR30825822_2.fastq.gz	NA	NA	NA	NA	NA	NA	USA: Phoenix	Microbe, viral or environmental	ff5b0b-Wk22-Nasal	ftp.sra.ebi.ac.uk/vol1/srr/SRR308/022/SRR30825822/SRR30825822	NA	9b1868b23c90038891181b8c1cb69509;c8ef5a1e4f36581c56b44a37e1dbfd3a	SRP535378	NA	57363	Amplicon sequencing of Staphylococcus aureus from oral and nasal samples	NA	NA	NA	NA	NA	2022-03-21	NA	ff5b0b-Wk22-Nasal	NA	NA	NA	NA	Illumina MiSeq	NA	NA	NA	NA	NA	NA	Illumina MiSeq sequencing: Targeted AmpSeq of Staphylococcus aureus from human Nasal swab, Wk22, subject id: ff5b0b	NA	NA	NA	9606	NA	NA	5c614d009e8d15bb08ced8dccac2f9bd	NA	ftp.sra.ebi.ac.uk/vol1/fastq/SRR308/022/SRR30825822/SRR30825822_1.fastq.gz;ftp.sra.ebi.ac.uk/vol1/fastq/SRR308/022/SRR30825822/SRR30825822_2.fastq.gz	NA	NA	NA	NA	17323626	AMPLICON	NA	NA	NA	NA	GENOMIC	ftp.sra.ebi.ac.uk/vol1/srr/SRR308/022/SRR30825822/SRR30825822	NA	PAIRED	NA	NA	NA	NA	NA	NA	NA	NA	NA	dcc_compare	NA	NA	NA	NA	NA	NA	NA	NA	NA	NA	NA	public	NA	NA	fasp.sra.ebi.ac.uk:/vol1/fastq/SRR308/022/SRR30825822/SRR30825822_1.fastq.gz;fasp.sra.ebi.ac.uk:/vol1/fastq/SRR308/022/SRR30825822/SRR30825822_2.fastq.gz	1;131567;2;1783272;1239;91061;1385;90964;1279;1280	NA	NA	ff5b0b-Wk22-Nasal	NA	2022-03-21	NA	NA	4f9489_L001_R1_001.fastq.gz	NA	NA	NA	NA	NA	2022-03-21	ff5b0b-Wk22-Nasal	NA	SUB14756112	NA	NA	NA	Homo sapiens	ff5b0b-Wk22-Nasal	pathogen;pathogen:priority;pathogen:bacterium	2024-09-28	NA	NA	SRX26225144	Staphylococcus aureus	NA	1280	PRJNA1166327	NA	NA	NA	NA	NA	NA	Homo sapiens	NA	SRR30825822	SRS22766840	NA	NA	NA	NA	NA	NA	NA	NA	NA	NA	2024-09-28	NA	PRJNA1166327	NA	NA	NA	NA	NA	nasal
SRR30825838	Illumina MiSeq sequencing: Targeted AmpSeq of Staphylococcus aureus from human Nasal swab, Wk12, subject id: 65a5e4	SAMN43965002	NA	SRA1981390	NA	NA	NA	NA	PCR	NA	NA	NA	NA	NA	2024-09-28	NA	NA	NA	NA	NA	NA	5573061	NA	NA	NA	NA	NA	NA	65a5e4-Wk12-Nasal	2244985;2471454	ILLUMINA	NA	NA	NA	fasp.sra.ebi.ac.uk:/vol1/srr/SRR308/038/SRR30825838/SRR30825838	NA	NA	NA	NA	NA	NA	NA	NA	NA	NA	ftp.sra.ebi.ac.uk/vol1/fastq/SRR308/038/SRR30825838/SRR30825838_1.fastq.gz;ftp.sra.ebi.ac.uk/vol1/fastq/SRR308/038/SRR30825838/SRR30825838_2.fastq.gz	NA	NA	NA	NA	NA	NA	USA: Phoenix	Microbe, viral or environmental	65a5e4-Wk12-Nasal	ftp.sra.ebi.ac.uk/vol1/srr/SRR308/038/SRR30825838/SRR30825838	NA	3c813aa31341e0c478b647b2434330d4;f419d366791ddcba397a84727e1adb8b	SRP535378	NA	37413	Amplicon sequencing of Staphylococcus aureus from oral and nasal samples	NA	NA	NA	NA	NA	2022-01-10	NA	65a5e4-Wk12-Nasal	NA	NA	NA	NA	Illumina MiSeq	NA	NA	NA	NA	NA	NA	Illumina MiSeq sequencing: Targeted AmpSeq of Staphylococcus aureus from human Nasal swab, Wk12, subject id: 65a5e4	NA	NA	NA	9606	NA	NA	74e348c4f0d33a33c79115a416546187	NA	ftp.sra.ebi.ac.uk/vol1/fastq/SRR308/038/SRR30825838/SRR30825838_1.fastq.gz;ftp.sra.ebi.ac.uk/vol1/fastq/SRR308/038/SRR30825838/SRR30825838_2.fastq.gz	NA	NA	NA	NA	11298726	AMPLICON	NA	NA	NA	NA	GENOMIC	ftp.sra.ebi.ac.uk/vol1/srr/SRR308/038/SRR30825838/SRR30825838	NA	PAIRED	NA	NA	NA	NA	NA	NA	NA	NA	NA	dcc_compare	NA	NA	NA	NA	NA	NA	NA	NA	NA	NA	NA	public	NA	NA	fasp.sra.ebi.ac.uk:/vol1/fastq/SRR308/038/SRR30825838/SRR30825838_1.fastq.gz;fasp.sra.ebi.ac.uk:/vol1/fastq/SRR308/038/SRR30825838/SRR30825838_2.fastq.gz	1;131567;2;1783272;1239;91061;1385;90964;1279;1280	NA	NA	65a5e4-Wk12-Nasal	NA	2022-01-10	NA	NA	26a999_L001_R1_001.fastq.gz	NA	NA	NA	NA	NA	2022-01-10	65a5e4-Wk12-Nasal	NA	SUB14756112	NA	NA	NA	Homo sapiens	65a5e4-Wk12-Nasal	pathogen;pathogen:priority;pathogen:bacterium	2024-09-28	NA	NA	SRX26225128	Staphylococcus aureus	NA	1280	PRJNA1166327	NA	NA	NA	NA	NA	NA	Homo sapiens	NA	SRR30825838	SRS22766827	NA	NA	NA	NA	NA	NA	NA	NA	NA	NA	2024-09-28	NA	PRJNA1166327	NA	NA	NA	NA	NA	nasal
SRR30825825	Illumina MiSeq sequencing: Targeted AmpSeq of Staphylococcus aureus from human Nasal swab, Wk16, subject id: ff5b0b	SAMN43965022	NA	SRA1981390	NA	NA	NA	NA	PCR	NA	NA	NA	NA	NA	2024-09-28	NA	NA	NA	NA	NA	NA	7245078	NA	NA	NA	NA	NA	NA	ff5b0b-Wk16-Nasal	2835970;3205545	ILLUMINA	NA	NA	NA	fasp.sra.ebi.ac.uk:/vol1/srr/SRR308/025/SRR30825825/SRR30825825	NA	NA	NA	NA	NA	NA	NA	NA	NA	NA	ftp.sra.ebi.ac.uk/vol1/fastq/SRR308/025/SRR30825825/SRR30825825_1.fastq.gz;ftp.sra.ebi.ac.uk/vol1/fastq/SRR308/025/SRR30825825/SRR30825825_2.fastq.gz	NA	NA	NA	NA	NA	NA	USA: Phoenix	Microbe, viral or environmental	ff5b0b-Wk16-Nasal	ftp.sra.ebi.ac.uk/vol1/srr/SRR308/025/SRR30825825/SRR30825825	NA	3ae32e35317a160e060f5d3674672676;e30db3449b82746ec8eb604d771c310a	SRP535378	NA	48508	Amplicon sequencing of Staphylococcus aureus from oral and nasal samples	NA	NA	NA	NA	NA	2022-02-07	NA	ff5b0b-Wk16-Nasal	NA	NA	NA	NA	Illumina MiSeq	NA	NA	NA	NA	NA	NA	Illumina MiSeq sequencing: Targeted AmpSeq of Staphylococcus aureus from human Nasal swab, Wk16, subject id: ff5b0b	NA	NA	NA	9606	NA	NA	4f7cca659cd38ba4b477d78fa3bd9e35	NA	ftp.sra.ebi.ac.uk/vol1/fastq/SRR308/025/SRR30825825/SRR30825825_1.fastq.gz;ftp.sra.ebi.ac.uk/vol1/fastq/SRR308/025/SRR30825825/SRR30825825_2.fastq.gz	NA	NA	NA	NA	14649416	AMPLICON	NA	NA	NA	NA	GENOMIC	ftp.sra.ebi.ac.uk/vol1/srr/SRR308/025/SRR30825825/SRR30825825	NA	PAIRED	NA	NA	NA	NA	NA	NA	NA	NA	NA	dcc_compare	NA	NA	NA	NA	NA	NA	NA	NA	NA	NA	NA	public	NA	NA	fasp.sra.ebi.ac.uk:/vol1/fastq/SRR308/025/SRR30825825/SRR30825825_1.fastq.gz;fasp.sra.ebi.ac.uk:/vol1/fastq/SRR308/025/SRR30825825/SRR30825825_2.fastq.gz	1;131567;2;1783272;1239;91061;1385;90964;1279;1280	NA	NA	ff5b0b-Wk16-Nasal	NA	2022-02-07	NA	NA	61aa8a_L001_R1_001.fastq.gz	NA	NA	NA	NA	NA	2022-02-07	ff5b0b-Wk16-Nasal	NA	SUB14756112	NA	NA	NA	Homo sapiens	ff5b0b-Wk16-Nasal	pathogen;pathogen:priority;pathogen:bacterium	2024-09-28	NA	NA	SRX26225141	Staphylococcus aureus	NA	1280	PRJNA1166327	NA	NA	NA	NA	NA	NA	Homo sapiens	NA	SRR30825825	SRS22766845	NA	NA	NA	NA	NA	NA	NA	NA	NA	NA	2024-09-28	NA	PRJNA1166327	NA	NA	NA	NA	NA	nasal
SRR30825826	Illumina MiSeq sequencing: Targeted AmpSeq of Staphylococcus aureus from human Nasal swab, Wk18, subject id: 65a5e4	SAMN43965004	NA	SRA1981390	NA	NA	NA	NA	PCR	NA	NA	NA	NA	NA	2024-09-28	NA	NA	NA	NA	NA	NA	6249998	NA	NA	NA	NA	NA	NA	65a5e4-Wk18-Nasal	2443028;2684405	ILLUMINA	NA	NA	NA	fasp.sra.ebi.ac.uk:/vol1/srr/SRR308/026/SRR30825826/SRR30825826	NA	NA	NA	NA	NA	NA	NA	NA	NA	NA	ftp.sra.ebi.ac.uk/vol1/fastq/SRR308/026/SRR30825826/SRR30825826_1.fastq.gz;ftp.sra.ebi.ac.uk/vol1/fastq/SRR308/026/SRR30825826/SRR30825826_2.fastq.gz	NA	NA	NA	NA	NA	NA	USA: Phoenix	Microbe, viral or environmental	65a5e4-Wk18-Nasal	ftp.sra.ebi.ac.uk/vol1/srr/SRR308/026/SRR30825826/SRR30825826	NA	f92455db4398fb2b374068e4a63aa607;20b5eabbf0a21b99e71012f9dd4dff77	SRP535378	NA	42977	Amplicon sequencing of Staphylococcus aureus from oral and nasal samples	NA	NA	NA	NA	NA	2022-02-21	NA	65a5e4-Wk18-Nasal	NA	NA	NA	NA	Illumina MiSeq	NA	NA	NA	NA	NA	NA	Illumina MiSeq sequencing: Targeted AmpSeq of Staphylococcus aureus from human Nasal swab, Wk18, subject id: 65a5e4	NA	NA	NA	9606	NA	NA	84ae32b8cdc7b9af77beabbbc70b53bb	NA	ftp.sra.ebi.ac.uk/vol1/fastq/SRR308/026/SRR30825826/SRR30825826_1.fastq.gz;ftp.sra.ebi.ac.uk/vol1/fastq/SRR308/026/SRR30825826/SRR30825826_2.fastq.gz	NA	NA	NA	NA	12979054	AMPLICON	NA	NA	NA	NA	GENOMIC	ftp.sra.ebi.ac.uk/vol1/srr/SRR308/026/SRR30825826/SRR30825826	NA	PAIRED	NA	NA	NA	NA	NA	NA	NA	NA	NA	dcc_compare	NA	NA	NA	NA	NA	NA	NA	NA	NA	NA	NA	public	NA	NA	fasp.sra.ebi.ac.uk:/vol1/fastq/SRR308/026/SRR30825826/SRR30825826_1.fastq.gz;fasp.sra.ebi.ac.uk:/vol1/fastq/SRR308/026/SRR30825826/SRR30825826_2.fastq.gz	1;131567;2;1783272;1239;91061;1385;90964;1279;1280	NA	NA	65a5e4-Wk18-Nasal	NA	2022-02-21	NA	NA	8502dd_L001_R1_001.fastq.gz	NA	NA	NA	NA	NA	2022-02-21	65a5e4-Wk18-Nasal	NA	SUB14756112	NA	NA	NA	Homo sapiens	65a5e4-Wk18-Nasal	pathogen;pathogen:priority;pathogen:bacterium	2024-09-28	NA	NA	SRX26225140	Staphylococcus aureus	NA	1280	PRJNA1166327	NA	NA	NA	NA	NA	NA	Homo sapiens	NA	SRR30825826	SRS22766837	NA	NA	NA	NA	NA	NA	NA	NA	NA	NA	2024-09-28	NA	PRJNA1166327	NA	NA	NA	NA	NA	nasal
SRR30825829	Illumina MiSeq sequencing: Targeted AmpSeq of Staphylococcus aureus from human Nasal swab, Wk14, subject id: ff5b0b	SAMN43965019	NA	SRA1981390	NA	NA	NA	NA	PCR	NA	NA	NA	NA	NA	2024-09-28	NA	NA	NA	NA	NA	NA	4296986	NA	NA	NA	NA	NA	NA	ff5b0b-Wk14-Nasal	1617781;1700302	ILLUMINA	NA	NA	NA	fasp.sra.ebi.ac.uk:/vol1/srr/SRR308/029/SRR30825829/SRR30825829	NA	NA	NA	NA	NA	NA	NA	NA	NA	NA	ftp.sra.ebi.ac.uk/vol1/fastq/SRR308/029/SRR30825829/SRR30825829_1.fastq.gz;ftp.sra.ebi.ac.uk/vol1/fastq/SRR308/029/SRR30825829/SRR30825829_2.fastq.gz	NA	NA	NA	NA	NA	NA	USA: Phoenix	Microbe, viral or environmental	ff5b0b-Wk14-Nasal	ftp.sra.ebi.ac.uk/vol1/srr/SRR308/029/SRR30825829/SRR30825829	NA	c2f6b3161fecfef462aed56e51174389;8075766baea0e0a2f2c1fa0ae041f5a2	SRP535378	NA	31365	Amplicon sequencing of Staphylococcus aureus from oral and nasal samples	NA	NA	NA	NA	NA	2022-01-24	NA	ff5b0b-Wk14-Nasal	NA	NA	NA	NA	Illumina MiSeq	NA	NA	NA	NA	NA	NA	Illumina MiSeq sequencing: Targeted AmpSeq of Staphylococcus aureus from human Nasal swab, Wk14, subject id: ff5b0b	NA	NA	NA	9606	NA	NA	3ff6902d0b1413cd28a3aeb1678f29c8	NA	ftp.sra.ebi.ac.uk/vol1/fastq/SRR308/029/SRR30825829/SRR30825829_1.fastq.gz;ftp.sra.ebi.ac.uk/vol1/fastq/SRR308/029/SRR30825829/SRR30825829_2.fastq.gz	NA	NA	NA	NA	9472230	AMPLICON	NA	NA	NA	NA	GENOMIC	ftp.sra.ebi.ac.uk/vol1/srr/SRR308/029/SRR30825829/SRR30825829	NA	PAIRED	NA	NA	NA	NA	NA	NA	NA	NA	NA	dcc_compare	NA	NA	NA	NA	NA	NA	NA	NA	NA	NA	NA	public	NA	NA	fasp.sra.ebi.ac.uk:/vol1/fastq/SRR308/029/SRR30825829/SRR30825829_1.fastq.gz;fasp.sra.ebi.ac.uk:/vol1/fastq/SRR308/029/SRR30825829/SRR30825829_2.fastq.gz	1;131567;2;1783272;1239;91061;1385;90964;1279;1280	NA	NA	ff5b0b-Wk14-Nasal	NA	2022-01-24	NA	NA	8cd1cc_L001_R1_001.fastq.gz	NA	NA	NA	NA	NA	2022-01-24	ff5b0b-Wk14-Nasal	NA	SUB14756112	NA	NA	NA	Homo sapiens	ff5b0b-Wk14-Nasal	pathogen;pathogen:priority;pathogen:bacterium	2024-09-28	NA	NA	SRX26225137	Staphylococcus aureus	NA	1280	PRJNA1166327	NA	NA	NA	NA	NA	NA	Homo sapiens	NA	SRR30825829	SRS22766833	NA	NA	NA	NA	NA	NA	NA	NA	NA	NA	2024-09-28	NA	PRJNA1166327	NA	NA	NA	NA	NA	nasal
SRR30825830	Illumina MiSeq sequencing: Targeted AmpSeq of Staphylococcus aureus from human Nasal swab, Wk12, subject id: ff5b0b	SAMN43965018	NA	SRA1981390	NA	NA	NA	NA	PCR	NA	NA	NA	NA	NA	2024-09-28	NA	NA	NA	NA	NA	NA	4972192	NA	NA	NA	NA	NA	NA	ff5b0b-Wk12-Nasal	1940101;2108934	ILLUMINA	NA	NA	NA	fasp.sra.ebi.ac.uk:/vol1/srr/SRR308/030/SRR30825830/SRR30825830	NA	NA	NA	NA	NA	NA	NA	NA	NA	NA	ftp.sra.ebi.ac.uk/vol1/fastq/SRR308/030/SRR30825830/SRR30825830_1.fastq.gz;ftp.sra.ebi.ac.uk/vol1/fastq/SRR308/030/SRR30825830/SRR30825830_2.fastq.gz	NA	NA	NA	NA	NA	NA	USA: Phoenix	Microbe, viral or environmental	ff5b0b-Wk12-Nasal	ftp.sra.ebi.ac.uk/vol1/srr/SRR308/030/SRR30825830/SRR30825830	NA	54c2a48ce7aea5e74b4a9ea2335ef49d;b8be8119f0f147b37fd69bcb1946ab66	SRP535378	NA	34442	Amplicon sequencing of Staphylococcus aureus from oral and nasal samples	NA	NA	NA	NA	NA	2022-01-10	NA	ff5b0b-Wk12-Nasal	NA	NA	NA	NA	Illumina MiSeq	NA	NA	NA	NA	NA	NA	Illumina MiSeq sequencing: Targeted AmpSeq of Staphylococcus aureus from human Nasal swab, Wk12, subject id: ff5b0b	NA	NA	NA	9606	NA	NA	38f798af2751437328b7c8891f8aabeb	NA	ftp.sra.ebi.ac.uk/vol1/fastq/SRR308/030/SRR30825830/SRR30825830_1.fastq.gz;ftp.sra.ebi.ac.uk/vol1/fastq/SRR308/030/SRR30825830/SRR30825830_2.fastq.gz	NA	NA	NA	NA	10401484	AMPLICON	NA	NA	NA	NA	GENOMIC	ftp.sra.ebi.ac.uk/vol1/srr/SRR308/030/SRR30825830/SRR30825830	NA	PAIRED	NA	NA	NA	NA	NA	NA	NA	NA	NA	dcc_compare	NA	NA	NA	NA	NA	NA	NA	NA	NA	NA	NA	public	NA	NA	fasp.sra.ebi.ac.uk:/vol1/fastq/SRR308/030/SRR30825830/SRR30825830_1.fastq.gz;fasp.sra.ebi.ac.uk:/vol1/fastq/SRR308/030/SRR30825830/SRR30825830_2.fastq.gz	1;131567;2;1783272;1239;91061;1385;90964;1279;1280	NA	NA	ff5b0b-Wk12-Nasal	NA	2022-01-10	NA	NA	f3a61f_L001_R1_001.fastq.gz	NA	NA	NA	NA	NA	2022-01-10	ff5b0b-Wk12-Nasal	NA	SUB14756112	NA	NA	NA	Homo sapiens	ff5b0b-Wk12-Nasal	pathogen;pathogen:priority;pathogen:bacterium	2024-09-28	NA	NA	SRX26225136	Staphylococcus aureus	NA	1280	PRJNA1166327	NA	NA	NA	NA	NA	NA	Homo sapiens	NA	SRR30825830	SRS22766834	NA	NA	NA	NA	NA	NA	NA	NA	NA	NA	2024-09-28	NA	PRJNA1166327	NA	NA	NA	NA	NA	nasal
SRR30825832	Illumina MiSeq sequencing: Targeted AmpSeq of Staphylococcus aureus from human Nasal swab, Wk16, subject id: cf90c5	SAMN43965016	NA	SRA1981390	NA	NA	NA	NA	PCR	NA	NA	NA	NA	NA	2024-09-28	NA	NA	NA	NA	NA	NA	8796693	NA	NA	NA	NA	NA	NA	cf90c5-Wk16-Nasal	3580439;4048982	ILLUMINA	NA	NA	NA	fasp.sra.ebi.ac.uk:/vol1/srr/SRR308/032/SRR30825832/SRR30825832	NA	NA	NA	NA	NA	NA	NA	NA	NA	NA	ftp.sra.ebi.ac.uk/vol1/fastq/SRR308/032/SRR30825832/SRR30825832_1.fastq.gz;ftp.sra.ebi.ac.uk/vol1/fastq/SRR308/032/SRR30825832/SRR30825832_2.fastq.gz	NA	NA	NA	NA	NA	NA	USA: Phoenix	Microbe, viral or environmental	cf90c5-Wk16-Nasal	ftp.sra.ebi.ac.uk/vol1/srr/SRR308/032/SRR30825832/SRR30825832	NA	3fb18123c5a1c27ceaefc1986dab6390;595d25ad01857c365892b05e61ed5bc1	SRP535378	NA	57030	Amplicon sequencing of Staphylococcus aureus from oral and nasal samples	NA	NA	NA	NA	NA	2022-02-07	NA	cf90c5-Wk16-Nasal	NA	NA	NA	NA	Illumina MiSeq	NA	NA	NA	NA	NA	NA	Illumina MiSeq sequencing: Targeted AmpSeq of Staphylococcus aureus from human Nasal swab, Wk16, subject id: cf90c5	NA	NA	NA	9606	NA	NA	b9b536266bac2b2c2bad5d4cd44dd126	NA	ftp.sra.ebi.ac.uk/vol1/fastq/SRR308/032/SRR30825832/SRR30825832_1.fastq.gz;ftp.sra.ebi.ac.uk/vol1/fastq/SRR308/032/SRR30825832/SRR30825832_2.fastq.gz	NA	NA	NA	NA	17223060	AMPLICON	NA	NA	NA	NA	GENOMIC	ftp.sra.ebi.ac.uk/vol1/srr/SRR308/032/SRR30825832/SRR30825832	NA	PAIRED	NA	NA	NA	NA	NA	NA	NA	NA	NA	dcc_compare	NA	NA	NA	NA	NA	NA	NA	NA	NA	NA	NA	public	NA	NA	fasp.sra.ebi.ac.uk:/vol1/fastq/SRR308/032/SRR30825832/SRR30825832_1.fastq.gz;fasp.sra.ebi.ac.uk:/vol1/fastq/SRR308/032/SRR30825832/SRR30825832_2.fastq.gz	1;131567;2;1783272;1239;91061;1385;90964;1279;1280	NA	NA	cf90c5-Wk16-Nasal	NA	2022-02-07	NA	NA	e46989_L001_R1_001.fastq.gz	NA	NA	NA	NA	NA	2022-02-07	cf90c5-Wk16-Nasal	NA	SUB14756112	NA	NA	NA	Homo sapiens	cf90c5-Wk16-Nasal	pathogen;pathogen:priority;pathogen:bacterium	2024-09-28	NA	NA	SRX26225134	Staphylococcus aureus	NA	1280	PRJNA1166327	NA	NA	NA	NA	NA	NA	Homo sapiens	NA	SRR30825832	SRS22766831	NA	NA	NA	NA	NA	NA	NA	NA	NA	NA	2024-09-28	NA	PRJNA1166327	NA	NA	NA	NA	NA	nasal
